Timestamp,Trial_ID,Horizontal_Ratio,Vertical_Ratio,EAR,Eye_Direction,Dwell_Confirmed,Blink_Duration_ms,Input_Source,FSM_State,Wheelchair_Command,Left_PWM,Right_PWM,Fail_Safe_Triggered,FPS
1788177900.110215,logic1,0.4794732966873455,0.262232164944965,0.32184639993780867,UP,False,,GAZE,STOPPED,S,0,0,SERIAL_LOST,81.31332635415455
1788177900.1455915,logic1,0.48028967048743115,0.26680564367539406,0.32313090997953786,UP,False,,GAZE,STOPPED,S,0,0,,28.268266217354675
1788177900.1621487,logic1,0.48165014415741697,0.2641719342719456,0.32387783319069,UP,False,,GAZE,STOPPED,S,0,0,,60.38966798168572
1788177900.1994548,logic1,0.4807564082027499,0.2647207993655441,0.3246785438196651,UP,False,,GAZE,STOPPED,S,0,0,,26.806316986968497
1788177900.2293985,logic1,0.4795094373682872,0.2682305530052961,0.3249165363957375,UP,False,,GAZE,STOPPED,S,0,0,,33.39626727817058
1788177900.2601151,logic1,0.4787827005741312,0.266130227668126,0.3252743816649126,UP,False,,GAZE,STOPPED,S,0,0,,32.55486735279964
1788177900.2948847,logic1,0.4765209437121146,0.2675259694576946,0.3252159747631605,UP,False,,GAZE,STOPPED,S,0,0,,28.761401896716063
1788177900.3256729,logic1,0.4748835162516204,0.26971034457845505,0.32400594341217664,UP,False,,GAZE,STOPPED,S,0,0,,32.47974228720109
1788177900.3608315,logic1,0.47699054523916545,0.2645097154308688,0.32424162709836196,UP,False,,GAZE,STOPPED,S,0,0,,28.442515562909417
1788177900.3964667,logic1,0.47672273739790616,0.26785320728026607,0.3240780756638466,UP,False,,GAZE,STOPPED,S,0,0,,28.06098841915823
1788177900.4309633,logic1,0.4773720838051234,0.2696481259006496,0.32412206477311356,UP,False,,GAZE,STOPPED,S,0,0,,28.98800892937363
1788177900.4606671,logic1,0.479931136970284,0.2661449275555275,0.3238159185666868,UP,False,,GAZE,STOPPED,S,0,0,,33.66593357199043
1788177900.4983141,logic1,0.4829008440815711,0.2729973114928114,0.32523621960357935,UP,False,,GAZE,STOPPED,S,0,0,,26.563712823630745
1788177900.5306602,logic1,0.49450839747117914,0.29219584390452086,0.3274871098839003,UP,False,,GAZE,STOPPED,S,0,0,,30.915486105992482
1788177900.5625997,logic1,0.5065651406753263,0.3127068725969568,0.3296402137853175,UP,False,,GAZE,STOPPED,S,0,0,,31.309421258108582
1788177900.5988128,logic1,0.52053664575308,0.33698673810951585,0.3303732864423522,UP,False,,GAZE,STOPPED,S,0,0,,27.61445275466133
1788177900.6317742,logic1,0.5290944152981838,0.35563234491868617,0.3311290607992627,CENTER,False,,GAZE,STOPPED,S,0,0,,30.338326666714888
1788177900.663815,logic1,0.5292309680478168,0.35740572975484086,0.33054101855991547,CENTER,False,,GAZE,STOPPED,S,0,0,,31.210405690984313
1788177900.7003038,logic1,0.5323790967271542,0.35819869679395244,0.32914768093655344,CENTER,False,,GAZE,STOPPED,S,0,0,,27.40587020726066
1788177900.733155,logic1,0.5329948517263032,0.3586129032349483,0.33178445601641854,CENTER,False,,GAZE,STOPPED,S,0,0,,30.44004964111794
1788177900.7638502,logic1,0.5349822202723971,0.3589061180584283,0.3303800543885894,CENTER,False,,GAZE,STOPPED,S,0,0,,32.578636674330454
1788177900.8003097,logic1,0.539327618490231,0.3599058255098174,0.32825636103201544,CENTER,False,,GAZE,STOPPED,S,0,0,,27.427734400544068
1788177900.8315144,logic1,0.5413698135161651,0.3610801013292035,0.3281668824217057,CENTER,False,,GAZE,STOPPED,S,0,0,,32.04620920975222
1788177900.8634834,logic1,0.5398327860328027,0.3609408906013172,0.32535727487537003,CENTER,False,,GAZE,STOPPED,S,0,0,,31.280467159381594
1788177900.8995395,logic1,0.5405424994971387,0.36298396117562803,0.32388814806797384,CENTER,False,,GAZE,STOPPED,S,0,0,,27.73441953038729
1788177900.9317946,logic1,0.5411642972341395,0.3626704372393713,0.3245681334210844,CENTER,False,,GAZE,STOPPED,S,0,0,,31.00255009646017
1788177900.9634275,logic1,0.5381510882418322,0.36195660479287395,0.3238256201482004,CENTER,False,,GAZE,STOPPED,S,0,0,,31.61241794104568
1788177901.0000408,logic1,0.539664706895073,0.3646948344414884,0.3230435964007064,CENTER,False,,GAZE,STOPPED,S,0,0,,27.313246029316957
1788177901.0317137,logic1,0.5382362106109921,0.35990660992140733,0.3252187902787186,CENTER,False,,GAZE,STOPPED,S,0,0,,31.57244047663854
1788177901.0639944,logic1,0.5348531657524233,0.35461500119867057,0.32472136513287175,CENTER,False,,GAZE,STOPPED,S,0,0,,30.97736320061448
1788177901.100052,logic1,0.5337312378121272,0.3514598114389532,0.3241795409889328,CENTER,False,,GAZE,STOPPED,S,0,0,,27.734052753036703
1788177901.1318865,logic1,0.5320707750816697,0.343840773578367,0.3262991793764458,CENTER,False,,GAZE,STOPPED,S,0,0,,31.41188981921124
1788177901.163876,logic1,0.5310396374521336,0.3444605435474122,0.325716401123356,CENTER,False,,GAZE,STOPPED,S,0,0,,31.26041752066362
1788177901.199671,logic1,0.5309470169943512,0.3466094290135302,0.32598212145198,CENTER,False,,GAZE,STOPPED,S,0,0,,27.936697394362444
1788177901.2318735,logic1,0.5303750245569789,0.3483352155097309,0.328759863875953,CENTER,False,,GAZE,STOPPED,S,0,0,,31.054196529052895
1788177901.2635858,logic1,0.5277015568355513,0.34985168629515906,0.32859393440162227,CENTER,False,,GAZE,STOPPED,S,0,0,,31.533038124093135
1788177901.2993634,logic1,0.5280130856344565,0.3466705926341187,0.3279073408588773,CENTER,False,,GAZE,STOPPED,S,0,0,,27.95028754589739
1788177901.3323796,logic1,0.5274740342617203,0.34507152808253644,0.3288330350830816,CENTER,False,,GAZE,STOPPED,S,0,0,,30.288594578200147
1788177901.363729,logic1,0.5256192463344197,0.3439274469387956,0.32710574127199443,CENTER,False,,GAZE,STOPPED,S,0,0,,31.898516225691882
1788177901.4005456,logic1,0.5271138224320475,0.3429893944255034,0.32636868547182274,CENTER,False,,GAZE,STOPPED,S,0,0,,27.16201479102177
1788177901.4326124,logic1,0.5249156151757532,0.34456824480591247,0.3282027660985387,CENTER,False,,GAZE,STOPPED,S,0,0,,31.185111935582206
1788177901.464103,logic1,0.5233169635186123,0.3438530142298619,0.3276399147388078,CENTER,False,,GAZE,STOPPED,S,0,0,,31.754582276564335
1788177901.4997919,logic1,0.5252715254446462,0.3419360405605515,0.32728890197200344,CENTER,False,,GAZE,STOPPED,S,0,0,,28.020308909197798
1788177901.531874,logic1,0.5239455991365736,0.34211754990643195,0.328120094200934,CENTER,False,,GAZE,STOPPED,S,0,0,,31.170048007609875
1788177901.56351,logic1,0.5231143985103319,0.34193433492726716,0.3261791102018754,CENTER,False,,GAZE,STOPPED,S,0,0,,31.60908261927909
1788177901.5995939,logic1,0.5250885028773578,0.3423309461918522,0.3251064866673462,CENTER,False,,GAZE,STOPPED,S,0,0,,27.712979358828658
1788177901.6318192,logic1,0.523097450073974,0.34364364374584444,0.3273312148583371,CENTER,False,,GAZE,STOPPED,S,0,0,,31.031910092408314
1788177901.6637363,logic1,0.5230742319609013,0.3453134701433314,0.327065991622474,CENTER,False,,GAZE,STOPPED,S,0,0,,31.331640123106343
1788177901.6999252,logic1,0.5249577725024236,0.34569723686286813,0.3252187032990498,CENTER,False,,GAZE,STOPPED,S,0,0,,27.631917360598713
1788177901.7316244,logic1,0.522299796659556,0.34717427326165984,0.32672030633265425,CENTER,False,,GAZE,STOPPED,S,0,0,,31.546794028054606
1788177901.7631605,logic1,0.5238190831956391,0.3484692176985631,0.3243919632895375,CENTER,False,,GAZE,STOPPED,S,0,0,,31.70944939632427
1788177901.7999918,logic1,0.5248503987996275,0.34808900940577503,0.3223511545630327,CENTER,False,,GAZE,STOPPED,S,0,0,,27.151113412739512
1788177901.8316367,logic1,0.524089198840181,0.34872785418040364,0.3260460756612693,CENTER,False,,GAZE,STOPPED,S,0,0,,31.601461668864193
1788177901.863477,logic1,0.5261888027916398,0.35032757748918747,0.3251807316736024,CENTER,False,,GAZE,STOPPED,S,0,0,,31.406244852115314
1788177901.8998318,logic1,0.52412984219196,0.35630905862017015,0.3241632423291061,CENTER,False,,GAZE,STOPPED,S,0,0,,27.50687950053121
1788177901.931919,logic1,0.522446633442268,0.3629735978633527,0.32580600331449383,CENTER,False,,GAZE,STOPPED,S,0,0,,31.164489620019914
1788177901.9632843,logic1,0.5200375870679953,0.36985909726546295,0.32431684743926525,CENTER,False,,GAZE,STOPPED,S,0,0,,31.88178598032807
1788177902.0004241,logic1,0.5190839378383515,0.3738596236220104,0.3244960408931428,CENTER,False,,GAZE,STOPPED,S,0,0,,26.92609022218513
1788177902.032428,logic1,0.5191122611269744,0.37269183530518624,0.32711720369371217,CENTER,False,,GAZE,STOPPED,S,0,0,,31.245746297565482
1788177902.0639117,logic1,0.5168649164098706,0.3717123254375253,0.327070923953109,CENTER,False,,GAZE,STOPPED,S,0,0,,31.762036742544716
1788177902.1006484,logic1,0.5188562570002159,0.37021079073659335,0.3269301134825087,CENTER,False,,GAZE,STOPPED,S,0,0,,27.22124583014239
1788177902.132253,logic1,0.5168210426285564,0.37006013026013707,0.32695960967700266,CENTER,False,,GAZE,STOPPED,S,0,0,,31.64079662039831
1788177902.1640952,logic1,0.5157568542508634,0.37086228745673844,0.32381841298654646,CENTER,False,,GAZE,STOPPED,S,0,0,,31.405304221513397
1788177902.2008243,logic1,0.5020041269522123,0.3757183239884143,0.3230102771235526,CENTER,False,,GAZE,STOPPED,S,0,0,,27.226016682353706
1788177902.2327147,logic1,0.48226225583859983,0.37733005512371365,0.32138683287308734,CENTER,False,,GAZE,STOPPED,S,0,0,,31.357641095419304
1788177902.2639594,logic1,0.4618361555573308,0.3778358151067182,0.316838708839666,CENTER,False,,GAZE,STOPPED,S,0,0,,32.005616219887216
1788177902.299704,logic1,0.44282640184333977,0.3765617413353052,0.31210354541392393,CENTER,False,,GAZE,STOPPED,S,0,0,,27.975641478853042
1788177902.331159,logic1,0.43613679283768214,0.3657177027090239,0.3000397278396837,CENTER,False,,GAZE,STOPPED,S,0,0,,31.79188963844463
1788177902.3636224,logic1,0.43613679283768214,0.3657177027090239,0.26547435269134345,CENTER,False,,GAZE,STOPPED,S,0,0,,30.804004083401267
1788177902.4001284,logic1,0.43613679283768214,0.3657177027090239,0.22614832378656202,CENTER,False,,GAZE,STOPPED,S,0,0,,27.393162002416485
1788177902.4322135,logic1,0.43613679283768214,0.3657177027090239,0.19818535114874172,CENTER,False,,GAZE,STOPPED,S,0,0,,31.166573783038707
1788177902.4635324,logic1,0.4399827543747469,0.3491782967268089,0.18708607319145354,CENTER,False,,GAZE,STOPPED,S,0,0,,31.929598587099672
1788177902.4995148,logic1,0.44744872840004757,0.33741460551490554,0.20368967057782314,UP,False,,GAZE,STOPPED,S,0,0,,27.791387547127304
1788177902.5321143,logic1,0.45081255654490954,0.33311077117916066,0.23569096272781495,UP,False,,GAZE,STOPPED,S,0,0,,30.675813647334163
1788177902.5640533,logic1,0.4557231925000962,0.3357512512356509,0.25945461370635486,UP,False,,GAZE,STOPPED,S,0,0,,31.309421258108582
1788177902.5998635,logic1,0.45156912342248956,0.3544340949689768,0.2750350027580125,CENTER,False,,GAZE,STOPPED,S,0,0,,27.92479360852197
1788177902.6321197,logic1,0.4459580168072112,0.36843894273076694,0.28914156186052126,CENTER,False,,GAZE,STOPPED,S,0,0,,31.00209178733249
1788177902.6633656,logic1,0.44231418240553255,0.37858850275204176,0.2953005064324522,CENTER,False,,GAZE,STOPPED,S,0,0,,32.00390672689537
1788177902.6996937,logic1,0.44093666272594373,0.3877744124004057,0.30091855351248126,CENTER,False,,GAZE,STOPPED,S,0,0,,27.52709851020542
1788177902.7316906,logic1,0.44167756650512074,0.391928376928754,0.3066627806197544,CENTER,False,,GAZE,STOPPED,S,0,0,,31.252963749487723
1788177902.7635734,logic1,0.4403256675602858,0.39525898576721197,0.30742452376591345,CENTER,False,,GAZE,STOPPED,S,0,0,,31.364910339051495
1788177902.7970576,logic1,0.43974284536310065,0.39747845959757766,0.3082923932709316,CENTER,False,,GAZE,STOPPED,S,0,0,,29.86502613178394
1788177902.83179,logic1,0.43654940492239125,0.39740718741796477,0.30965056578232286,CENTER,False,,GAZE,STOPPED,S,0,0,,28.79121361889072
1788177902.86392,logic1,0.43429709521365517,0.3964535066677309,0.30913258930807885,CENTER,False,,GAZE,STOPPED,S,0,0,,31.123788605096394
1788177902.8998907,logic1,0.43399139453872576,0.39983724763367506,0.3097100296739794,CENTER,False,,GAZE,STOPPED,S,0,0,,27.800413595630733
1788177902.9317067,logic1,0.43396037130417336,0.39898941861870885,0.31175772460366336,CENTER,False,,GAZE,STOPPED,S,0,0,,31.43024998501289
1788177902.9639924,logic1,0.43485686649189914,0.3990196603366658,0.3120567239509353,CENTER,False,,GAZE,STOPPED,S,0,0,,30.97370306096075
1788177902.999806,logic1,0.43319218701251416,0.39999170151263,0.3115630109192299,CENTER,False,,GAZE,STOPPED,S,0,0,,27.922005125986086
1788177903.03173,logic1,0.4328286436636447,0.39657345455616605,0.3135798843463478,CENTER,False,,GAZE,STOPPED,S,0,0,,31.324620233311926
1788177903.0637429,logic1,0.43075626981430715,0.39645685387340024,0.31272371083204775,CENTER,False,,GAZE,STOPPED,S,0,0,,31.23760156698021
1788177903.0997458,logic1,0.4307576972237973,0.3978223568331696,0.3119886197399763,CENTER,False,,GAZE,STOPPED,S,0,0,,27.775192207086995
1788177903.1315742,logic1,0.4311688027945645,0.3977373449349269,0.3124348070601516,CENTER,False,,GAZE,STOPPED,S,0,0,,31.418713529142977
1788177903.1623135,logic1,0.4309065356353594,0.397937135876539,0.31200538005226874,CENTER,False,,GAZE,STOPPED,S,0,0,,32.53113269010021
1788177903.2000165,logic1,0.432886858743166,0.39891352538029123,0.3123431167860634,CENTER,False,,GAZE,STOPPED,S,0,0,,26.523733036538633
1788177903.232042,logic1,0.4328900874943302,0.40012126131493664,0.31408374402368533,CENTER,False,,GAZE,STOPPED,S,0,0,,31.22504373720454
1788177903.2635667,logic1,0.43304016462261913,0.4032713290357347,0.3141796773049639,CENTER,False,,GAZE,STOPPED,S,0,0,,31.72144029404869
1788177903.2990122,logic1,0.432376412162763,0.40642627731778236,0.31305249700635474,CENTER,False,,GAZE,STOPPED,S,0,0,,28.21141558039738
1788177903.331297,logic1,0.4332622416329888,0.40922411438331363,0.3139519382043364,CENTER,False,,GAZE,STOPPED,S,0,0,,30.974618014784618
1788177903.3644164,logic1,0.43292266520953787,0.4109582407228376,0.3131989652138616,CENTER,False,,GAZE,STOPPED,S,0,0,,30.19374716549207
1788177903.400108,logic1,0.43291848258258064,0.4110718604812378,0.31255434212072086,CENTER,False,,GAZE,STOPPED,S,0,0,,28.017875632093308
1788177903.4310725,logic1,0.43488697634725837,0.408772625001324,0.31474217290144135,CENTER,False,,GAZE,STOPPED,S,0,0,,32.29567574226931
1788177903.4640832,logic1,0.4345119606586567,0.4046440763507171,0.31311613601470456,CENTER,False,,GAZE,STOPPED,S,0,0,,30.292969709225904
1788177903.4992113,logic1,0.43471492994348404,0.40480094939832023,0.3123985911363383,CENTER,False,,GAZE,STOPPED,S,0,0,,28.466645400804936
1788177903.5302606,logic1,0.43680466798481,0.40135220398012106,0.31366086582277797,CENTER,False,,GAZE,STOPPED,S,0,0,,32.20714280229442
1788177903.5639715,logic1,0.4384760165612396,0.4005826651607575,0.31054508725639546,CENTER,False,,GAZE,STOPPED,S,0,0,,29.6641559341693
1788177903.5989323,logic1,0.4386895768979553,0.4031496137771271,0.3106436952544338,CENTER,False,,GAZE,STOPPED,S,0,0,,28.60350800621948
1788177903.6295815,logic1,0.44112956793083424,0.39878653389155244,0.3119743487595984,CENTER,False,,GAZE,STOPPED,S,0,0,,32.62704098698591
1788177903.6629505,logic1,0.44072982507224934,0.3989496304824187,0.3101644020769893,CENTER,False,,GAZE,STOPPED,S,0,0,,29.96851890223426
1788177903.699189,logic1,0.4398052466952592,0.3987574679977654,0.3116282113126779,CENTER,False,,GAZE,STOPPED,S,0,0,,27.59446834826774
1788177903.7314923,logic1,0.4396424250543862,0.3976926968926305,0.3129524177911538,CENTER,False,,GAZE,STOPPED,S,0,0,,30.95724313033723
1788177903.7636063,logic1,0.43819280799232097,0.3984944446121938,0.3111998555711392,CENTER,False,,GAZE,STOPPED,S,0,0,,31.138807842787887
1788177903.799786,logic1,0.4394701516022312,0.3985662469905057,0.3133986294515484,CENTER,False,,GAZE,STOPPED,S,0,0,,27.639747214149683
1788177903.8312602,logic1,0.4404529600038831,0.39949485930147777,0.31351643030646514,CENTER,False,,GAZE,STOPPED,S,0,0,,31.77166058145348
1788177903.864398,logic1,0.440427611584056,0.4004802763507383,0.31178353051325297,CENTER,False,,GAZE,STOPPED,S,0,0,,30.178105550958737
1788177903.8997343,logic1,0.44030182258073114,0.4015153083787516,0.31224538013627195,CENTER,False,,GAZE,STOPPED,S,0,0,,28.29897310645418
1788177903.9306717,logic1,0.4405535114764593,0.40173129419760734,0.3108580983113459,CENTER,False,,GAZE,STOPPED,S,0,0,,32.322305706469386
1788177903.9643753,logic1,0.43820637777439914,0.40179294756794054,0.30927549902129103,CENTER,False,,GAZE,STOPPED,S,0,0,,29.671500728646414
1788177904.000225,logic1,0.43903537582955443,0.4005147490385037,0.3096065627503407,CENTER,False,,GAZE,STOPPED,S,0,0,,27.893779885214176
1788177904.031634,logic1,0.43996966697339746,0.3992344581196565,0.31056601986173005,CENTER,False,,GAZE,STOPPED,S,0,0,,31.837982677870638
1788177904.0640388,logic1,0.437343374085005,0.3990268848179659,0.30981492481976314,CENTER,False,,GAZE,STOPPED,S,0,0,,30.859530886724155
1788177904.0997016,logic1,0.43575119338213464,0.3997582454883082,0.3098713560628333,CENTER,False,,GAZE,STOPPED,S,0,0,,28.040727642249248
1788177904.1317394,logic1,0.43436458570691494,0.4018098355731726,0.31013995550192686,CENTER,False,,GAZE,STOPPED,S,0,0,,31.21296055128482
1788177904.1641865,logic1,0.4306267807864846,0.40443376775597917,0.30777941181851665,CENTER,False,,GAZE,STOPPED,S,0,0,,30.819848483735147
1788177904.1998854,logic1,0.42971577945728684,0.4053547891858508,0.3072781363917608,CENTER,False,,GAZE,STOPPED,S,0,0,,28.01170074932881
1788177904.2326663,logic1,0.43076175862831323,0.4072840002789364,0.3090054242992928,CENTER,False,,GAZE,STOPPED,S,0,0,,30.505582102361576
1788177904.2636073,logic1,0.4287482892111122,0.4068099070038429,0.3080593653274585,CENTER,False,,GAZE,STOPPED,S,0,0,,32.31981506453477
1788177904.2996173,logic1,0.4300483336466689,0.4073318705280501,0.3087154550362843,CENTER,False,,GAZE,STOPPED,S,0,0,,27.770226965756507
1788177904.332471,logic1,0.42987657461307216,0.4110086833377757,0.3102357727233899,CENTER,False,,GAZE,STOPPED,S,0,0,,30.437398857773164
1788177904.3640518,logic1,0.42945833805953726,0.4101483632243379,0.30839100559002697,CENTER,False,,GAZE,STOPPED,S,0,0,,31.66659620088787
1788177904.4000068,logic1,0.42997273069103126,0.4099309710923843,0.3088658662569733,CENTER,False,,GAZE,STOPPED,S,0,0,,27.811658300787077
1788177904.4318814,logic1,0.4294855386427928,0.4114466237673775,0.31032533644328447,CENTER,False,,GAZE,STOPPED,S,0,0,,31.372652270500325
1788177904.4635286,logic1,0.4289820240074266,0.4098346824774116,0.3092198134633235,CENTER,False,,GAZE,STOPPED,S,0,0,,31.59812865849524
1788177904.4998708,logic1,0.42927605662308094,0.4127768193501199,0.3106769307337294,CENTER,False,,GAZE,STOPPED,S,0,0,,27.516082686592622
1788177904.5316703,logic1,0.43095043736531935,0.41426473012546394,0.3098497670035365,CENTER,False,,GAZE,STOPPED,S,0,0,,31.4474526710403
1788177904.5634022,logic1,0.43166277760753297,0.411499780457929,0.3089067347421554,CENTER,False,,GAZE,STOPPED,S,0,0,,31.513847356004028
1788177904.5999436,logic1,0.4358837271942894,0.4066126250076606,0.30548880082497065,CENTER,False,,GAZE,STOPPED,S,0,0,,27.366352396176556
1788177904.6315868,logic1,0.44163765240426645,0.3962549313079834,0.3027423050045352,CENTER,False,,GAZE,STOPPED,S,0,0,,31.601699767939483
1788177904.6637225,logic1,0.4473868509450069,0.38910107526515614,0.30235679151034767,CENTER,False,,GAZE,STOPPED,S,0,0,,31.118708452041787
1788177904.6999202,logic1,0.452616674472054,0.3867705577159578,0.30125013813832247,CENTER,False,,GAZE,STOPPED,S,0,0,,27.625729453453296
1788177904.73151,logic1,0.455796460804189,0.38747859761453174,0.30531584452603533,CENTER,False,,GAZE,STOPPED,S,0,0,,31.655841264330512
1788177904.7641602,logic1,0.4570697141373704,0.39012947587811253,0.30760228263788597,CENTER,False,,GAZE,STOPPED,S,0,0,,30.628324400110994
1788177904.7996068,logic1,0.459215829582853,0.3934882005105977,0.30840655379874515,CENTER,False,,GAZE,STOPPED,S,0,0,,28.211225828148645
1788177904.8317978,logic1,0.4649619522572962,0.3926585210551742,0.3101770825768978,CENTER,False,,GAZE,STOPPED,S,0,0,,31.063626197018287
1788177904.8641744,logic1,0.4689793103905892,0.3909761035684224,0.3099164823400179,CENTER,False,,GAZE,STOPPED,S,0,0,,30.888393021526046
1788177904.8994105,logic1,0.4732705931458513,0.39350574466143323,0.31020774327732503,CENTER,False,,GAZE,STOPPED,S,0,0,,28.37920092019351
1788177904.9316208,logic1,0.47601579573157665,0.3927387053857196,0.3116746631109142,CENTER,False,,GAZE,STOPPED,S,0,0,,31.046381145538795
1788177904.96309,logic1,0.4740962862290927,0.3923312938357221,0.31062617413455756,CENTER,False,,GAZE,STOPPED,S,0,0,,31.776715431878962
1788177905.000005,logic1,0.47515808375766133,0.39410772066410626,0.31001199472071606,CENTER,False,,GAZE,STOPPED,S,0,0,,27.08886233732683
1788177905.0317795,logic1,0.4750626110580083,0.3938379092293255,0.31060819414815977,CENTER,False,,GAZE,STOPPED,S,0,0,,31.471993156800803
1788177905.0637197,logic1,0.4729389067988702,0.39112570405484737,0.30978934098992644,CENTER,False,,GAZE,STOPPED,S,0,0,,31.30918754292198
1788177905.0994902,logic1,0.470046502536115,0.39107180288296867,0.3101209461948108,CENTER,False,,GAZE,STOPPED,S,0,0,,27.955503715799647
1788177905.1323752,logic1,0.4674833461323604,0.39123037113480885,0.31232941845252893,CENTER,False,,GAZE,STOPPED,S,0,0,,30.40915253499989
1788177905.1613555,logic1,0.46510528068159296,0.3895559817911926,0.31158376373299934,CENTER,False,,GAZE,STOPPED,S,0,0,,34.5062524680795
1788177905.200464,logic1,0.4637594449010638,0.3916958585707359,0.3116619886542288,CENTER,False,,GAZE,STOPPED,S,0,0,,25.570035115099493
1788177905.2316778,logic1,0.4640023874989152,0.3925455257971565,0.31373003786704856,CENTER,False,,GAZE,STOPPED,S,0,0,,32.03739716924205
1788177905.2634223,logic1,0.4627003775887251,0.3894293008603583,0.3130110723380334,CENTER,False,,GAZE,STOPPED,S,0,0,,31.50106648241055
1788177905.2993495,logic1,0.4621068383022966,0.3890135171675593,0.313084247403419,CENTER,False,,GAZE,STOPPED,S,0,0,,27.833990311234984
1788177905.3319793,logic1,0.4615358242901443,0.38936408412135975,0.3144169076838011,CENTER,False,,GAZE,STOPPED,S,0,0,,30.647123295678732
1788177905.3635986,logic1,0.46532739156936587,0.3900155346512372,0.31251074587082217,CENTER,False,,GAZE,STOPPED,S,0,0,,31.62552780793823
1788177905.4001238,logic1,0.467257407585498,0.3932911581404007,0.31134002185709103,CENTER,False,,GAZE,STOPPED,S,0,0,,27.37849957897348
1788177905.4317222,logic1,0.4670470998249691,0.39613930843252865,0.31293456190790647,CENTER,False,,GAZE,STOPPED,S,0,0,,31.647003787707305
1788177905.463399,logic1,0.46828901236320886,0.3964161691291246,0.3123613114613294,CENTER,False,,GAZE,STOPPED,S,0,0,,31.56840077071291
1788177905.5010777,logic1,0.46529450079371343,0.3984229268666072,0.31230458073895495,CENTER,False,,GAZE,STOPPED,S,0,0,,26.540852485572543
1788177905.5319963,logic1,0.4647779801064152,0.3995025515247753,0.31338203289332467,CENTER,False,,GAZE,STOPPED,S,0,0,,32.34324226370864
1788177905.5635598,logic1,0.47159920478129147,0.3981652117165785,0.3091701269572229,CENTER,False,,GAZE,STOPPED,S,0,0,,31.68166539516123
1788177905.59552,logic1,0.5011805532530615,0.39215074775762826,0.3045884240915955,CENTER,False,,GAZE,STOPPED,S,0,0,,31.289334497086887
1788177905.6322203,logic1,0.5534266352551768,0.3815023526920286,0.3002867492341865,CENTER,False,,GAZE,STOPPED,S,0,0,,27.248125771454557
1788177905.6642284,logic1,0.6383431951492684,0.3783926253444622,0.2956062693211454,CENTER,False,,GAZE,STOPPED,S,0,0,,31.241789755163758
1788177905.6998696,logic1,0.730237399973336,0.37863250071969695,0.293249764719294,LEFT,False,,GAZE,STOPPED,S,0,0,,28.05685884957824
1788177905.7320461,logic1,0.7964015378171437,0.38629528596075596,0.2959723718554139,LEFT,False,,GAZE,STOPPED,S,0,0,,31.07881769748883
1788177905.7637262,logic1,0.8402123262812444,0.39613254791270525,0.2990193280487089,LEFT,False,,GAZE,STOPPED,S,0,0,,31.565549835937265
1788177905.79977,logic1,0.8519292412672643,0.4000437337292193,0.30203062330354935,LEFT,False,,GAZE,STOPPED,S,0,0,,27.755709228071336
1788177905.8308418,logic1,0.8491578500234447,0.4037894323596328,0.30883232035252706,LEFT,False,,GAZE,STOPPED,S,0,0,,32.16811491943215
1788177905.863749,logic1,0.845963223689338,0.40392691494489885,0.310602576058858,LEFT,False,,GAZE,STOPPED,S,0,0,,30.388662676964543
1788177905.899513,logic1,0.8456077377286717,0.40400229087602124,0.3111574656722449,LEFT,False,,GAZE,STOPPED,S,0,0,,27.96072183298113
1788177905.931889,logic1,0.8435271124761052,0.4042925913090771,0.31364737697353035,LEFT,False,,GAZE,STOPPED,S,0,0,,30.886800789419425
1788177905.96107,logic1,0.8434863726958357,0.4042504880963839,0.31159089071034013,LEFT,False,,GAZE,STOPPED,S,0,0,,34.26802944516614
1788177906.0003335,logic1,0.8458242988667597,0.4066407520358886,0.31052086707700105,LEFT,False,,GAZE,STOPPED,S,0,0,,25.470192804007894
1788177906.0329401,logic1,0.8435233189805489,0.40741887859926795,0.3133812348766086,LEFT,False,,GAZE,STOPPED,S,0,0,,30.6693087840654
1788177906.063198,logic1,0.8449053822995847,0.40705964847043674,0.31289783904801105,LEFT,False,,GAZE,STOPPED,S,0,0,,33.04709302783665
1788177906.0990949,logic1,0.8434572860254067,0.4041427608652485,0.31330599942688186,LEFT,False,,GAZE,STOPPED,S,0,0,,27.857468302305346
1788177906.1323235,logic1,0.8418840604536741,0.40100891802525174,0.31501104588969353,LEFT,False,,GAZE,STOPPED,S,0,0,,30.09452468591027
1788177906.1645122,logic1,0.8439614792389664,0.40291965634902055,0.31326851255352833,LEFT,False,,GAZE,STOPPED,S,0,0,,31.06707750651813
1788177906.199807,logic1,0.8398767604960107,0.4029652203737867,0.3112215786040684,LEFT,False,,GAZE,STOPPED,S,0,0,,28.33319147498902
1788177906.232243,logic1,0.8380994723211905,0.4022354492842515,0.31128577616156095,LEFT,False,,GAZE,STOPPED,S,0,0,,30.829589556627074
1788177906.2636063,logic1,0.8375645063498849,0.40292952503586915,0.30926428361943514,LEFT,False,,GAZE,STOPPED,S,0,0,,31.88445194493223
1788177906.2999458,logic1,0.8394991086266075,0.39968824058851476,0.3080429171684097,LEFT,False,,GAZE,STOPPED,S,0,0,,27.51861012879141
1788177906.3320198,logic1,0.84232900243257,0.3973527872907111,0.30945457566836726,LEFT,False,,GAZE,STOPPED,S,0,0,,31.17746227607225
1788177906.3639445,logic1,0.843011335229046,0.3988465449025803,0.30809853693590467,LEFT,False,,GAZE,STOPPED,S,0,0,,31.323216632811565
1788177906.4000218,logic1,0.8482231976558064,0.39859604004376653,0.3091752227852152,LEFT,False,,GAZE,STOPPED,S,0,0,,27.71847367794975
1788177906.431804,logic1,0.8471198120442259,0.4013160756230795,0.31087048146721225,LEFT,False,,GAZE,STOPPED,S,0,0,,31.464674198436633
1788177906.4638786,logic1,0.8451684081387107,0.40339879472114004,0.3093683331723285,LEFT,False,,GAZE,STOPPED,S,0,0,,31.17676703857046
1788177906.496936,logic1,0.8493095748774444,0.4032399806885718,0.3101482555946584,LEFT,False,,GAZE,STOPPED,S,0,0,,30.250802374306712
1788177906.5330985,logic1,0.8442201081463828,0.4050417690550618,0.3099689231204348,LEFT,False,,GAZE,STOPPED,S,0,0,,27.653596882767534
1788177906.5638433,logic1,0.844233407383638,0.40407921077015907,0.30884397563677213,LEFT,False,,GAZE,STOPPED,S,0,0,,32.52558276594755
1788177906.5998454,logic1,0.8459400474779726,0.40333377420685523,0.3097599390579247,LEFT,False,,GAZE,STOPPED,S,0,0,,27.77666373070377
1788177906.6324286,logic1,0.8447972867726615,0.40561925011135513,0.3103671300845029,LEFT,False,,GAZE,STOPPED,S,0,0,,30.68995441474533
1788177906.6640997,logic1,0.8462481309439246,0.40577974844409476,0.3091938280037555,LEFT,False,,GAZE,STOPPED,S,0,0,,31.573866502058852
1788177906.7001958,logic1,0.8461237691558303,0.403719637127042,0.3096265011613414,LEFT,False,,GAZE,STOPPED,S,0,0,,27.703461030383092
1788177906.7317455,logic1,0.8441269529136353,0.4035040768019731,0.31117168500416537,LEFT,False,,GAZE,STOPPED,S,0,0,,31.696748938228314
1788177906.7638333,logic1,0.8414217087628925,0.4012479000326188,0.3093753246861295,LEFT,False,,GAZE,STOPPED,S,0,0,,31.164952743268145
1788177906.7998507,logic1,0.8434689557033657,0.40084894749091815,0.31066858463805874,LEFT,False,,GAZE,STOPPED,S,0,0,,27.763976964321177
1788177906.8318899,logic1,0.8421939878106265,0.40434474566798495,0.3111332728989878,LEFT,False,,GAZE,STOPPED,S,0,0,,31.210870179929458
1788177906.8640313,logic1,0.8415163411443428,0.4052963106606522,0.309804903654586,LEFT,False,,GAZE,STOPPED,S,0,0,,31.11293756351579
1788177906.8996587,logic1,0.8450798116288063,0.40622982733165275,0.31089836944334354,LEFT,False,,GAZE,STOPPED,S,0,0,,28.067560694879415
1788177906.9315174,logic1,0.833244064025189,0.4075571563746547,0.31171537287449214,LEFT,False,,GAZE,STOPPED,S,0,0,,31.389322117615365
1788177906.963693,logic1,0.7774282863166366,0.40632678647650916,0.3128884014147886,LEFT,False,,GAZE,STOPPED,S,0,0,,31.07996917422491
1788177907.0004387,logic1,0.692719880634479,0.40973780587727837,0.31818942789168086,LEFT,False,,GAZE,STOPPED,S,0,0,,27.213827826944538
1788177907.0315545,logic1,0.5928546124620189,0.41323842128135296,0.32437574156119725,CENTER,False,,GAZE,STOPPED,S,0,0,,32.138044119562636
1788177907.0636725,logic1,0.5049273958615716,0.4143614701170212,0.32796582124892615,CENTER,False,,GAZE,STOPPED,S,0,0,,31.135340578419147
1788177907.0994325,logic1,0.4652509455234125,0.41751407661910417,0.3313830435718765,CENTER,False,,GAZE,STOPPED,S,0,0,,27.964450252355203
1788177907.132044,logic1,0.45703646227711636,0.41557358381060006,0.33203057978279804,CENTER,False,,GAZE,STOPPED,S,0,0,,30.663479182658918
1788177907.1627414,logic1,0.459268428269244,0.41454458537049504,0.33040950797347524,CENTER,False,,GAZE,STOPPED,S,0,0,,32.57661240213744
1788177907.2000558,logic1,0.4578995468503143,0.41445831546406114,0.3301459918299767,CENTER,False,,GAZE,STOPPED,S,0,0,,26.798952143632995
1788177907.2315133,logic1,0.4549898625287567,0.41229250402623113,0.3297263454380368,CENTER,False,,GAZE,STOPPED,S,0,0,,31.788998196177108
1788177907.2632873,logic1,0.4517971636919088,0.41191918630822727,0.3288034240519504,CENTER,False,,GAZE,STOPPED,S,0,0,,31.47270162379566
1788177907.3001025,logic1,0.44880345978667435,0.4101305756806588,0.32937751562579526,CENTER,False,,GAZE,STOPPED,S,0,0,,27.162366594135325
1788177907.3318777,logic1,0.45006867006910406,0.4077194721939325,0.33072466472437095,CENTER,False,,GAZE,STOPPED,S,0,0,,31.471048583755394
1788177907.3637319,logic1,0.4511205294953273,0.40766958229349637,0.32980144421797564,CENTER,False,,GAZE,STOPPED,S,0,0,,31.392846183208963
1788177907.3994117,logic1,0.44916978739800795,0.40849658945362666,0.3278433950427981,CENTER,False,,GAZE,STOPPED,S,0,0,,28.027798567304608
1788177907.4312336,logic1,0.4479699686626434,0.4061691589148603,0.327594326514011,CENTER,False,,GAZE,STOPPED,S,0,0,,31.423421263588484
1788177907.4634924,logic1,0.4433505904607732,0.40542221433482073,0.32596216200999484,CENTER,False,,GAZE,STOPPED,S,0,0,,31.00140434904726
1788177907.4999857,logic1,0.44126460351428487,0.40509803501606256,0.32551969232678307,CENTER,False,,GAZE,STOPPED,S,0,0,,27.401394142510895
1788177907.532004,logic1,0.4416045733846242,0.4028612602340997,0.3278132418958668,CENTER,False,,GAZE,STOPPED,S,0,0,,31.231786501459464
1788177907.5630915,logic1,0.43971662907209225,0.4052583957641551,0.3267371854217803,CENTER,False,,GAZE,STOPPED,S,0,0,,32.16712809933201
1788177907.5998828,logic1,0.44229040152946375,0.4066231954042027,0.32734745714177205,CENTER,False,,GAZE,STOPPED,S,0,0,,27.180849064551456
1788177907.6314864,logic1,0.4438379127735232,0.4080695716552044,0.32858487274974935,CENTER,False,,GAZE,STOPPED,S,0,0,,31.641035312577795
1788177907.6635404,logic1,0.44403037694730135,0.4119058248514188,0.32750753246880593,CENTER,False,,GAZE,STOPPED,S,0,0,,31.197637660569907
1788177907.6998188,logic1,0.44730718964308325,0.41095125396381693,0.3284721335225643,CENTER,False,,GAZE,STOPPED,S,0,0,,27.56527053937
1788177907.7320118,logic1,0.44748688269110704,0.40660559526932816,0.3276777384874779,CENTER,False,,GAZE,STOPPED,S,0,0,,31.062015848330002
1788177907.763489,logic1,0.44564676594565317,0.4021217242791145,0.32601391459479206,CENTER,False,,GAZE,STOPPED,S,0,0,,31.769494709255206
1788177907.7996454,logic1,0.4451290126653412,0.3956807367454906,0.3261171969253671,CENTER,False,,GAZE,STOPPED,S,0,0,,27.657061468869927
1788177907.830774,logic1,0.4420587536979669,0.39287671569237614,0.3255660543886617,CENTER,False,,GAZE,STOPPED,S,0,0,,32.1249980852009
1788177907.864162,logic1,0.4405386357236869,0.39434130511158827,0.32489119234479047,CENTER,False,,GAZE,STOPPED,S,0,0,,29.951398558952278
1788177907.899578,logic1,0.4409852584712566,0.39404624935074645,0.3255038035007577,CENTER,False,,GAZE,STOPPED,S,0,0,,28.23591504257969
1788177907.9316313,logic1,0.4418361753754506,0.39572771496745063,0.3251313664042043,CENTER,False,,GAZE,STOPPED,S,0,0,,31.198101769549467
1788177907.964313,logic1,0.46282018253839846,0.39479210871602044,0.32073726457694635,CENTER,False,,GAZE,STOPPED,S,0,0,,30.59771372712086
1788177907.9994822,logic1,0.5035363086027369,0.3823881556284894,0.310363733414471,CENTER,False,,GAZE,STOPPED,S,0,0,,28.433260571877923
1788177908.0320249,logic1,0.5864145231365331,0.3664684564451653,0.30558826338753653,CENTER,False,,GAZE,STOPPED,S,0,0,,30.72975309546487
1788177908.0634346,logic1,0.6796444302528483,0.35669703298058403,0.2997210023387187,LEFT,False,,GAZE,STOPPED,S,0,0,,31.837499335818006
1788177908.0998023,logic1,0.7643890353350082,0.3507920338720337,0.30069527243650906,LEFT,False,,GAZE,STOPPED,S,0,0,,27.496420610987283
1788177908.131739,logic1,0.8283876807696113,0.35968673447263977,0.3084321886656557,LEFT,False,,GAZE,STOPPED,S,0,0,,31.31269363713055
1788177908.163879,logic1,0.8474792895404433,0.36666335462339594,0.310272153096244,LEFT,False,,GAZE,STOPPED,S,0,0,,31.113860761841178
1788177908.200063,logic1,0.8570892093047009,0.3709762452946795,0.31385787137395316,LEFT,False,,GAZE,STOPPED,S,0,0,,27.639565074135092
1788177908.2319336,logic1,0.8532875051845439,0.37459782324661,0.31652049731061455,LEFT,False,,GAZE,STOPPED,S,0,0,,31.372417610363964
1788177908.2634737,logic1,0.8521148785274426,0.3699405553735726,0.31883591540104145,LEFT,False,,GAZE,STOPPED,S,0,0,,31.70561422340482
1788177908.2995698,logic1,0.8522636547741702,0.3730638818918679,0.319109100974689,LEFT,False,,GAZE,STOPPED,S,0,0,,27.703461030383092
1788177908.3312051,logic1,0.8521070122889974,0.37093667034423533,0.3199880988502097,LEFT,False,,GAZE,STOPPED,S,0,0,,31.610750192183048
1788177908.3637204,logic1,0.855415818994275,0.36653029561123285,0.3192636338063478,LEFT,False,,GAZE,STOPPED,S,0,0,,30.754764296555923
1788177908.399485,logic1,0.8574100760767158,0.37021533288222447,0.3175347439306707,LEFT,False,,GAZE,STOPPED,S,0,0,,27.960535438109968
1788177908.431954,logic1,0.8591894073428272,0.3703083052232719,0.31748936657085897,LEFT,False,,GAZE,STOPPED,S,0,0,,30.79880162133584
1788177908.4640355,logic1,0.8610938277358667,0.3676900866600048,0.31679973105134984,LEFT,False,,GAZE,STOPPED,S,0,0,,31.170742945473734
1788177908.4995632,logic1,0.8610857978995989,0.36929976965312816,0.3154089122026049,LEFT,False,,GAZE,STOPPED,S,0,0,,28.147424368507235
1788177908.5319846,logic1,0.860684382466149,0.36727315445748043,0.31692197655390275,LEFT,False,,GAZE,STOPPED,S,0,0,,30.843418856214196
1788177908.5637097,logic1,0.8607852204676378,0.3624238052123598,0.31671765930787676,LEFT,False,,GAZE,STOPPED,S,0,0,,31.520478559511822
1788177908.5997896,logic1,0.8582635002401825,0.36291298904616404,0.3158344241825067,LEFT,False,,GAZE,STOPPED,S,0,0,,27.716275688891827
1788177908.631562,logic1,0.8559005704399015,0.3631499494117611,0.31872171842727715,LEFT,False,,GAZE,STOPPED,S,0,0,,31.473882473004508
1788177908.664105,logic1,0.8559355510474578,0.36077769308635704,0.31716598387857686,LEFT,False,,GAZE,STOPPED,S,0,0,,30.728402297503223
1788177908.699344,logic1,0.8558943182679943,0.3629996057682041,0.3174613194806467,LEFT,False,,GAZE,STOPPED,S,0,0,,28.37766486471858
1788177908.7319393,logic1,0.8562198654857995,0.3641858114636527,0.31826101244693017,LEFT,False,,GAZE,STOPPED,S,0,0,,30.67917931463263
1788177908.7637289,logic1,0.8561002798849711,0.36359902975211017,0.3153107709486015,LEFT,False,,GAZE,STOPPED,S,0,0,,31.45783051203396
1788177908.7997875,logic1,0.8572158692435421,0.36606680697326666,0.3152632457011525,LEFT,False,,GAZE,STOPPED,S,0,0,,27.73185229263777
1788177908.831987,logic1,0.8539995290394335,0.3689948728881434,0.31514381225782995,LEFT,False,,GAZE,STOPPED,S,0,0,,31.057185803881495
1788177908.8636637,logic1,0.8553181588344058,0.3715345839217855,0.3144340706083363,LEFT,False,,GAZE,STOPPED,S,0,0,,31.56840077071291
1788177908.9001534,logic1,0.8578692371325343,0.37080831652024226,0.3146619523684997,LEFT,False,,GAZE,STOPPED,S,0,0,,27.405333002280344
1788177908.9316363,logic1,0.853291115187484,0.36906652889121333,0.31652002809398916,LEFT,False,,GAZE,STOPPED,S,0,0,,31.76251779601975
1788177908.963938,logic1,0.8484920793999402,0.36700189505179936,0.31741409759049344,LEFT,False,,GAZE,STOPPED,S,0,0,,30.958614123013557
1788177908.9998841,logic1,0.8437662777843931,0.36814581088353593,0.3181503787566121,LEFT,False,,GAZE,STOPPED,S,0,0,,27.819405846029355
1788177909.0317698,logic1,0.8392577448041417,0.37039742509336426,0.31980656275461217,LEFT,False,,GAZE,STOPPED,S,0,0,,31.36209603852308
1788177909.0637069,logic1,0.8413876109479961,0.37290338543330825,0.320153744133165,LEFT,False,,GAZE,STOPPED,S,0,0,,31.311057362118905
1788177909.0994768,logic1,0.8438698095184295,0.37698991824241285,0.31953879227714843,LEFT,False,,GAZE,STOPPED,S,0,0,,27.95662171980084
1788177909.1318557,logic1,0.8439425555030754,0.3758482699006547,0.31931591027590583,LEFT,False,,GAZE,STOPPED,S,0,0,,30.884526456857575
1788177909.1631458,logic1,0.8298771413016658,0.37866868910222923,0.31950965229768663,LEFT,False,,GAZE,STOPPED,S,0,0,,31.959280396833257
1788177909.1996613,logic1,0.7573772595027647,0.386656894658224,0.3189872579837426,LEFT,False,,GAZE,STOPPED,S,0,0,,27.38547121273456
1788177909.232011,logic1,0.6596533395805619,0.3932280112489052,0.32328468419847084,LEFT,False,,GAZE,STOPPED,S,0,0,,30.912524045016692
1788177909.2617772,logic1,0.536813971932185,0.3923732599889125,0.32585883519989106,CENTER,False,,GAZE,STOPPED,S,0,0,,33.595014777851645
1788177909.2999706,logic1,0.40220832665085504,0.38667083335837404,0.3249642629691216,CENTER,False,,GAZE,STOPPED,S,0,0,,26.182163211545785
1788177909.3310323,logic1,0.3068847787847953,0.3746862632050129,0.32649876095137853,RIGHT,False,,GAZE,STOPPED,S,0,0,,32.19379351104902
1788177909.361172,logic1,0.23309957948879806,0.3690297058895784,0.32879620855816644,RIGHT,False,,GAZE,STOPPED,S,0,0,,33.17910990871264
1788177909.3976226,logic1,0.18055739471605475,0.3796090862286506,0.32817130430606944,RIGHT,False,,GAZE,STOPPED,S,0,0,,27.434192797247622
1788177909.4256911,logic1,0.15573135655117334,0.39086616064426183,0.33217706799007074,RIGHT,False,,GAZE,STOPPED,S,0,0,,35.626769954726534
1788177909.4617767,logic1,0.14671738134126866,0.4022417300690501,0.337216734895473,RIGHT,False,,GAZE,STOPPED,S,0,0,,27.712063850733056
1788177909.4998865,logic1,0.14557434991945825,0.41054440037671946,0.3357680125465746,RIGHT,False,,GAZE,STOPPED,S,0,0,,26.23981982545591
1788177909.5290127,logic1,0.1481600083957409,0.40793916686747134,0.3401608000857844,RIGHT,False,,GAZE,STOPPED,S,0,0,,34.3325447952393
1788177909.5580246,logic1,0.14837355582210576,0.4069921224372308,0.34200761630063337,RIGHT,False,,GAZE,STOPPED,S,0,0,,34.46938741966766
1788177909.592573,logic1,0.14824930127573266,0.4086566867322452,0.3376240468319617,RIGHT,False,,GAZE,STOPPED,S,0,0,,28.944998826825667
1788177909.6276298,logic1,0.1478589929542802,0.4051852637357987,0.33659148298704505,RIGHT,False,,GAZE,STOPPED,S,0,0,,28.52433641859864
1788177909.6595962,logic1,0.14553127344502934,0.4055946998799058,0.338501958864845,RIGHT,False,,GAZE,STOPPED,S,0,0,,31.2837334884727
1788177909.6981196,logic1,0.1464446624638563,0.40727959272092246,0.3361452060484971,RIGHT,False,,GAZE,STOPPED,S,0,0,,25.958224769307893
1788177909.730769,logic1,0.1553435226897557,0.40574199172742903,0.3386434239614958,RIGHT,False,,GAZE,STOPPED,S,0,0,,30.62854806084372
1788177909.762622,logic1,0.16885207567746224,0.40034532043862153,0.34217840144746703,RIGHT,False,,GAZE,STOPPED,S,0,0,,31.394021047589106
1788177909.7989483,logic1,0.18154622782812324,0.3994493473578477,0.339109411315728,RIGHT,False,,GAZE,STOPPED,S,0,0,,27.528724542369766
1788177909.8297923,logic1,0.18787020535267482,0.3982838716567955,0.34239307170046507,RIGHT,False,,GAZE,STOPPED,S,0,0,,32.42074344327554
1788177909.8636324,logic1,0.1888965760307064,0.39328564689827195,0.3454746049240303,RIGHT,False,,GAZE,STOPPED,S,0,0,,29.551503536904995
1788177909.8999295,logic1,0.18135588139760558,0.3985696843983944,0.3426579518023017,RIGHT,False,,GAZE,STOPPED,S,0,0,,27.55024237726777
1788177909.9315958,logic1,0.17591398299202676,0.3998925358694716,0.3435123441985602,RIGHT,False,,GAZE,STOPPED,S,0,0,,31.579096364225
1788177909.964486,logic1,0.1739861484968255,0.40090986080438434,0.34473381159763083,RIGHT,False,,GAZE,STOPPED,S,0,0,,30.404743782122377
1788177910.0002277,logic1,0.17037097119189143,0.4047601122318113,0.34149518329849504,RIGHT,False,,GAZE,STOPPED,S,0,0,,27.978440685201985
1788177910.0314634,logic1,0.16867916362676322,0.4050714567239053,0.34446166502472647,RIGHT,False,,GAZE,STOPPED,S,0,0,,32.013922069991985
1788177910.0639641,logic1,0.16406106224298025,0.40584163850962585,0.34477014741405004,RIGHT,False,,GAZE,STOPPED,S,0,0,,30.76852653354656
1788177910.0996122,logic1,0.1611947206370503,0.40393418886580695,0.33996783923947194,RIGHT,False,,GAZE,STOPPED,S,0,0,,28.052167631990798
1788177910.1316907,logic1,0.1577282246355927,0.4056001301433525,0.3398869066426836,RIGHT,False,,GAZE,STOPPED,S,0,0,,31.173523006830326
1788177910.1639173,logic1,0.15440266321306803,0.40339235325782674,0.3403350064519759,RIGHT,False,,GAZE,STOPPED,S,0,0,,31.030532600412823
1788177910.1999707,logic1,0.15674960086591777,0.39986527861339366,0.3386468458214543,RIGHT,False,,GAZE,STOPPED,S,0,0,,27.7368038196511
1788177910.2316763,logic1,0.1569249013278769,0.39902791329256226,0.34084853580501157,RIGHT,False,,GAZE,STOPPED,S,0,0,,31.539677407226378
1788177910.2634978,logic1,0.15504775044393615,0.39772720732678923,0.3422263438606422,RIGHT,False,,GAZE,STOPPED,S,0,0,,31.425069303963436
1788177910.2995129,logic1,0.15915954905877272,0.4007827261617527,0.3379393183540945,RIGHT,False,,GAZE,STOPPED,S,0,0,,27.76673397107014
1788177910.3317065,logic1,0.1581507384667871,0.40165251366426347,0.3380949718650393,RIGHT,False,,GAZE,STOPPED,S,0,0,,31.061325750001853
1788177910.3633318,logic1,0.15622768204641635,0.4057547713342712,0.3379448668983969,RIGHT,False,,GAZE,STOPPED,S,0,0,,31.621236109226338
1788177910.3995664,logic1,0.15614493279373365,0.4115686966596361,0.3345710695421308,RIGHT,False,,GAZE,STOPPED,S,0,0,,27.597554957527585
1788177910.4315274,logic1,0.15210469777200658,0.4127473451610205,0.336614148178003,RIGHT,False,,GAZE,STOPPED,S,0,0,,31.288167454906233
1788177910.463478,logic1,0.15071085565588418,0.41738744381129805,0.33792880061323166,RIGHT,False,,GAZE,STOPPED,S,0,0,,31.297739771514703
1788177910.4981413,logic1,0.15295434883549394,0.41781876138207785,0.3350045875023587,RIGHT,False,,GAZE,STOPPED,S,0,0,,28.84903843508405
1788177910.5318513,logic1,0.15613856927529784,0.4152706156406748,0.3361345021730442,RIGHT,False,,GAZE,STOPPED,S,0,0,,29.664995155210093
1788177910.56318,logic1,0.15618861753972724,0.4144797330672766,0.3362519528352467,RIGHT,False,,GAZE,STOPPED,S,0,0,,31.92036469075107
1788177910.5995245,logic1,0.15681441191240375,0.41380497195118693,0.33306278890079427,RIGHT,False,,GAZE,STOPPED,S,0,0,,27.514097164823344
1788177910.6316934,logic1,0.15597065380733954,0.4127102592096008,0.3346033561408037,RIGHT,False,,GAZE,STOPPED,S,0,0,,31.08687982686293
1788177910.6633978,logic1,0.1528724610475195,0.41351607179464317,0.3358557671636149,RIGHT,False,,GAZE,STOPPED,S,0,0,,31.54015174871976
1788177910.6995583,logic1,0.15541114988710994,0.4147971826243105,0.33422455103640025,RIGHT,False,,GAZE,STOPPED,S,0,0,,27.65505555006099
1788177910.7317052,logic1,0.15499356050321478,0.41605828146138696,0.3356921183445885,RIGHT,False,,GAZE,STOPPED,S,0,0,,31.10670740751728
1788177910.763327,logic1,0.1531092525033538,0.41840438901951305,0.33869936680733875,RIGHT,False,,GAZE,STOPPED,S,0,0,,31.623858675573583
1788177910.7995539,logic1,0.15323595534277995,0.41762754256850465,0.3376446722317469,RIGHT,False,,GAZE,STOPPED,S,0,0,,27.603548582409772
1788177910.8324456,logic1,0.15260232530840373,0.41936273214688824,0.3395741547817839,RIGHT,False,,GAZE,STOPPED,S,0,0,,30.403201020615267
1788177910.8633084,logic1,0.15065688891478132,0.4214155101923248,0.34243507816918783,RIGHT,False,,GAZE,STOPPED,S,0,0,,32.40095789880262
1788177910.8994074,logic1,0.15251966341012657,0.4191493928384536,0.33986815661294967,RIGHT,False,,GAZE,STOPPED,S,0,0,,27.701997252456938
1788177910.931428,logic1,0.1535320906358365,0.42179095567825786,0.34037810992755446,RIGHT,False,,GAZE,STOPPED,S,0,0,,31.230158671064682
1788177910.964107,logic1,0.15248919049996695,0.4181767235643464,0.3418638867414876,RIGHT,False,,GAZE,STOPPED,S,0,0,,30.600615761749815
1788177911.000069,logic1,0.157194433948234,0.41104166442492474,0.3391532546859076,RIGHT,False,,GAZE,STOPPED,S,0,0,,27.806864363518233
1788177911.0311964,logic1,0.15669552493763622,0.40809389495657883,0.3400957467781084,RIGHT,False,,GAZE,STOPPED,S,0,0,,32.126228390664615
1788177911.0607395,logic1,0.15672110829808106,0.40095279539172324,0.34047595325225577,RIGHT,False,,GAZE,STOPPED,S,0,0,,33.84850783607986
1788177911.1011186,logic1,0.15874010626924706,0.3998871282907617,0.3383470875136909,RIGHT,False,,GAZE,STOPPED,S,0,0,,24.765465484969976
1788177911.1320088,logic1,0.15653529903046537,0.40030756207727075,0.34039966043856684,RIGHT,False,,GAZE,STOPPED,S,0,0,,32.372698995855295
1788177911.163473,logic1,0.15701624584458268,0.4004132950161376,0.3413000645238269,RIGHT,False,,GAZE,STOPPED,S,0,0,,31.78201271491464
1788177911.200696,logic1,0.15998315706871288,0.4002763193332578,0.33950515678353327,RIGHT,False,,GAZE,STOPPED,S,0,0,,26.865037630104084
1788177911.2311075,logic1,0.160548958384406,0.39965070604585395,0.3389092430651369,RIGHT,False,,GAZE,STOPPED,S,0,0,,32.88205964439148
1788177911.2633617,logic1,0.15947196347862458,0.3971017614521495,0.33888831537204633,RIGHT,False,,GAZE,STOPPED,S,0,0,,31.00415428512293
1788177911.3000407,logic1,0.16122064429133717,0.39829711987561583,0.33604583303203917,RIGHT,False,,GAZE,STOPPED,S,0,0,,27.263180473853552
1788177911.3299828,logic1,0.16132440446896673,0.39904151030854773,0.3373948494530258,RIGHT,False,,GAZE,STOPPED,S,0,0,,33.39786281910404
1788177911.3628964,logic1,0.15833393464917178,0.398719719874008,0.33985370099404477,RIGHT,False,,GAZE,STOPPED,S,0,0,,30.382279012828594
1788177911.3988502,logic1,0.16011232352287164,0.40043664022824915,0.3384506221511699,RIGHT,False,,GAZE,STOPPED,S,0,0,,27.81350256298035
1788177911.428172,logic1,0.15784524195035987,0.398775192601697,0.3403382526188145,RIGHT,False,,GAZE,STOPPED,S,0,0,,34.103359677366896
1788177911.4631116,logic1,0.15484208144897693,0.3986038763673513,0.3418794800781215,RIGHT,False,,GAZE,STOPPED,S,0,0,,28.621465225461296
1788177911.5003057,logic1,0.1561645722343441,0.398111298738999,0.33855888275531704,RIGHT,False,,GAZE,STOPPED,S,0,0,,26.886219407443495
1788177911.5319066,logic1,0.15601699048467077,0.39655904867577907,0.3385259610481258,RIGHT,False,,GAZE,STOPPED,S,0,0,,31.64437738126674
1788177911.5631456,logic1,0.15435344465241346,0.39685665174888013,0.33776705220117886,RIGHT,False,,GAZE,STOPPED,S,0,0,,32.01196736450852
1788177911.598723,logic1,0.15514649791937551,0.39705937233725325,0.33354304467454865,RIGHT,False,,GAZE,STOPPED,S,0,0,,28.10800088459399
1788177911.6309388,logic1,0.15504127463856282,0.39423792461271,0.3338042055024609,RIGHT,False,,GAZE,STOPPED,S,0,0,,31.039947900478072
1788177911.663082,logic1,0.153539707012736,0.39284618444760355,0.3332562175941465,RIGHT,False,,GAZE,STOPPED,S,0,0,,31.110629807371364
1788177911.698803,logic1,0.1544055775339006,0.393555649915258,0.3306115043919997,RIGHT,False,,GAZE,STOPPED,S,0,0,,27.994873985476293
1788177911.7314725,logic1,0.15441554396297777,0.3923707303211773,0.3319638622062023,RIGHT,False,,GAZE,STOPPED,S,0,0,,30.61021872240427
1788177911.7634885,logic1,0.15050904621887068,0.39365842434606235,0.33290667842245614,RIGHT,False,,GAZE,STOPPED,S,0,0,,31.23411226784624
1788177911.7991474,logic1,0.1515547262102801,0.39661886023381665,0.33195515422046185,RIGHT,False,,GAZE,STOPPED,S,0,0,,28.043727392470064
1788177911.8309991,logic1,0.15397905799082293,0.39382115605890056,0.3339732579009369,RIGHT,False,,GAZE,STOPPED,S,0,0,,31.39519599991018
1788177911.8635802,logic1,0.15264106559880036,0.3929705286392382,0.3345734495975665,RIGHT,False,,GAZE,STOPPED,S,0,0,,30.692873973685366
1788177911.899226,logic1,0.15612780361493944,0.3947460464187911,0.3323251731211267,RIGHT,False,,GAZE,STOPPED,S,0,0,,28.053668650926358
1788177911.9315434,logic1,0.15705334608446753,0.3930403360905258,0.33181249895120724,RIGHT,False,,GAZE,STOPPED,S,0,0,,30.94285503504242
1788177911.9637659,logic1,0.15383816304762982,0.3931134086211948,0.33310877184991944,RIGHT,False,,GAZE,STOPPED,S,0,0,,31.045002368545713
1788177911.9994807,logic1,0.15272534348159056,0.39314469947617037,0.3311808840319269,RIGHT,False,,GAZE,STOPPED,S,0,0,,27.990390262132294
1788177912.0311458,logic1,0.15258394215201476,0.39058248923887245,0.33266054260456074,RIGHT,False,,GAZE,STOPPED,S,0,0,,31.5807607746288
1788177912.06328,logic1,0.14910950589306943,0.3908819245271076,0.33639755969803325,RIGHT,False,,GAZE,STOPPED,S,0,0,,31.11963199287728
1788177912.0963278,logic1,0.14975070676009156,0.39062228414177386,0.33450862061871434,RIGHT,False,,GAZE,STOPPED,S,0,0,,30.259532071769197
1788177912.1312027,logic1,0.1513725067354218,0.39150359469655044,0.33676382225125184,RIGHT,False,,GAZE,STOPPED,S,0,0,,28.67351207973858
1788177912.1624835,logic1,0.14910351269050282,0.392277667156662,0.3383448081458444,RIGHT,False,,GAZE,STOPPED,S,0,0,,31.968049511063008
1788177912.1985044,logic1,0.1507525121546624,0.39232937781573163,0.33428151224774505,RIGHT,False,,GAZE,STOPPED,S,0,0,,27.762323023054165
1788177912.2310042,logic1,0.15140349401368686,0.3920917860434471,0.3352497078061407,RIGHT,False,,GAZE,STOPPED,S,0,0,,30.769429405636984
1788177912.263517,logic1,0.1496540292664749,0.39243730393004084,0.3359551687435204,RIGHT,False,,GAZE,STOPPED,S,0,0,,30.757470649057325
1788177912.2983325,logic1,0.15064786004052633,0.39317758298278105,0.3335680233160728,RIGHT,False,,GAZE,STOPPED,S,0,0,,28.72220776552763
1788177912.3322382,logic1,0.15074969394011467,0.3955031366405005,0.3349727443831382,RIGHT,True,,GAZE,TURN_RIGHT,R,19,10,,29.49352722363249
1788177912.3617418,logic1,0.1497891827555911,0.39605765994973474,0.33509469807592107,RIGHT,True,,GAZE,TURN_RIGHT,R,35,19,,33.89528296550108
1788177912.40013,logic1,0.15115900865827675,0.39486143309134486,0.3318348432930953,RIGHT,True,,GAZE,TURN_RIGHT,R,50,26,,26.049474266053053
1788177912.4310784,logic1,0.15367658887759386,0.39320160912139623,0.3319122800944022,RIGHT,True,,GAZE,TURN_RIGHT,R,62,33,,32.31110083968878
1788177912.4639862,logic1,0.15276799424616477,0.3926220373292485,0.3335209344005058,RIGHT,True,,GAZE,TURN_RIGHT,R,73,39,,30.38822233814409
1788177912.4982648,logic1,0.155218509512968,0.396416522269686,0.33084886621580245,RIGHT,True,,GAZE,TURN_RIGHT,R,83,44,,29.17269344461833
1788177912.531859,logic1,0.15527596521058645,0.3981563730753369,0.3323931886129744,RIGHT,True,,GAZE,TURN_RIGHT,R,91,49,,29.767103843751773
1788177912.5633478,logic1,0.15476722958165814,0.39924047141571617,0.3349355077896383,RIGHT,True,,GAZE,TURN_RIGHT,R,98,53,,31.757707916893814
1788177912.5992875,logic1,0.15859511926182968,0.3992986452807585,0.3310191819982852,RIGHT,True,,GAZE,TURN_RIGHT,R,105,56,,27.824388690610448
1788177912.6314454,logic1,0.159073877521126,0.3953885570439888,0.3323028855863869,RIGHT,True,,GAZE,TURN_RIGHT,R,111,59,,31.096329356988754
1788177912.6636584,logic1,0.15939948492814657,0.3955887665503038,0.3337301275042552,RIGHT,True,,GAZE,TURN_RIGHT,R,115,62,,31.0427046790118
1788177912.6994967,logic1,0.15800028064600224,0.39622223288590214,0.33205424516064097,RIGHT,True,,GAZE,TURN_RIGHT,R,120,64,,27.903058203662926
1788177912.7306895,logic1,0.15609580443680499,0.3950688800548262,0.3329207276148918,RIGHT,True,,GAZE,TURN_RIGHT,R,124,66,,32.05894627420107
1788177912.7634537,logic1,0.1535395373176911,0.3973581326347138,0.334576725899022,RIGHT,True,,GAZE,TURN_RIGHT,R,127,68,,30.52112091862352
1788177912.7981517,logic1,0.15240521850425148,0.39932215881354804,0.3340418896300861,RIGHT,True,,GAZE,TURN_RIGHT,R,130,69,,28.821087205986437
1788177912.8292434,logic1,0.1531253252162244,0.40113087175432316,0.33208265934761516,RIGHT,True,,GAZE,TURN_RIGHT,R,132,71,,32.16120844994824
1788177912.8611288,logic1,0.1514742546266598,0.40218775428374265,0.33395592421155307,RIGHT,True,,GAZE,TURN_RIGHT,R,135,72,,31.36303408258184
1788177912.8988311,logic1,0.15050101519729034,0.4030589271224485,0.33171114605748825,RIGHT,True,,GAZE,TURN_RIGHT,R,136,73,,26.52322985765507
1788177912.9312253,logic1,0.15208828891982712,0.40225238136319336,0.3296694053864279,RIGHT,True,,GAZE,TURN_RIGHT,R,138,74,,30.87066027806605
1788177912.9612098,logic1,0.15069759820222975,0.4004858953630525,0.3335644751469188,RIGHT,True,,GAZE,TURN_RIGHT,R,140,74,,33.34979764167071
1788177912.9969757,logic1,0.15182001847116133,0.39884271422570383,0.33204994923432424,RIGHT,True,,GAZE,TURN_RIGHT,R,141,75,,27.95960350102991
1788177913.0302348,logic1,0.15303045195917675,0.4016946696713822,0.33365476302672736,RIGHT,True,,GAZE,TURN_RIGHT,R,142,76,,30.067341950006092
1788177913.0633168,logic1,0.15156291779346887,0.4054445616240045,0.3381447633416651,RIGHT,True,,GAZE,TURN_RIGHT,R,143,76,,30.227257331056002
1788177913.0984986,logic1,0.15219745856431016,0.4122034631601279,0.33614624613765787,RIGHT,True,,GAZE,TURN_RIGHT,R,144,77,,28.42401160190293
1788177913.1307018,logic1,0.15119660809321855,0.42006436078651976,0.3384563385320011,RIGHT,True,,GAZE,TURN_RIGHT,R,145,77,,31.053046961182805
1788177913.1631072,logic1,0.1503973772958707,0.4201607458771956,0.3406850230545695,RIGHT,True,,GAZE,TURN_RIGHT,R,145,78,,30.859757936945886
1788177913.1992807,logic1,0.15262495757549627,0.42006094353727036,0.33766347913139283,RIGHT,True,,GAZE,TURN_RIGHT,R,146,78,,27.64430149481954
1788177913.2309937,logic1,0.15269588162455155,0.42116824074400894,0.3372936051858704,RIGHT,True,,GAZE,TURN_RIGHT,R,146,78,,31.532801058535192
1788177913.2626917,logic1,0.15226120496415857,0.41877843425639977,0.33862196920485466,RIGHT,True,,GAZE,TURN_RIGHT,R,147,78,,31.547268583634818
1788177913.2993586,logic1,0.15345253433577943,0.4186625530463028,0.3343859952236685,RIGHT,True,,GAZE,TURN_RIGHT,R,147,79,,27.27257594673325
1788177913.3306174,logic1,0.15419793933410217,0.41858725769762817,0.3344894227698221,RIGHT,True,,GAZE,TURN_RIGHT,R,148,79,,31.991213350825273
1788177913.3627415,logic1,0.15405161061288095,0.4168667101321835,0.3365967508705078,RIGHT,True,,GAZE,TURN_RIGHT,R,148,79,,31.12933248229898
1788177913.3994455,logic1,0.15614719823985135,0.41732902900839636,0.3340057047365096,RIGHT,True,,GAZE,TURN_RIGHT,R,148,79,,27.244762876017383
1788177913.4308493,logic1,0.15590071146399523,0.4207579964162837,0.3363232340375067,RIGHT,True,,GAZE,TURN_RIGHT,R,148,79,,31.843542166479395
1788177913.4627776,logic1,0.15314004098571693,0.42140097999489323,0.3393009940051638,RIGHT,True,,GAZE,TURN_RIGHT,R,149,79,,31.320175929867005
1788177913.4983726,logic1,0.15479433144165092,0.4244497615299855,0.33661859960715235,RIGHT,True,,GAZE,TURN_RIGHT,R,149,79,,28.093504266634515
1788177913.5314035,logic1,0.15396768596456656,0.42672651156239405,0.3359153227365625,RIGHT,True,,GAZE,TURN_RIGHT,R,149,79,,30.274821172071807
1788177913.562775,logic1,0.15389052921577695,0.4243677843540304,0.33607929126633074,RIGHT,True,,GAZE,TURN_RIGHT,R,149,79,,31.87693991396738
1788177913.595398,logic1,0.15439667718740316,0.42327912400928486,0.332544713409189,RIGHT,True,,GAZE,TURN_RIGHT,R,149,80,,30.652274637336937
1788177913.6317654,logic1,0.15397056972502352,0.4212156445371107,0.3327616510061595,RIGHT,True,,GAZE,TURN_RIGHT,R,149,80,,27.50705989598704
1788177913.6627154,logic1,0.1513279781205757,0.4199983076062979,0.3363898065305229,RIGHT,True,,GAZE,TURN_RIGHT,R,149,80,,32.296670465395636
1788177913.6983194,logic1,0.15176483253432535,0.41867051353137913,0.33479365729024635,RIGHT,True,,GAZE,TURN_RIGHT,R,149,80,,28.086731755661805
1788177913.7315328,logic1,0.15080702521153996,0.4211529609507771,0.33558944584586226,RIGHT,True,,GAZE,TURN_RIGHT,R,150,80,,30.107918368518906
1788177913.7634823,logic1,0.14793068164135098,0.4204575108669433,0.33890861930843585,RIGHT,True,,GAZE,TURN_RIGHT,R,150,80,,31.30007537144691
1788177913.7994366,logic1,0.1514788631084966,0.41663923272181486,0.33521039257132645,RIGHT,True,,GAZE,TURN_RIGHT,R,150,80,,27.812580401310292
1788177913.8319154,logic1,0.1540319037400879,0.4150272150206016,0.33559453404043305,RIGHT,True,,GAZE,TURN_RIGHT,R,150,80,,30.789758045572
1788177913.8628252,logic1,0.1539952266680525,0.40782362571995645,0.3361597323386609,RIGHT,True,,GAZE,TURN_RIGHT,R,150,80,,32.35272247633887
1788177913.8997426,logic1,0.1566993694966932,0.40264775278279863,0.33313907335801485,RIGHT,True,,GAZE,TURN_RIGHT,R,150,80,,27.087462784885336
1788177913.9300725,logic1,0.156667784946045,0.4022411694922057,0.3337518355033854,RIGHT,True,,GAZE,TURN_RIGHT,R,150,80,,32.9696817249267
1788177913.9629307,logic1,0.15279253955353805,0.3994819590078542,0.3354703239207172,RIGHT,True,,GAZE,TURN_RIGHT,R,150,80,,30.434086027747142
1788177913.9993162,logic1,0.1550628200819525,0.40095024749023733,0.3339248948388118,RIGHT,True,,GAZE,TURN_RIGHT,R,150,80,,27.48362830988592
1788177914.0309463,logic1,0.15421485994347667,0.400027159507246,0.3341091177090607,RIGHT,True,,GAZE,TURN_RIGHT,R,150,80,,31.615753966758376
1788177914.0622327,logic1,0.1515456820974767,0.3983813970707734,0.3349032534073999,RIGHT,True,,GAZE,TURN_RIGHT,R,150,80,,31.96220290031777
1788177914.0986009,logic1,0.15392849339659515,0.39823367370770124,0.33214430510964377,RIGHT,True,,GAZE,TURN_RIGHT,R,150,80,,27.496781129947948
1788177914.1307125,logic1,0.1540792446698172,0.3957750907251597,0.3310933171972095,RIGHT,True,,GAZE,TURN_RIGHT,R,150,80,,31.14158221034265
1788177914.1636302,logic1,0.15286599938007353,0.39617262141622495,0.3323994433678664,RIGHT,True,,GAZE,TURN_RIGHT,R,150,80,,30.37875813916432
1788177914.199504,logic1,0.15541810921708282,0.3939663331109311,0.33056550347081615,RIGHT,True,,GAZE,TURN_RIGHT,R,150,80,,27.875797532964697
1788177914.231326,logic1,0.1559896693449808,0.3945541220233417,0.33102690409298585,RIGHT,True,,GAZE,TURN_RIGHT,R,150,80,,31.42365668734454
1788177914.262619,logic1,0.15084038440658054,0.3949828543086904,0.33478008479133875,RIGHT,True,,GAZE,TURN_RIGHT,R,150,80,,31.957332358072946
1788177914.2996826,logic1,0.1524850542081435,0.39576592109463393,0.3331559613816022,RIGHT,True,,GAZE,TURN_RIGHT,R,150,80,,26.98012980914582
1788177914.3305411,logic1,0.1538669954768014,0.3975152153820268,0.3343388196438223,RIGHT,True,,GAZE,TURN_RIGHT,R,150,80,,32.40671575482705
1788177914.3626504,logic1,0.15207499979940897,0.3946175142497423,0.3365633861063062,RIGHT,True,,GAZE,TURN_RIGHT,R,150,80,,31.142507109391822
1788177914.3989058,logic1,0.15676369659963504,0.3978404485002859,0.3342384231238491,RIGHT,True,,GAZE,TURN_RIGHT,R,150,80,,27.582128812489312
1788177914.4314916,logic1,0.15905745257127185,0.3955022619579129,0.33398963576947904,RIGHT,True,,GAZE,TURN_RIGHT,R,150,80,,30.688382574593557
1788177914.4625702,logic1,0.15310930558070743,0.39666325669843744,0.33679346525871173,RIGHT,True,,GAZE,TURN_RIGHT,R,150,80,,32.17650533551203
1788177914.4988656,logic1,0.152151401539139,0.39942024176926383,0.33472485053801726,RIGHT,True,,GAZE,TURN_RIGHT,R,150,80,,27.55187114488974
1788177914.5314295,logic1,0.15269671414402045,0.39555195447120406,0.3341020088299023,RIGHT,True,,GAZE,TURN_RIGHT,R,150,80,,30.70882906364628
1788177914.5632613,logic1,0.14955916156610607,0.3953480949343665,0.3364171202072842,RIGHT,True,,GAZE,TURN_RIGHT,R,150,80,,31.41494835708882
1788177914.5995753,logic1,0.15564295600635064,0.39423271315149666,0.33197529713536766,RIGHT,True,,GAZE,TURN_RIGHT,R,150,80,,27.537761553663227
1788177914.6308115,logic1,0.1596081255479847,0.3929944586257139,0.33118643155514305,RIGHT,True,,GAZE,TURN_RIGHT,R,150,80,,32.013922069991985
1788177914.661772,logic1,0.1578337437617241,0.39205861464360103,0.33179801601354775,RIGHT,True,,GAZE,TURN_RIGHT,R,150,80,,32.29940626997389
1788177914.698516,logic1,0.15876864591256212,0.39330670508041304,0.32766870054950403,RIGHT,True,,GAZE,TURN_RIGHT,R,150,80,,27.21559365145282
1788177914.7296526,logic1,0.15818420539395628,0.3929140338940965,0.32744871192367186,RIGHT,True,,GAZE,TURN_RIGHT,R,150,80,,32.11540493564368
1788177914.7623925,logic1,0.15501343680524463,0.39346039913098263,0.3302211984696707,RIGHT,True,,GAZE,TURN_RIGHT,R,150,80,,30.54423641302369
1788177914.7990932,logic1,0.15562948618156067,0.39533033394843603,0.3306111898186571,RIGHT,True,,GAZE,TURN_RIGHT,R,150,80,,27.24759473277335
1788177914.831249,logic1,0.15668297092740285,0.3961364475636152,0.3319807824084619,RIGHT,True,,GAZE,TURN_RIGHT,R,150,80,,31.099326749117655
1788177914.8630705,logic1,0.1546887115951076,0.39478760707381416,0.3355121458729692,RIGHT,True,,GAZE,TURN_RIGHT,R,150,80,,31.42483385904054
1788177914.8983858,logic1,0.15761430674230809,0.3943424358607031,0.3322899511413277,RIGHT,True,,GAZE,TURN_RIGHT,R,150,80,,28.316549871052242
1788177914.9311,logic1,0.1589406971447657,0.39432520079830247,0.3312947202057579,RIGHT,True,,GAZE,TURN_RIGHT,R,150,80,,30.567164179104477
1788177914.963367,logic1,0.15696284446887876,0.3938801240511347,0.33423637332698064,RIGHT,True,,GAZE,TURN_RIGHT,R,150,80,,30.99132542227608
1788177914.9968677,logic1,0.1564336120824233,0.39703447865682834,0.33216211222386216,RIGHT,True,,GAZE,TURN_RIGHT,R,150,80,,29.85036046999879
1788177915.0313313,logic1,0.1558851215780311,0.4000156080388574,0.3325363929815769,RIGHT,True,,GAZE,TURN_RIGHT,R,150,80,,29.016084288590186
1788177915.0632768,logic1,0.15237833361198408,0.398751063347606,0.3350869737101292,RIGHT,True,,GAZE,TURN_RIGHT,R,150,80,,31.30311217255019
1788177915.0986114,logic1,0.1541899086183749,0.3979338398100161,0.33135934814999746,RIGHT,True,,GAZE,TURN_RIGHT,R,150,80,,28.301264490357756
1788177915.1312246,logic1,0.1559839675971859,0.3981497222339475,0.33041272811955885,RIGHT,True,,GAZE,TURN_RIGHT,R,150,80,,30.662358359529204
1788177915.1638956,logic1,0.15228167476106624,0.3954405113677145,0.33250635061832023,RIGHT,True,,GAZE,TURN_RIGHT,R,150,80,,30.60820830171055
1788177915.1967115,logic1,0.15430720934790387,0.39821964738194043,0.3298621603481848,RIGHT,True,,GAZE,TURN_RIGHT,R,150,80,,30.473223432312064
1788177915.231366,logic1,0.15539791076798054,0.39892861691474535,0.3310059407111802,RIGHT,True,,GAZE,TURN_RIGHT,R,150,80,,28.8557865624613
1788177915.2626367,logic1,0.15557079052830336,0.3957310132717011,0.33396216569430004,RIGHT,True,,GAZE,TURN_RIGHT,R,150,80,,31.979505321906736
1788177915.2965617,logic1,0.15801643062590218,0.3980457471962539,0.33242002931943715,RIGHT,True,,GAZE,TURN_RIGHT,R,150,80,,29.474459428121683
1788177915.329107,logic1,0.15873377383569726,0.39682071968148275,0.3316486566121597,RIGHT,True,,GAZE,TURN_RIGHT,R,150,80,,30.72727672324745
1788177915.3616564,logic1,0.1546025215551564,0.39644930734507555,0.33275101986283984,RIGHT,True,,GAZE,TURN_RIGHT,R,150,80,,30.723225338597558
1788177915.3953462,logic1,0.1530898075570935,0.3987624169057522,0.3299652884724604,RIGHT,True,,GAZE,TURN_RIGHT,R,150,80,,29.68283983468267
1788177915.430749,logic1,0.1541605117917055,0.396564851831639,0.32978705192451657,RIGHT,True,,GAZE,TURN_RIGHT,R,150,80,,28.246373493164523
1788177915.4617248,logic1,0.1521308486088242,0.3951544842496641,0.33292538975650443,RIGHT,True,,GAZE,TURN_RIGHT,R,150,80,,32.28225297477025
1788177915.497303,logic1,0.15244204847769166,0.3939672987866999,0.3311895791014115,RIGHT,True,,GAZE,TURN_RIGHT,R,150,80,,28.1074358012116
1788177915.53143,logic1,0.1547945912944741,0.39430072453956977,0.331330856908581,RIGHT,True,,GAZE,TURN_RIGHT,R,150,80,,29.303542858739775
1788177915.562482,logic1,0.15184443950476587,0.39393719594497856,0.3339481903892298,RIGHT,True,,GAZE,TURN_RIGHT,R,150,80,,32.20293905379052
1788177915.5982587,logic1,0.15571010838008847,0.3962632851270351,0.3303650576074646,RIGHT,True,,GAZE,TURN_RIGHT,R,150,80,,27.951405132716236
1788177915.6296964,logic1,0.15850934774052325,0.39780703874034773,0.33141113200366423,RIGHT,True,,GAZE,TURN_RIGHT,R,150,80,,31.808043196347725
1788177915.6624773,logic1,0.1552094995818306,0.39614486513797675,0.33309895935311296,RIGHT,True,,GAZE,TURN_RIGHT,R,150,80,,30.505582102361576
1788177915.6986709,logic1,0.15513572531438583,0.3997262656622619,0.3313759148566995,RIGHT,True,,GAZE,TURN_RIGHT,R,150,80,,27.629551068805377
1788177915.7307372,logic1,0.15516100915532202,0.39786492066693074,0.3327858981955035,RIGHT,True,,GAZE,TURN_RIGHT,R,150,80,,31.185807545318006
1788177915.7628539,logic1,0.15297541013771188,0.3973606682165762,0.3349580736868346,RIGHT,True,,GAZE,TURN_RIGHT,R,150,80,,31.13695853902973
1788177915.7987337,logic1,0.1532341632229984,0.3991021351563943,0.33462366586720804,RIGHT,True,,GAZE,TURN_RIGHT,R,150,80,,27.870425866983847
1788177915.8303757,logic1,0.15472660464489535,0.3981053726787528,0.3335804072834244,RIGHT,True,,GAZE,TURN_RIGHT,R,150,80,,31.60384282108277
1788177915.8628798,logic1,0.14864835888374076,0.3981387738890252,0.33482814374915393,RIGHT,True,,GAZE,TURN_RIGHT,R,150,80,,30.765366898453774
1788177915.8996067,logic1,0.14821422182846566,0.4035527897433833,0.33267927416321086,RIGHT,True,,GAZE,TURN_RIGHT,R,150,80,,27.22760733806785
1788177915.9305875,logic1,0.14943318994026203,0.40642276194066296,0.3314564319042741,RIGHT,True,,GAZE,TURN_RIGHT,R,150,80,,32.27802959759279
1788177915.963517,logic1,0.14752817413633362,0.40962941565136324,0.3349463602769912,RIGHT,True,,GAZE,TURN_RIGHT,R,150,80,,30.36798053809841
1788177915.9990501,logic1,0.15013188016685614,0.4151278098726764,0.33467336000836245,RIGHT,True,,GAZE,TURN_RIGHT,R,150,80,,28.142891650339514
1788177916.0313957,logic1,0.15291586689464404,0.4144727130713794,0.33360012849925746,RIGHT,True,,GAZE,TURN_RIGHT,R,150,80,,30.91662551136992
1788177916.0634522,logic1,0.15231738648511933,0.41518639559262144,0.3366729325998221,RIGHT,True,,GAZE,TURN_RIGHT,R,150,80,,31.194621288748735
1788177916.0983987,logic1,0.15478513934147287,0.41489786934214806,0.33501561368136334,RIGHT,True,,GAZE,TURN_RIGHT,R,150,80,,28.61482623586077
1788177916.1308818,logic1,0.15695121640051035,0.4128722046956558,0.3332823635883088,RIGHT,True,,GAZE,TURN_RIGHT,R,150,80,,30.785464207335423
1788177916.1644044,logic1,0.15299303656195634,0.4115234564142448,0.3360622525925688,RIGHT,True,,GAZE,TURN_RIGHT,R,150,80,,29.831252978286074
1788177916.1966305,logic1,0.15781737780501942,0.4113376242696525,0.3308418529782503,RIGHT,True,,GAZE,TURN_RIGHT,R,150,80,,31.03030303030303
1788177916.2306185,logic1,0.18935866175384258,0.40710631089575733,0.31514532062159617,RIGHT,True,,GAZE,TURN_RIGHT,R,150,80,,29.42214989197228
1788177916.262666,logic1,0.2540777640553594,0.39263148044721446,0.2933144606119501,RIGHT,True,,GAZE,TURN_RIGHT,R,150,80,,31.203672154563783
1788177916.2985175,logic1,0.3385445009976151,0.38015862449412674,0.26369833580647095,CENTER,True,,GAZE,TURN_RIGHT,R,150,80,,27.893037886294564
1788177916.331636,logic1,0.4241131337194502,0.3707672631719709,0.2415064199743215,CENTER,True,,GAZE,TURN_RIGHT,R,150,80,,30.19418188624371
1788177916.3628953,logic1,0.4823391145188435,0.3654014632739405,0.23445806511274855,CENTER,True,,GAZE,TURN_RIGHT,R,150,80,,31.990725345130045
1788177916.3992715,logic1,0.5073725469634274,0.37469063265393426,0.23583070172084086,CENTER,True,,GAZE,TURN_RIGHT,R,150,80,,27.490113059151238
1788177916.431262,logic1,0.5161001242690189,0.3875536762905888,0.2459964633201234,CENTER,True,,GAZE,TURN_RIGHT,R,150,80,,31.259485604835405
1788177916.4632807,logic1,0.5160285502461387,0.3967185685287338,0.253417350845855,CENTER,False,,GAZE,STOPPED,S,131,70,,31.231553943870676
1788177916.499163,logic1,0.5146502135027005,0.4021965613507689,0.25692378667968024,CENTER,False,,GAZE,STOPPED,S,115,61,,27.869314746277382
1788177916.5311887,logic1,0.5133187948868655,0.4049997625155989,0.25961150483015527,CENTER,False,,GAZE,STOPPED,S,100,54,,31.22411392923345
1788177916.562909,logic1,0.5154806867101791,0.395345941947997,0.25084010546875635,CENTER,False,,GAZE,STOPPED,S,88,47,,31.526401635586023
1788177916.599045,logic1,0.5208437668681886,0.38094104017635744,0.23831934126257714,CENTER,False,,GAZE,STOPPED,S,77,41,,27.672936721054054
1788177916.6303542,logic1,0.525578155318124,0.37422060931827894,0.22671978329781312,CENTER,False,,GAZE,STOPPED,S,67,36,,31.93908103744993
1788177916.6634908,logic1,0.5290538080883089,0.3660028886523135,0.2168306678175117,CENTER,False,,GAZE,STOPPED,S,59,31,,30.17875696133312
1788177916.699162,logic1,0.5310363779246564,0.365265541574219,0.213272595231016,CENTER,False,,GAZE,STOPPED,S,52,27,,28.03341843895788
1788177916.7313306,logic1,0.5306375515775307,0.369315318592609,0.21371343403280285,CENTER,False,,GAZE,STOPPED,S,45,24,,31.086188623309244
1788177916.762504,logic1,0.529583921930562,0.36813429334278036,0.21417795002308448,CENTER,False,,GAZE,STOPPED,S,39,21,,32.07929758007771
1788177916.798915,logic1,0.5310087375223169,0.3659298520729678,0.21256160681190067,CENTER,False,,GAZE,STOPPED,S,35,18,,27.464192405660068
1788177916.8314993,logic1,0.5308124178540985,0.3664352779408858,0.21319300984404904,CENTER,False,,GAZE,STOPPED,S,30,16,,30.689056200657053
1788177916.8633406,logic1,0.5299662227314921,0.36547159094657766,0.2137480881292967,CENTER,False,,GAZE,STOPPED,S,26,14,,31.40648001856996
1788177916.8989155,logic1,0.5307368538835343,0.3666636753654207,0.21262639467948646,CENTER,False,,GAZE,STOPPED,S,23,12,,28.108942740724856
1788177916.9306324,logic1,0.5303787517937432,0.3757202562850619,0.2148078646823919,CENTER,False,,GAZE,STOPPED,S,20,11,,31.529719530621602
1788177916.9624417,logic1,0.5300971927779269,0.3777737192055377,0.21572074392864282,CENTER,False,,GAZE,STOPPED,S,18,9,,31.436846050067455
1788177916.998184,logic1,0.5314568313271311,0.37822605536572507,0.2146541754991793,CENTER,False,,GAZE,STOPPED,S,15,8,,27.978254054018
1788177917.062978,logic1,0.5332719353889799,0.3818062989854814,0.21715904457892932,CENTER,False,,GAZE,STOPPED,S,14,7,,15.43345586476651
1788177917.098853,logic1,0.5333263161433733,0.3769632244977754,0.2155076430360033,CENTER,False,,GAZE,STOPPED,S,12,6,,27.87468598391706
1788177917.1306539,logic1,0.5339942475295627,0.3786497201783065,0.2146151715298244,CENTER,False,,GAZE,STOPPED,S,10,6,,31.44627380416854
1788177917.1633034,logic1,0.5340857876357508,0.38186784600831997,0.21651515570475632,CENTER,False,,GAZE,STOPPED,S,9,5,,30.62765343751141
1788177917.1981635,logic1,0.5319536457984988,0.3780159069292034,0.21567324784338998,CENTER,False,,GAZE,STOPPED,S,8,4,,28.685278146329452
1788177917.2295797,logic1,0.5338705469994606,0.3827140151839229,0.2173313032026911,CENTER,False,,GAZE,STOPPED,S,7,4,,31.831217224342968
1788177917.2615452,logic1,0.5339819102349659,0.38339819700019295,0.21875027281280063,CENTER,False,,GAZE,STOPPED,S,6,3,,31.28326682826776
1788177917.2965624,logic1,0.5334193555254851,0.3782596699955687,0.21809397982152112,CENTER,False,,GAZE,STOPPED,S,5,3,,28.557157835968244
1788177917.331508,logic1,0.5353798252716083,0.38140609465883685,0.2191840832541203,CENTER,False,,GAZE,STOPPED,S,5,2,,28.6173643093508
1788177917.3621798,logic1,0.5343851049055534,0.3788691993240728,0.2198776921285604,CENTER,False,,GAZE,STOPPED,S,4,2,,32.602947577886944
1788177917.398645,logic1,0.5341020316976073,0.37330494676915077,0.2190121701353477,CENTER,False,,GAZE,STOPPED,S,4,2,,27.423071893715512
1788177917.4308145,logic1,0.5347215284274578,0.38213477807441154,0.22030741574448628,CENTER,False,,GAZE,STOPPED,S,3,2,,31.085497450492113
1788177917.4622939,logic1,0.5347937747389943,0.38222964992850006,0.2209214956163612,CENTER,False,,GAZE,STOPPED,S,3,1,,31.767088530897578
1788177917.4985685,logic1,0.5337962509188809,0.377187274623743,0.21985781085122197,CENTER,False,,GAZE,STOPPED,S,2,1,,27.567625833081383
1788177917.5310671,logic1,0.5341150707083281,0.3824860634658983,0.22005344496178048,CENTER,False,,GAZE,STOPPED,S,2,1,,30.770332330716748
1788177917.5629063,logic1,0.533278311547062,0.3779183548631664,0.21993097282732418,CENTER,False,,GAZE,STOPPED,S,2,1,,31.407655903672197
1788177917.598697,logic1,0.5328084443365043,0.37393487154258837,0.2188477254187656,CENTER,False,,GAZE,STOPPED,S,2,1,,27.94060553575592
1788177917.62936,logic1,0.5335700223280686,0.3795844376047275,0.21897591771608466,CENTER,False,,GAZE,STOPPED,S,1,1,,32.61207352346593
1788177917.662807,logic1,0.5333684446986775,0.3782101137953009,0.21914524273837444,CENTER,False,,GAZE,STOPPED,S,1,1,,29.89802333787165
1788177917.698738,logic1,0.5274555339203706,0.372990734767991,0.21506175897233248,CENTER,False,,GAZE,STOPPED,S,1,1,,27.831219932981654
1788177917.7314901,logic1,0.4955383626777018,0.36191564490143147,0.21408154693249776,CENTER,False,,GAZE,STOPPED,S,1,1,,30.53200751233858
1788177917.7630682,logic1,0.43646688769916364,0.35647216017910327,0.21955200022198235,CENTER,False,,GAZE,STOPPED,S,1,0,,31.66803074460535
1788177917.7974977,logic1,0.3601036691707386,0.35802565061613706,0.2354934799271169,CENTER,False,,GAZE,STOPPED,S,1,0,,29.043409618114463
1788177917.8305278,logic1,0.28294345744824806,0.3668018735902736,0.2628522284742275,RIGHT,False,,GAZE,STOPPED,S,1,0,,30.27722514978705
1788177917.8630254,logic1,0.22572510239390076,0.3858891875182275,0.29112844748507605,RIGHT,False,,GAZE,STOPPED,S,1,0,,30.772589875275127
1788177917.898501,logic1,0.19661096208799778,0.3929738967149057,0.3119324422380815,RIGHT,False,,GAZE,STOPPED,S,0,0,,28.187148022204003
1788177917.9313266,logic1,0.18336975493416202,0.3948850088058609,0.3227933540399327,RIGHT,False,,GAZE,STOPPED,S,0,0,,30.464148750726324
1788177917.9628694,logic1,0.17548918965936527,0.39638098024842894,0.3286438923204528,RIGHT,False,,GAZE,STOPPED,S,0,0,,31.702978080120936
1788177917.9990063,logic1,0.17394381895491218,0.3956944747554235,0.3290963435123978,RIGHT,False,,GAZE,STOPPED,S,0,0,,27.672388995183745
1788177918.0315566,logic1,0.17108776415091792,0.3977492211954264,0.3311368295217986,RIGHT,False,,GAZE,STOPPED,S,0,0,,30.721650088627808
1788177918.0630705,logic1,0.16869011282073942,0.39848209407669344,0.33372381458327216,RIGHT,False,,GAZE,STOPPED,S,0,0,,31.731759721591768
1788177918.09871,logic1,0.1682692273229971,0.39759206018858095,0.33180866415413857,RIGHT,False,,GAZE,STOPPED,S,0,0,,28.059298902863258
1788177918.1306562,logic1,0.16634629169564072,0.39862388636480106,0.33204575880292375,RIGHT,False,,GAZE,STOPPED,S,0,0,,31.302177709449676
1788177918.1626253,logic1,0.16651765871793264,0.396654748330589,0.33300181103267257,RIGHT,False,,GAZE,STOPPED,S,0,0,,31.280233876260365
1788177918.1985295,logic1,0.16860929153182624,0.39425727022477486,0.3312908337006426,RIGHT,False,,GAZE,STOPPED,S,0,0,,27.851548856203724
1788177918.2312412,logic1,0.1705567904554718,0.39357231179124297,0.33162071648857866,RIGHT,False,,GAZE,STOPPED,S,0,0,,30.5705060458743
1788177918.2635558,logic1,0.17236590048781192,0.39150172266558875,0.3333941555996922,RIGHT,False,,GAZE,STOPPED,S,0,0,,30.946051233620587
1788177918.2992225,logic1,0.17267254825188894,0.391789937058794,0.3320764107173821,RIGHT,False,,GAZE,STOPPED,S,0,0,,28.03772853370768
1788177918.331079,logic1,0.17228875584250886,0.3955782095085404,0.33183675115711875,RIGHT,False,,GAZE,STOPPED,S,0,0,,31.39049671823196
1788177918.362883,logic1,0.17155351494613208,0.39462505982157503,0.33280967448497556,RIGHT,False,,GAZE,STOPPED,S,0,0,,31.441794916003868
1788177918.399225,logic1,0.1695228636925979,0.3940437474597347,0.3307048042873012,RIGHT,False,,GAZE,STOPPED,S,0,0,,27.516804765559908
1788177918.4312975,logic1,0.16964148281669095,0.3930701731612606,0.32925340120591773,RIGHT,False,,GAZE,STOPPED,S,0,0,,31.178621074149785
1788177918.4625216,logic1,0.16812370694725556,0.3903517991795048,0.3313195647337524,RIGHT,False,,GAZE,STOPPED,S,0,0,,32.02687802568684
1788177918.4987705,logic1,0.16879139149291164,0.390262178400855,0.3295013759823004,RIGHT,False,,GAZE,STOPPED,S,0,0,,27.587208461042636
1788177918.5307853,logic1,0.170999073936084,0.3924997127469304,0.3285835427904324,RIGHT,False,,GAZE,STOPPED,S,0,0,,31.23597313037132
1788177918.5627189,logic1,0.17129349490074708,0.3936593077929984,0.3318522980862075,RIGHT,False,,GAZE,STOPPED,S,0,0,,31.314563875139054
1788177918.5988069,logic1,0.17247093118396142,0.39432537809164275,0.33093921120219727,RIGHT,False,,GAZE,STOPPED,S,0,0,,27.710599163589034
1788177918.630236,logic1,0.1733406874021124,0.3959407647975721,0.3303020129223363,RIGHT,False,,GAZE,STOPPED,S,0,0,,31.81697085552167
1788177918.6628957,logic1,0.1744268132873972,0.39204611674273815,0.331229825881104,RIGHT,False,,GAZE,STOPPED,S,0,0,,30.618933598084446
1788177918.6991642,logic1,0.17317391603091067,0.39134007289660655,0.3292934607404395,RIGHT,False,,GAZE,STOPPED,S,0,0,,27.572337628188272
1788177918.731874,logic1,0.17356456434005396,0.3899838615930696,0.3275694069846425,RIGHT,False,,GAZE,STOPPED,S,0,0,,30.57139733376094
1788177918.7634618,logic1,0.1723592596855042,0.38543372011937305,0.32842751255680186,RIGHT,False,,GAZE,STOPPED,S,0,0,,31.6575137746245
1788177918.7989676,logic1,0.18705576177064448,0.37956377813517245,0.3238085749335683,RIGHT,False,,GAZE,STOPPED,S,0,0,,28.164624196721753
1788177918.8314104,logic1,0.2193221428511447,0.3716178489248808,0.31822812618311136,RIGHT,False,,GAZE,STOPPED,S,0,0,,30.824151919571992
1788177918.8638968,logic1,0.2567128659289356,0.362157513910784,0.31675620208631194,RIGHT,False,,GAZE,STOPPED,S,0,0,,30.781397465158776
1788177918.9002805,logic1,0.2981406864341182,0.3508943481709291,0.31262350941432904,RIGHT,False,,GAZE,STOPPED,S,0,0,,27.485069100869577
1788177918.9305708,logic1,0.3416043106074673,0.3339232193759658,0.31296054914548976,UP,False,,GAZE,STOPPED,S,0,0,,33.013538190290284
1788177918.9623487,logic1,0.37268656328121275,0.31712882620465094,0.3152469243979649,UP,False,,GAZE,STOPPED,S,0,0,,31.468451300211576
1788177918.9994588,logic1,0.3950564097547352,0.3034708848932418,0.3140456084375429,UP,False,,GAZE,STOPPED,S,0,0,,26.94719529197104
1788177919.0317311,logic1,0.41470749483013947,0.2995962746552226,0.31707182649326826,UP,False,,GAZE,STOPPED,S,0,0,,30.98514387027666
1788177919.0634844,logic1,0.4163862269788875,0.3053353517587939,0.3204956207196363,UP,False,,GAZE,STOPPED,S,0,0,,31.493261050750483
1788177919.0991907,logic1,0.41365187731198894,0.3146514177860601,0.32298851172867393,UP,False,,GAZE,STOPPED,S,0,0,,28.006650596617277
1788177919.1311448,logic1,0.41725197993664775,0.3222316830074452,0.3269751726083444,UP,False,,GAZE,STOPPED,S,0,0,,31.29470401265426
1788177919.1620603,logic1,0.41606965266974427,0.3260976720276038,0.3285904755861895,UP,False,,GAZE,STOPPED,S,0,0,,32.34648486905019
1788177919.1973104,logic1,0.41585253098235675,0.3277857074943138,0.3286160534135389,UP,False,,GAZE,STOPPED,S,0,0,,28.36883577163187
1788177919.2302566,logic1,0.4179324223181586,0.3296927685787867,0.32911333733537773,UP,False,,GAZE,STOPPED,S,0,0,,30.35237757531461
1788177919.2558334,logic1,0.4097783964369172,0.33168493667032556,0.32781252928270843,UP,False,,GAZE,STOPPED,S,0,0,,39.094971338024884
1788177919.2920942,logic1,0.40447560140786465,0.33098014365652517,0.32653823383751335,UP,False,,GAZE,STOPPED,S,0,0,,27.577776316654614
1788177919.3234992,logic1,0.3988014848924699,0.3299895302768329,0.3256452680416207,UP,False,,GAZE,STOPPED,S,0,0,,31.84209167792776
1788177919.3592243,logic1,0.3905073713534246,0.3261091664779027,0.3245504179084858,UP,False,,GAZE,STOPPED,S,0,0,,27.991697866405055
1788177919.3940809,logic1,0.3894880728208969,0.32339589161022575,0.32314443193537573,UP,False,,GAZE,STOPPED,S,0,0,,28.68998727717964
1788177919.4288025,logic1,0.389222851808512,0.32377531165769924,0.32019938936134584,UP,False,,GAZE,STOPPED,S,0,0,,28.800505379961958
1788177919.4611032,logic1,0.39123536211043314,0.327894919434433,0.3201088377369679,UP,False,,GAZE,STOPPED,S,0,0,,30.959071147557925
1788177919.497123,logic1,0.3944287563796953,0.32775570299405926,0.32125095112748164,UP,False,,GAZE,STOPPED,S,0,0,,27.763425628669584
1788177919.5294616,logic1,0.39797045993787394,0.3250711091812848,0.3222887276308728,UP,False,,GAZE,STOPPED,S,0,0,,30.920956017870044
1788177919.5625618,logic1,0.4015215913200554,0.3228074351532638,0.32601190076383385,UP,False,,GAZE,STOPPED,S,0,0,,30.212016221394666
1788177919.5978591,logic1,0.40417032868449165,0.3236637956250905,0.3263357462754184,UP,False,,GAZE,STOPPED,S,0,0,,28.33089491850561
1788177919.6303093,logic1,0.4076648689790433,0.3293198317932391,0.3264244789234857,UP,False,,GAZE,STOPPED,S,0,0,,30.81622546966725
1788177919.663267,logic1,0.4109582254485226,0.33474724316047255,0.3286156180434439,UP,False,,GAZE,STOPPED,S,0,0,,30.342057670327126
1788177919.698387,logic1,0.4122047357700548,0.33653135648690635,0.32903881418557374,UP,False,,GAZE,STOPPED,S,0,0,,28.474182292161682
1788177919.727894,logic1,0.41234806743924923,0.33427290323023956,0.33121589906810517,UP,False,,GAZE,STOPPED,S,0,0,,33.89007934584121
1788177919.762837,logic1,0.4103309588076845,0.33023573747740004,0.33091840411049955,UP,False,,GAZE,STOPPED,S,0,0,,28.617950082558917
1788177919.798347,logic1,0.40663572942123627,0.32927080590755686,0.32996242132818104,UP,False,,GAZE,STOPPED,S,0,0,,28.161409445541096
1788177919.8306646,logic1,0.4062170939790388,0.33023158241403916,0.33039394754117124,UP,False,,GAZE,STOPPED,S,0,0,,30.94285503504242
1788177919.862567,logic1,0.4052901662983318,0.3312683781332728,0.32955200935334344,UP,False,,GAZE,STOPPED,S,0,0,,31.34428385669661
1788177919.8992114,logic1,0.4039124059736944,0.33176475645481945,0.3293245532178939,UP,False,,GAZE,STOPPED,S,0,0,,27.290320901543346
1788177919.9313865,logic1,0.40294713446965275,0.33190050854600295,0.32857122204982,UP,False,,GAZE,STOPPED,S,0,0,,31.080660101223426
1788177919.9630823,logic1,0.40161705125856795,0.3325113551653039,0.3265549848700904,UP,False,,GAZE,STOPPED,S,0,0,,31.5491669487382
1788177919.9992619,logic1,0.4006994847611546,0.3318745989497139,0.32691112011485524,UP,False,,GAZE,STOPPED,S,0,0,,27.63992935656483
1788177920.0304987,logic1,0.4016360022081059,0.3343965118604622,0.3277872957484782,UP,False,,GAZE,STOPPED,S,0,0,,32.012944687411746
1788177920.0632725,logic1,0.4027210165580539,0.3339676863983444,0.32816316933648426,UP,False,,GAZE,STOPPED,S,0,0,,30.51246162575839
1788177920.0990899,logic1,0.4031659049907109,0.33318634805442093,0.32833795038783953,UP,False,,GAZE,STOPPED,S,0,0,,27.919403044685115
1788177920.1312327,logic1,0.40443141748019307,0.3328883964870281,0.3274142152184283,UP,False,,GAZE,STOPPED,S,0,0,,31.11132209826727
1788177920.1637013,logic1,0.406166146804289,0.3318850053194391,0.32634874431734096,UP,False,,GAZE,STOPPED,S,0,0,,30.800384793320458
1788177920.1998832,logic1,0.40810034728820016,0.33141563132275115,0.32539486527577627,UP,False,,GAZE,STOPPED,S,0,0,,27.636833261951043
1788177920.2316208,logic1,0.4087178880674223,0.3311764283222508,0.325148328606035,UP,False,,GAZE,STOPPED,S,0,0,,31.507928995860848
1788177920.262178,logic1,0.40898513593661234,0.3310660420014412,0.324669833184328,UP,False,,GAZE,STOPPED,S,0,0,,32.72606972316719
1788177920.2987046,logic1,0.40933954211500967,0.3312169429947797,0.3238277852294531,UP,False,,GAZE,STOPPED,S,0,0,,27.37760603647472
1788177920.3311353,logic1,0.4092703515900541,0.33338502542571546,0.32404549049987164,UP,False,,GAZE,STOPPED,S,0,0,,30.835029112509556
1788177920.3634257,logic1,0.4098285957164432,0.33311772121990657,0.32483175542477927,UP,False,,GAZE,STOPPED,S,0,0,,30.968671780975658
1788177920.3992,logic1,0.40775896157683544,0.33342996821468296,0.3247972386249185,UP,False,,GAZE,STOPPED,S,0,0,,27.952895387506747
1788177920.4307513,logic1,0.40642799533461804,0.3322087184250274,0.32554018454178346,UP,False,,GAZE,STOPPED,S,0,0,,31.694832771623318
1788177920.4631906,logic1,0.4046979091304731,0.3280324777515252,0.3253538231219406,UP,False,,GAZE,STOPPED,S,0,0,,30.82687049830957
1788177920.4994655,logic1,0.4043633468978418,0.32517750204481594,0.324111437543396,UP,False,,GAZE,STOPPED,S,0,0,,27.567082268039883
1788177920.53175,logic1,0.40527835662053746,0.3224444888231362,0.32427213097494695,UP,False,,GAZE,STOPPED,S,0,0,,30.974618014784618
1788177920.5605981,logic1,0.4053075298931822,0.31891127379819145,0.3236880691482755,UP,False,,GAZE,STOPPED,S,0,0,,34.663955900461985
1788177920.599415,logic1,0.4056411689449403,0.31671576830653386,0.3227073175530811,UP,False,,GAZE,STOPPED,S,0,0,,25.761955653829617
1788177920.628672,logic1,0.40669045456575725,0.31882857228065264,0.3230430497846726,UP,False,,GAZE,STOPPED,S,0,0,,34.1797853528151
1788177920.6624823,logic1,0.40440847676789776,0.3197973453177666,0.32208749905298567,UP,False,,GAZE,STOPPED,S,0,0,,29.57650974529659
1788177920.699517,logic1,0.4031482985843436,0.31746492659669256,0.32191347249109425,UP,False,,GAZE,STOPPED,S,0,0,,27.00184119381462
1788177920.7307074,logic1,0.40344234302405535,0.3184070480571469,0.32259080592854195,UP,False,,GAZE,STOPPED,S,0,0,,32.06139687053302
1788177920.762906,logic1,0.4008831390365871,0.31633263850123383,0.32195891298744217,UP,False,,GAZE,STOPPED,S,0,0,,31.05741577193632
1788177920.7983572,logic1,0.4014941910708932,0.3148130281348596,0.3211336016339572,UP,False,,GAZE,STOPPED,S,0,0,,28.207810724109407
1788177920.8313143,logic1,0.4025349145056649,0.3176121745376821,0.3201680717175035,UP,False,,GAZE,STOPPED,S,0,0,,30.34227716970622
1788177920.8644958,logic1,0.4026089455889958,0.3178866801877658,0.3203141371035564,UP,False,,GAZE,STOPPED,S,0,0,,30.13863918888817
1788177920.8992615,logic1,0.40406935156096746,0.3190631573215955,0.3200811826669797,UP,False,,GAZE,STOPPED,S,0,0,,28.763374273938595
1788177920.9310336,logic1,0.40630586230250143,0.324407568310387,0.32207627658174526,UP,False,,GAZE,STOPPED,S,0,0,,31.47411865347961
1788177920.9632766,logic1,0.4049425306941081,0.3245245189296574,0.32360550138131894,UP,False,,GAZE,STOPPED,S,0,0,,31.013553582123766
1788177920.999403,logic1,0.4030272734993005,0.3236739613641346,0.3226060544267097,UP,False,,GAZE,STOPPED,S,0,0,,27.68115521178443
1788177921.0313165,logic1,0.4031750249014301,0.3213253937481828,0.32286546858771564,UP,False,,GAZE,STOPPED,S,0,0,,31.334214871093778
1788177921.0630445,logic1,0.4019243042715096,0.31653113433606866,0.32189351666622057,UP,False,,GAZE,STOPPED,S,0,0,,31.517873111056005
1788177921.0990381,logic1,0.404359063783685,0.31697333434027203,0.32058842361551065,UP,False,,GAZE,STOPPED,S,0,0,,27.782919445971636
1788177921.13114,logic1,0.40690444218982913,0.32067570493972963,0.3217807944087659,UP,False,,GAZE,STOPPED,S,0,0,,31.15106503074775
1788177921.163278,logic1,0.4065545600577664,0.3206053287807196,0.3229147558293996,UP,False,,GAZE,STOPPED,S,0,0,,31.11547649074912
1788177921.1979082,logic1,0.4055208907703631,0.31727340848957236,0.32263201922466844,UP,False,,GAZE,STOPPED,S,0,0,,28.876646310817975
1788177921.232418,logic1,0.40261730864723017,0.31627460447108835,0.3237956428561744,UP,False,,GAZE,STOPPED,S,0,0,,28.97679399227618
1788177921.262329,logic1,0.40095963101353954,0.3117711016853247,0.3239849042720799,UP,False,,GAZE,STOPPED,S,0,0,,33.43247034816988
1788177921.2988927,logic1,0.40030919779282464,0.31029504579327305,0.32213327014574106,UP,False,,GAZE,STOPPED,S,0,0,,27.35047015402272
1788177921.3300667,logic1,0.4023362978446676,0.31328525701219767,0.32236555582085685,UP,False,,GAZE,STOPPED,S,0,0,,32.077089563082666
1788177921.3611798,logic1,0.40474889115703877,0.31359149915091944,0.3224137627128275,UP,False,,GAZE,STOPPED,S,0,0,,32.140014252764345
1788177921.3993125,logic1,0.40700779129209264,0.31476279584377853,0.3214155840882066,UP,False,,GAZE,STOPPED,S,0,0,,26.224889955982395
1788177921.4300373,logic1,0.40873949362802997,0.3188699655136251,0.32282452903972914,UP,False,,GAZE,STOPPED,S,0,0,,32.54678358035229
1788177921.4629767,logic1,0.4083693557291745,0.31794658118540453,0.3233294278350298,UP,False,,GAZE,STOPPED,S,0,0,,30.358528941292278
1788177921.4986987,logic1,0.40578515572396723,0.31774895069569387,0.32234377321264684,UP,False,,GAZE,STOPPED,S,0,0,,27.994500286999585
1788177921.527701,logic1,0.4061557659315364,0.318394923713936,0.3230066103147272,UP,False,,GAZE,STOPPED,S,0,0,,34.479304873938524
1788177921.5628722,logic1,0.40570638636141365,0.3153618369834339,0.3232310971539225,UP,False,,GAZE,STOPPED,S,0,0,,28.433067823611157
1788177921.5993183,logic1,0.4071091477929196,0.3165026530613009,0.32289054646381166,UP,False,,GAZE,STOPPED,S,0,0,,27.437602621887
1788177921.6312518,logic1,0.4115291850984314,0.3199706831644735,0.32379251238438045,UP,False,,GAZE,STOPPED,S,0,0,,31.314797670598775
1788177921.662971,logic1,0.41033746803815935,0.31832311825122805,0.32426398923242183,UP,False,,GAZE,STOPPED,S,0,0,,31.52616466980352
1788177921.6994212,logic1,0.4091786281729833,0.3167205491854923,0.32275126324303083,UP,False,,GAZE,STOPPED,S,0,0,,27.434731134266073
1788177921.731392,logic1,0.40911751788941386,0.31781597897295366,0.3228340201857505,UP,False,,GAZE,STOPPED,S,0,0,,31.278834250600326
1788177921.7635968,logic1,0.406154078548594,0.31446954374475516,0.32339602065169804,UP,False,,GAZE,STOPPED,S,0,0,,31.0512078296083
1788177921.7984471,logic1,0.4048632718396314,0.3140966517120908,0.32187815975429074,UP,False,,GAZE,STOPPED,S,0,0,,28.694109035184336
1788177921.8311164,logic1,0.4061884239372493,0.3209976632021199,0.3231284126185465,UP,False,,GAZE,STOPPED,S,0,0,,30.60999532928538
1788177921.8635294,logic1,0.4042430987560207,0.3181292967812292,0.3240061066656025,UP,False,,GAZE,STOPPED,S,0,0,,30.852720933311755
1788177921.8981855,logic1,0.4051972736244091,0.3173615201130892,0.3229005544783681,UP,False,,GAZE,STOPPED,S,0,0,,28.853007539485994
1788177921.9299457,logic1,0.408203968348478,0.3219884527079567,0.3241841436222914,UP,False,,GAZE,STOPPED,S,0,0,,31.486404924555213
1788177921.9630976,logic1,0.40779210705270885,0.318614493967367,0.32536752413642944,UP,True,,GAZE,FORWARD,F,19,19,,30.16530019274474
1788177921.9978294,logic1,0.409254479127969,0.3180504188631147,0.32456553731830873,UP,True,,GAZE,FORWARD,F,35,35,,28.79101598698526
1788177922.0311425,logic1,0.4097231783321754,0.31862089341981137,0.3245839709583902,UP,True,,GAZE,FORWARD,F,50,50,,30.01956784689269
1788177922.0631104,logic1,0.40840585248421746,0.3151677711321783,0.32524732251765603,UP,True,,GAZE,FORWARD,F,62,62,,31.281167029623223
1788177922.0991244,logic1,0.4081584656490342,0.3126916239324379,0.3235782664899868,UP,True,,GAZE,FORWARD,F,73,73,,27.76636633853446
1788177922.1312864,logic1,0.41000400439284934,0.31546272210651566,0.32374427633499747,UP,True,,GAZE,FORWARD,F,83,83,,31.093102042329217
1788177922.1626122,logic1,0.41000938402441023,0.3154228178662943,0.3250149158015797,UP,True,,GAZE,FORWARD,F,91,91,,31.922308225068686
1788177922.1993313,logic1,0.409416289452079,0.3146256641845423,0.3235574183377206,UP,True,,GAZE,FORWARD,F,98,98,,27.23379498866964
1788177922.2316432,logic1,0.4102591982707914,0.31802554489474555,0.3242362608540612,UP,True,,GAZE,FORWARD,F,105,105,,30.94833463689624
1788177922.2627935,logic1,0.4081631149897128,0.3148192991212765,0.3244050660744292,UP,True,,GAZE,FORWARD,F,111,111,,32.10385157063254
1788177922.2996213,logic1,0.4087561246321654,0.31316095592750803,0.3226530106656078,UP,True,,GAZE,FORWARD,F,115,115,,27.15234377528759
1788177922.3315122,logic1,0.410972672654234,0.31623306684587815,0.32295509266746336,UP,True,,GAZE,FORWARD,F,120,120,,31.356937799043063
1788177922.3632119,logic1,0.409627579573311,0.31332750123107644,0.3234167437394486,UP,True,,GAZE,FORWARD,F,124,124,,31.546319486751354
1788177922.399278,logic1,0.4100266089731863,0.31383669465388353,0.3227203393080925,UP,True,,GAZE,FORWARD,F,127,127,,27.726902533185257
1788177922.4309494,logic1,0.40991802663782906,0.3158602250184026,0.3231564732483276,UP,True,,GAZE,FORWARD,F,130,130,,31.573628822209844
1788177922.4609668,logic1,0.40917431493629247,0.3139615816672785,0.3240503673636219,UP,True,,GAZE,FORWARD,F,132,132,,33.314567116759335
1788177922.4993706,logic1,0.41064611157294084,0.3142031861655977,0.32318396065210575,UP,True,,GAZE,FORWARD,F,135,135,,26.039285802974995
1788177922.5312371,logic1,0.41071374509051906,0.31578934558728183,0.32318062780126533,UP,True,,GAZE,FORWARD,F,136,136,,31.380632804375313
1788177922.563493,logic1,0.4105050253571876,0.3138446874147066,0.32395634506445853,UP,True,,GAZE,FORWARD,F,138,138,,31.00209178733249
1788177922.5991907,logic1,0.4094499648526159,0.311922352219784,0.32287325023777835,UP,True,,GAZE,FORWARD,F,140,140,,28.0128232528318
1788177922.631136,logic1,0.4106699992036653,0.31494387739678664,0.3227065284422984,UP,True,,GAZE,FORWARD,F,141,141,,31.30334579704304
1788177922.6629024,logic1,0.4103236189545091,0.31251167489642484,0.3229570880885959,UP,True,,GAZE,FORWARD,F,142,142,,31.480733146193913
1788177922.699369,logic1,0.4096120336615576,0.31357219312624185,0.3221429469473227,UP,True,,GAZE,FORWARD,F,143,143,,27.4221754395141
1788177922.7308044,logic1,0.41209110427307366,0.3151022898868467,0.32149612462014865,UP,True,,GAZE,FORWARD,F,144,144,,31.810455583111494
1788177922.760212,logic1,0.4116529958630611,0.3099277003092361,0.3206105767212156,UP,True,,GAZE,FORWARD,F,145,145,,34.00492930341159
1788177922.7984834,logic1,0.4128055690730761,0.3066885108845284,0.3181599466934172,UP,True,,GAZE,FORWARD,F,145,145,,26.12931641342877
1788177922.831306,logic1,0.4142026272078403,0.30365683876657545,0.31628914692590876,UP,True,,GAZE,FORWARD,F,146,146,,30.46680419560101
1788177922.8619695,logic1,0.4131140486929338,0.297543776097963,0.31583665711597647,UP,True,,GAZE,FORWARD,F,146,146,,32.611819955992004
1788177922.8988624,logic1,0.41375621125818474,0.29648999800166187,0.3140645787911098,UP,True,,GAZE,FORWARD,F,147,147,,27.10601859930075
1788177922.9308844,logic1,0.41165678357250196,0.3101702931442046,0.31158644010537234,UP,True,,GAZE,FORWARD,F,147,147,,31.228531010349194
1788177922.9629223,logic1,0.4084472827576976,0.3181864802147483,0.2964866051314304,UP,True,,GAZE,FORWARD,F,148,148,,31.21319283205334
1788177922.998599,logic1,0.4084472827576976,0.3181864802147483,0.2568158751562262,UP,True,,GAZE,FORWARD,F,148,148,,28.02910966914148
1788177923.030546,logic1,0.4084472827576976,0.3181864802147483,0.2103824890894344,UP,True,,GAZE,FORWARD,F,148,148,,31.30194410239188
1788177923.0634978,logic1,0.4084472827576976,0.3181864802147483,0.1685682737436619,UP,True,,GAZE,FORWARD,F,148,148,,30.34732653208885
1788177923.0993416,logic1,0.4084472827576976,0.3181864802147483,0.13994240664685295,UP,True,,GAZE,FORWARD,F,149,149,,27.899160558208838
1788177923.1311157,logic1,0.4084472827576976,0.3181864802147483,0.14513952761420298,UP,True,,GAZE,FORWARD,F,149,149,,31.471993156800803
1788177923.1632588,logic1,0.4084472827576976,0.3181864802147483,0.1618927085723536,UP,True,,GAZE,FORWARD,F,149,149,,31.110629807371364
1788177923.1993341,logic1,0.40544699370258475,0.33295064082532366,0.1783581924819259,UP,True,,GAZE,FORWARD,F,149,149,,27.719755999233367
1788177923.2316427,logic1,0.4033092916668835,0.3437423491137042,0.19441968288816203,CENTER,True,,GAZE,FORWARD,F,149,149,,30.95153196764862
1788177923.2626758,logic1,0.4046711995409769,0.3421642091305799,0.20234747942131642,CENTER,True,,GAZE,FORWARD,F,149,149,,32.22396877712986
1788177923.2981517,logic1,0.4102048735078557,0.3363692116492688,0.20912035154757044,UP,True,,GAZE,FORWARD,F,149,149,,28.187716315297816
1788177923.330481,logic1,0.4152341443894172,0.33307956448601483,0.21840120984513825,UP,True,,GAZE,FORWARD,F,149,149,,30.931673537415467
1788177923.3628814,logic1,0.4195545040198339,0.33719483283673,0.23102246620704417,UP,True,,GAZE,FORWARD,F,150,150,,30.863618301961765
1788177923.396885,logic1,0.42179160290448026,0.34396409382431425,0.24464563856441207,CENTER,True,,GAZE,FORWARD,F,150,150,,29.40956547957116
1788177923.430082,logic1,0.42018338814995015,0.3599310509752506,0.25574905338390364,CENTER,True,,GAZE,FORWARD,F,150,150,,30.122189266246778
1788177923.4631693,logic1,0.4174105252790823,0.3707111874384659,0.2628070144473955,CENTER,True,,GAZE,FORWARD,F,150,150,,30.22377229328049
1788177923.4997075,logic1,0.4140111551764876,0.37420214143356495,0.2659288472601278,CENTER,True,,GAZE,FORWARD,F,150,150,,27.36974537671456
1788177923.5317419,logic1,0.4117806996296692,0.3767447528987026,0.26667285765329396,CENTER,True,,GAZE,FORWARD,F,150,150,,31.21458658926844
1788177923.5634675,logic1,0.41146722117591356,0.379044504639133,0.26704883248659433,CENTER,True,,GAZE,FORWARD,F,150,150,,31.52071543982264
1788177923.5997999,logic1,0.41211405390934447,0.37671345183498695,0.2675411478559418,CENTER,True,,GAZE,FORWARD,F,150,150,,27.52348579303104
1788177923.631138,logic1,0.4111879900821146,0.37743819032315196,0.2672553445593582,CENTER,True,,GAZE,FORWARD,F,150,150,,31.909436718298288
1788177923.6608717,logic1,0.40676226991636044,0.3676173379069136,0.2651274064457757,CENTER,True,,GAZE,FORWARD,F,150,150,,33.631380598810075
1788177923.6988885,logic1,0.39886604628964606,0.36180479086983297,0.2681915749558626,CENTER,True,,GAZE,FORWARD,F,150,150,,26.304492888141887
1788177923.7314546,logic1,0.38604494276067325,0.363371961394938,0.27177273971703547,CENTER,True,,GAZE,FORWARD,F,150,150,,30.707255289552677
1788177923.7616718,logic1,0.3761250877559152,0.3630043695638029,0.2763971093207624,CENTER,True,,GAZE,FORWARD,F,150,150,,33.09455013137442
1788177923.7998958,logic1,0.37103972785964634,0.37053026126455435,0.28217516629819556,CENTER,True,,GAZE,FORWARD,F,150,150,,26.160933591971407
1788177923.8268392,logic1,0.37178353497277267,0.36861211457181114,0.28077292770587114,CENTER,True,,GAZE,FORWARD,F,150,150,,37.11543532701514
1788177923.8627963,logic1,0.3775363161947066,0.36370376836681184,0.28061860651153675,CENTER,True,,GAZE,FORWARD,F,150,150,,27.810736261404625
1788177923.8990107,logic1,0.38219632404196796,0.36191120219156353,0.2809120416435849,CENTER,True,,GAZE,FORWARD,F,150,150,,27.613543744609693
1788177923.9300046,logic1,0.38523701260368637,0.36107633435970654,0.2799468266484384,CENTER,True,,GAZE,FORWARD,F,150,150,,32.26412510865468
1788177923.9630558,logic1,0.38400372997685833,0.3656946041732707,0.283000360899142,CENTER,True,,GAZE,FORWARD,F,150,150,,30.25625784484873
1788177923.9984317,logic1,0.3854856724624921,0.3715463322879775,0.28512976498157083,CENTER,True,,GAZE,FORWARD,F,150,150,,28.267504161640126
1788177924.030091,logic1,0.3827949015334928,0.37827681852585515,0.285022355814873,CENTER,True,,GAZE,FORWARD,F,150,150,,31.586230787188697
1788177924.0620337,logic1,0.38161709859443715,0.3850134813990394,0.28743627735438937,CENTER,True,,GAZE,FORWARD,F,150,150,,31.305214918533224
1788177924.097603,logic1,0.3791239891360674,0.39421667775829505,0.2894532210763262,CENTER,True,,GAZE,FORWARD,F,150,150,,28.114218301740085
1788177924.1284964,logic1,0.3742749856557216,0.40112941848224754,0.28816929906213645,CENTER,True,,GAZE,FORWARD,F,150,150,,32.37070023384862
1788177924.1630208,logic1,0.37294244767241624,0.40511736767389694,0.2883538560870371,CENTER,True,,GAZE,FORWARD,F,150,150,,28.964987638633758
1788177924.1984997,logic1,0.368769034667164,0.41101570010787836,0.2873868332026319,CENTER,True,,GAZE,FORWARD,F,150,150,,28.186200917967568
1788177924.2306123,logic1,0.36806762339145915,0.41295972040544027,0.2839294238258149,CENTER,True,,GAZE,FORWARD,F,150,150,,31.13927020305134
1788177924.2624195,logic1,0.3690655911525628,0.412393984251667,0.2844068672463651,CENTER,True,,GAZE,FORWARD,F,150,150,,31.43990945002886
1788177924.298364,logic1,0.3684627766369802,0.4142603310996187,0.2849358641134192,CENTER,True,,GAZE,FORWARD,F,150,150,,27.820882058357267
1788177924.3307285,logic1,0.3711092015067069,0.4136299977063694,0.28341535037542653,CENTER,True,,GAZE,FORWARD,F,150,150,,30.89817747852607
1788177924.3625464,logic1,0.3744358816206117,0.41162586975914733,0.2845663713617771,CENTER,True,,GAZE,FORWARD,F,150,150,,31.42813040904561
1788177924.3988595,logic1,0.3727685545429371,0.4156399583555723,0.284340476876663,CENTER,True,,GAZE,FORWARD,F,150,150,,27.538123157528446
1788177924.4318657,logic1,0.3734138427011229,0.4129998639774539,0.2822062040360282,CENTER,True,,GAZE,FORWARD,F,150,150,,30.298440400771494
1788177924.463046,logic1,0.3779355585945564,0.4130019967657755,0.28314587234794636,CENTER,True,,GAZE,FORWARD,F,150,150,,32.07046733545388
1788177924.4991844,logic1,0.37496477484170654,0.417984343558142,0.2850869491608996,CENTER,True,,GAZE,FORWARD,F,150,150,,27.671841290995097
1788177924.5302746,logic1,0.37413275203611607,0.41602278288295114,0.28400677792259976,CENTER,True,,GAZE,FORWARD,F,150,150,,32.16293478927673
1788177924.5622663,logic1,0.375756984382907,0.41786413746203727,0.28485070424985215,CENTER,True,,GAZE,FORWARD,F,150,150,,31.25878670442689
1788177924.598338,logic1,0.3703748093351986,0.42002140942047894,0.2859399078573445,CENTER,True,,GAZE,FORWARD,F,150,150,,27.723420428181452
1788177924.6309204,logic1,0.370972289434945,0.41707336329429623,0.28380468107290113,CENTER,True,,GAZE,FORWARD,F,150,150,,30.690628109816778
1788177924.6615012,logic1,0.3758149665823264,0.4143520224998813,0.28420972044871873,CENTER,True,,GAZE,FORWARD,F,150,150,,32.69902549310049
1788177924.6988757,logic1,0.3751197850930462,0.4164531044434552,0.2858139502190692,CENTER,True,,GAZE,FORWARD,F,150,150,,26.757408151678117
1788177924.7309113,logic1,0.3761216434286534,0.4160472141258649,0.2854419477177109,CENTER,True,,GAZE,FORWARD,F,150,150,,31.2150512026673
1788177924.762236,logic1,0.37971409667074496,0.41533934842885634,0.28657140451502583,CENTER,True,,GAZE,FORWARD,F,150,150,,31.92328008098214
1788177924.798264,logic1,0.38022753814069865,0.41927519193849594,0.2878200742966772,CENTER,True,,GAZE,FORWARD,F,150,150,,27.756994996955818
1788177924.830197,logic1,0.3826863816736203,0.4199139413981658,0.2870937026403142,CENTER,True,,GAZE,FORWARD,F,150,150,,31.31573288734918
1788177924.8620284,logic1,0.38755700651853825,0.4175543372960861,0.2882855590332807,CENTER,True,,GAZE,FORWARD,F,150,150,,31.41400720507501
1788177924.8985012,logic1,0.3925104963181978,0.4199354301937387,0.29114010201154894,CENTER,True,,GAZE,FORWARD,F,150,150,,27.41823173721196
1788177924.9289713,logic1,0.4029878586278058,0.41234269489691044,0.29372141977713906,CENTER,True,,GAZE,FORWARD,F,150,150,,32.81850973764309
1788177924.9625082,logic1,0.4127128376755884,0.4071035469633162,0.29586460583294366,CENTER,True,,GAZE,FORWARD,F,150,150,,29.817892282318148
1788177924.9981706,logic1,0.42258912378930913,0.4055679376057531,0.29877385060542627,CENTER,True,,GAZE,FORWARD,F,150,150,,28.041852473374206
1788177925.0304985,logic1,0.42461911456758866,0.40479218805848693,0.3041905078756386,CENTER,True,,GAZE,FORWARD,F,150,150,,30.93304226619368
1788177925.0625238,logic1,0.4277943408019758,0.4094473192945288,0.30786233891545867,CENTER,True,,GAZE,FORWARD,F,150,150,,31.225741129524575
1788177925.0990355,logic1,0.43091941025085445,0.41286880850111846,0.3124426963981441,CENTER,True,,GAZE,FORWARD,F,150,150,,27.38743821295879
1788177925.1311193,logic1,0.4361216380049655,0.4126487524118439,0.31512351510957115,CENTER,True,,GAZE,FORWARD,F,150,150,,31.168658224838
1788177925.1626828,logic1,0.4521710395171391,0.4079653980237771,0.31570656238621625,CENTER,True,,GAZE,FORWARD,F,150,150,,31.68166539516123
1788177925.1988847,logic1,0.45566020800536494,0.41027508361950354,0.3207295229618553,CENTER,True,,GAZE,FORWARD,F,150,150,,27.62300037539268
1788177925.2312028,logic1,0.4732093361427835,0.41331524758709925,0.32797455134281944,CENTER,True,,GAZE,FORWARD,F,150,150,,30.94262676040752
1788177925.2626646,logic1,0.4883263234515228,0.4237181175661815,0.3405033519609173,CENTER,True,,GAZE,FORWARD,F,150,150,,31.78393943756962
1788177925.2988741,logic1,0.4976595068426821,0.4333429131342813,0.34518994515831947,CENTER,True,,GAZE,FORWARD,F,150,150,,27.616998301223383
1788177925.3294895,logic1,0.5057432377685143,0.4451628072860451,0.34923187125427874,CENTER,True,,GAZE,FORWARD,F,150,150,,32.664647015303146
1788177925.363123,logic1,0.5121290683604125,0.4593975200098333,0.35301025872978725,CENTER,True,,GAZE,FORWARD,F,150,150,,29.731654757854145
1788177925.398119,logic1,0.5220595257430839,0.46826827426217493,0.34906401546284227,CENTER,True,,GAZE,FORWARD,F,150,150,,28.574472868481113
1788177925.429664,logic1,0.5450621697984639,0.4759275241440737,0.3494483933656027,CENTER,True,,GAZE,FORWARD,F,150,150,,31.700821561647356
1788177925.464029,logic1,0.5666587536235068,0.4745520047743655,0.34412980296909734,CENTER,True,,GAZE,FORWARD,F,150,150,,29.099628128989288
1788177925.4989958,logic1,0.5383466462969861,0.45903442944641454,0.3265624296828322,CENTER,True,,GAZE,FORWARD,F,150,150,,28.599217226472472
1788177925.5304654,logic1,0.5383466462969861,0.45903442944641454,0.28970126257102274,CENTER,True,,GAZE,FORWARD,F,150,150,,31.775030303030302
1788177925.5613554,logic1,0.4706873463250074,0.42412687952123673,0.26313714776596164,CENTER,True,,GAZE,FORWARD,F,150,150,,32.372948858461584
1788177925.5972934,logic1,0.3738362801151809,0.41424878899464523,0.2575815742459681,CENTER,True,,GAZE,FORWARD,F,150,150,,27.825496231822523
1788177925.629837,logic1,0.28303512009036724,0.41358289340093707,0.2779987323987605,RIGHT,True,,GAZE,FORWARD,F,150,150,,30.72885255029525
1788177925.6614788,logic1,0.2399546559918921,0.4215483176389208,0.325456188200108,RIGHT,True,,GAZE,FORWARD,F,150,150,,31.602414086693138
1788177925.6990623,logic1,0.224330135259255,0.44943864019051444,0.3601752142812284,RIGHT,True,,GAZE,FORWARD,F,150,150,,26.608876595528713
1788177925.7301297,logic1,0.22483200010871277,0.44980638969533343,0.38640465832501714,RIGHT,True,,GAZE,FORWARD,F,150,150,,32.187617030420235
1788177925.7588754,logic1,0.2403817556659693,0.4443615577630164,0.39311711454768683,RIGHT,True,,GAZE,FORWARD,F,150,150,,34.78613963209315
1788177925.7980733,logic1,0.21929508661081185,0.4560424141866562,0.3934253963747636,RIGHT,True,,GAZE,FORWARD,F,150,150,,25.512487682631598
1788177925.8301053,logic1,0.22578168072817434,0.4601312795716413,0.40043077825174644,RIGHT,True,,GAZE,FORWARD,F,150,150,,31.217374477143156
1788177925.8617954,logic1,0.23402844165765316,0.4432762126707751,0.3979243401119187,RIGHT,True,,GAZE,FORWARD,F,150,150,,31.557712419775935
1788177925.8984334,logic1,0.2307208345022315,0.451664885781355,0.4088929009416473,RIGHT,True,,GAZE,FORWARD,F,150,150,,27.293695053783033
1788177925.9293888,logic1,0.24039416039197037,0.4335692624747296,0.4140005149698216,RIGHT,True,,GAZE,FORWARD,F,150,150,,32.30338644958064
1788177925.959029,logic1,0.24226313671073757,0.41782118779948707,0.41945644010076516,RIGHT,True,,GAZE,FORWARD,F,150,150,,33.737695160109716
1788177925.9985638,logic1,0.21234554640175818,0.42830744786515074,0.4253128699833324,RIGHT,True,,GAZE,FORWARD,F,150,150,,25.29477677198357
1788177926.0308163,logic1,0.1667347053023355,0.4026433270033362,0.41508389915845567,RIGHT,True,,GAZE,FORWARD,F,150,150,,31.005300235812445
1788177926.0633307,logic1,0.1353568154255676,0.39361426897966484,0.42465250051996184,RIGHT,True,,GAZE,FORWARD,F,150,150,,30.75589188555003
1788177926.0992308,logic1,0.08984586671658487,0.38457435582898153,0.4287745902060771,RIGHT,True,,GAZE,FORWARD,F,150,150,,27.855618205123097
1788177926.1301272,logic1,0.059477422194757545,0.3909850629890481,0.43778328202148264,RIGHT,True,,GAZE,FORWARD,F,150,150,,32.36545465769492
1788177926.1638145,logic1,0.04027188468008779,0.3941091080391786,0.4624733485975142,RIGHT,True,,GAZE,FORWARD,F,150,150,,29.684730528327258
1788177926.1984017,logic1,0.04600025276557344,0.40101295030690964,0.4680106672012549,RIGHT,True,,GAZE,FORWARD,F,150,150,,28.91247613204751
1788177926.2314754,logic1,0.02803014097050309,0.39677461202583286,0.48037849295283674,RIGHT,True,,GAZE,FORWARD,F,150,150,,30.23510160535744
1788177926.2634954,logic1,0.04746544532468973,0.37565494883936257,0.47898709940001266,RIGHT,True,,GAZE,FORWARD,F,150,150,,31.231321389745194
1788177926.2980435,logic1,0.05717766218105697,0.3657970022458582,0.4468407797030115,RIGHT,True,,GAZE,FORWARD,F,150,150,,28.9440001104126
1788177926.331417,logic1,0.06185804366706368,0.33527556580187967,0.42476099955579616,UP,True,,GAZE,FORWARD,F,150,150,,29.964451048751215
1788177926.3644948,logic1,0.07099892149336977,0.34420950832416625,0.3750428361392045,RIGHT,True,,GAZE,FORWARD,F,150,150,,30.23161475864753
1788177926.398021,logic1,0.0545287863164198,0.3663708543283956,0.3256121715341736,RIGHT,True,,GAZE,FORWARD,F,150,150,,29.827858651514397
1788177926.430038,logic1,0.0545287863164198,0.3663708543283956,0.2775258221903725,RIGHT,True,,GAZE,FORWARD,F,150,150,,31.233181919725965
1788177926.4626284,logic1,0.0545287863164198,0.3663708543283956,0.22032613175190768,RIGHT,True,,GAZE,FORWARD,F,150,150,,30.683892489794722
1788177926.4988914,logic1,0.0545287863164198,0.3663708543283956,0.196507491289781,RIGHT,True,,GAZE,FORWARD,F,150,150,,27.576507097444395
1788177926.5303817,logic1,0.18065123743815217,0.37582900046909845,0.20434804513910076,RIGHT,True,,GAZE,FORWARD,F,150,150,,31.756024803337397
1788177926.5636418,logic1,0.3136625534490247,0.40883300149561896,0.24571438386490874,CENTER,True,,GAZE,FORWARD,F,150,150,,30.065186693140845
1788177926.5986884,logic1,0.4496554963633831,0.4174262304578713,0.29659308891027697,CENTER,True,,GAZE,FORWARD,F,150,150,,28.533456692699122
1788177926.6296694,logic1,0.5841925593415985,0.41499100495653607,0.3328755290059089,CENTER,True,,GAZE,FORWARD,F,150,150,,32.27778119805455
1788177926.6619625,logic1,0.5865161144981885,0.4287768446353082,0.34692704163061916,CENTER,True,,GAZE,FORWARD,F,150,150,,30.96615675388341
1788177926.6990085,logic1,0.5670422724623423,0.4180173753431285,0.35297638822966915,CENTER,True,,GAZE,FORWARD,F,150,150,,26.993847342000258
1788177926.7309017,logic1,0.5611580153675502,0.40646201965120976,0.3531616011083256,CENTER,True,,GAZE,FORWARD,F,150,150,,31.354124928983644
1788177926.7623334,logic1,0.5531589208216615,0.40170094249966437,0.3549345474903334,CENTER,True,,GAZE,FORWARD,F,150,150,,31.815281454567522
1788177926.799152,logic1,0.5397906055627626,0.39559517487381235,0.35753378714476897,CENTER,True,,GAZE,FORWARD,F,150,150,,27.16078355188603
1788177926.831019,logic1,0.5195430927211339,0.40155260013040855,0.35182660673259647,CENTER,True,,GAZE,FORWARD,F,150,150,,31.380163248816036
1788177926.8621576,logic1,0.5053825493668015,0.4120334982587565,0.3487052386484282,CENTER,True,,GAZE,FORWARD,F,150,150,,32.113437818220795
1788177926.8985236,logic1,0.4892969103928332,0.4153063996149623,0.3472599604485632,CENTER,True,,GAZE,FORWARD,F,150,150,,27.498764153231885
1788177926.930345,logic1,0.479984018297251,0.4224504344440405,0.34290200065604837,CENTER,True,,GAZE,FORWARD,F,150,150,,31.42577565990095
1788177926.9640217,logic1,0.47623161720561386,0.43008916008129694,0.34185255073467613,CENTER,True,,GAZE,FORWARD,F,150,150,,29.693977387770705
1788177926.9983087,logic1,0.4722296186470298,0.4318983150721236,0.3366882830273622,CENTER,True,,GAZE,FORWARD,F,150,150,,29.16559349141228
1788177927.0299914,logic1,0.47558380836415304,0.4350590569918922,0.33169689855337803,CENTER,True,,GAZE,FORWARD,F,150,150,,31.561511893026722
1788177927.0615253,logic1,0.4739296144856066,0.4265033478137673,0.3232567786315499,CENTER,True,,GAZE,FORWARD,F,150,150,,31.712086615959233
1788177927.0975213,logic1,0.46875149352809614,0.4135260984309057,0.3181188573023001,CENTER,True,,GAZE,FORWARD,F,150,150,,27.780895229768575
1788177927.130238,logic1,0.45638099520263126,0.4046261971724769,0.3160198855279115,CENTER,True,,GAZE,FORWARD,F,150,150,,30.566718652071884
1788177927.1628673,logic1,0.4429363338036794,0.3944677374227847,0.3134498636282802,CENTER,True,,GAZE,FORWARD,F,150,150,,30.647347231051388
1788177927.1997144,logic1,0.43009474763366534,0.3991306169374752,0.3149946572274842,CENTER,True,,GAZE,FORWARD,F,150,150,,27.138991517253427
1788177927.2305386,logic1,0.41298806441197655,0.40437988741684927,0.3127367307905441,CENTER,True,,GAZE,FORWARD,F,150,150,,32.442560564338976
1788177927.2630758,logic1,0.4075098065562789,0.40796383596383934,0.3099056714345608,CENTER,True,,GAZE,FORWARD,F,150,150,,30.733355804035934
1788177927.298319,logic1,0.401678511738512,0.4139678353358497,0.3071475538897038,CENTER,True,,GAZE,FORWARD,F,150,150,,28.374209347792263
1788177927.3301597,logic1,0.39973444280959747,0.4117627181778136,0.3028628193300693,CENTER,True,,GAZE,FORWARD,F,150,150,,31.40648001856996
1788177927.3630633,logic1,0.39865073526622097,0.408476925541586,0.2995203834982313,CENTER,True,,GAZE,FORWARD,F,150,150,,30.391745406063418
1788177927.3993218,logic1,0.38930656985929923,0.4082834611701127,0.29729534294157295,CENTER,True,,GAZE,FORWARD,F,150,150,,27.57977104005155
1788177927.4303572,logic1,0.3804558996924029,0.39923598924966897,0.29631689369883,CENTER,True,,GAZE,FORWARD,F,150,150,,32.221740800491666
1788177927.4623215,logic1,0.37901347621424836,0.3899181279301812,0.2986486944596941,CENTER,True,,GAZE,FORWARD,F,150,150,,31.28396682379617
1788177927.4986503,logic1,0.38390322123113974,0.38586980233091783,0.3013929504910392,CENTER,True,,GAZE,FORWARD,F,150,150,,27.526737195810252
1788177927.528547,logic1,0.38848026078779385,0.38672836599910565,0.3013823217222914,CENTER,True,,GAZE,FORWARD,F,150,150,,33.44926750297066
1788177927.5631688,logic1,0.3887470876502843,0.3986656324179412,0.29869019123217655,CENTER,True,,GAZE,FORWARD,F,150,150,,28.88320846187748
1788177927.5987031,logic1,0.3808476116172312,0.4089233720561315,0.29329117715234454,CENTER,True,,GAZE,FORWARD,F,150,150,,28.141192257371934
1788177927.6289346,logic1,0.36749751667549957,0.4118846338461789,0.2861574335757698,CENTER,True,,GAZE,FORWARD,F,150,150,,33.07915076185369
1788177927.6630645,logic1,0.3598341281172301,0.4087409685871235,0.2812040652538247,CENTER,True,,GAZE,FORWARD,F,150,150,,29.29965351514474
1788177927.6992738,logic1,0.35685673988308325,0.40359342915778496,0.27574386214073277,CENTER,True,,GAZE,FORWARD,F,150,150,,27.617361989043406
1788177927.7311323,logic1,0.35249701838609854,0.3998930741365409,0.27357978027483815,CENTER,True,,GAZE,FORWARD,F,150,150,,31.38861739943873
1788177927.7628295,logic1,0.34709194815122735,0.39002355652937226,0.2687156619943265,CENTER,True,,GAZE,FORWARD,F,150,150,,31.548692336043686
1788177927.7990694,logic1,0.34121348390692086,0.384101768652218,0.2648879225132973,CENTER,True,,GAZE,FORWARD,F,150,150,,27.593560653408158
1788177927.830188,logic1,0.32965762220446654,0.3836600323564671,0.26409567008007084,CENTER,True,,GAZE,FORWARD,F,150,150,,32.13435077073948
1788177927.8617947,logic1,0.3251453546044896,0.3881282760838751,0.2653084546194475,CENTER,True,,GAZE,FORWARD,F,150,150,,31.639364542944648
1788177927.8986433,logic1,0.31613404722668015,0.3984812573449541,0.26822963313622533,CENTER,True,,GAZE,FORWARD,F,150,150,,27.138640319376776
1788177927.9306958,logic1,0.30718253478159996,0.39362737935085,0.25834435110914516,RIGHT,True,,GAZE,FORWARD,F,150,150,,31.199262102413044
1788177927.9634328,logic1,0.3324069490400626,0.3859630184472799,0.24361444293401324,CENTER,True,,GAZE,FORWARD,F,150,150,,30.544681284910098
1788177927.9942448,logic1,0.3324069490400626,0.3859630184472799,0.20845394615308677,CENTER,True,,GAZE,FORWARD,F,150,150,,32.454861299183655
1788177928.030672,logic1,0.3324069490400626,0.3859630184472799,0.16640214524677926,CENTER,True,,GAZE,FORWARD,F,150,150,,27.453406554565746
1788177928.0605152,logic1,0.3324069490400626,0.3859630184472799,0.1383561109522207,CENTER,True,,GAZE,FORWARD,F,150,150,,33.50725378666837
1788177928.09769,logic1,0.3324069490400626,0.3859630184472799,0.11389090789684497,CENTER,True,,GAZE,FORWARD,F,150,150,,26.899841588476363
1788177928.1274629,logic1,0.3324069490400626,0.3859630184472799,0.12615300706395582,CENTER,True,,GAZE,FORWARD,F,150,150,,33.588288995307266
1788177928.1619499,logic1,0.44804774659779767,0.3842836462508298,0.15500004846398738,CENTER,True,,GAZE,FORWARD,F,150,150,,28.99582446146614
1788177928.1976871,logic1,0.5842168645611114,0.3848355068387313,0.18813258249155776,CENTER,True,,GAZE,FORWARD,F,150,150,,27.98254720128094
1788177928.2316785,logic1,0.731308413986588,0.41211497461696256,0.2205333080254545,LEFT,True,,GAZE,FORWARD,F,150,150,,29.419054365894887
1788177928.2628293,logic1,0.8535714574477948,0.4482963114522644,0.23566105440126542,LEFT,True,,GAZE,FORWARD,F,150,150,,32.10213156786958
1788177928.2990413,logic1,0.8966676109690215,0.48707867381971026,0.23310109954728592,LEFT,True,,GAZE,FORWARD,F,150,150,,27.614998189419627
1788177928.3312325,logic1,0.9194786914346793,0.5223667990552513,0.22821521170438103,LEFT,True,,GAZE,FORWARD,F,150,150,,31.06454647123738
1788177928.3632908,logic1,0.9194786914346793,0.5223667990552513,0.2120567412512765,LEFT,True,,GAZE,FORWARD,F,150,150,,31.19322931385819
1788177928.3986132,logic1,0.9194786914346793,0.5223667990552513,0.19212046343960937,LEFT,True,,GAZE,FORWARD,F,150,150,,28.311389209512047
1788177928.4299054,logic1,0.9194786914346793,0.5223667990552513,0.18492111808863826,LEFT,True,,GAZE,FORWARD,F,150,150,,31.95635842774531
1788177928.462707,logic1,0.9194786914346793,0.5223667990552513,0.17414076906095916,LEFT,True,,GAZE,FORWARD,F,150,150,,30.48629161215293
1788177928.4982636,logic1,0.9194786914346793,0.5223667990552513,0.17592627492638901,LEFT,True,,GAZE,FORWARD,F,150,150,,28.123832449358645
1788177928.5308247,logic1,0.9194786914346793,0.5223667990552513,0.18145408905721014,LEFT,True,,GAZE,FORWARD,F,150,150,,30.71130246316961
1788177928.5630374,logic1,0.8622134690220116,0.5104530032480047,0.19226602360413392,LEFT,False,,GAZE,STOPPED,S,131,131,,31.043623714010806
1788177928.598408,logic1,0.8622134690220116,0.5104530032480047,0.19616787985071055,LEFT,False,,GAZE,STOPPED,S,115,115,,28.272458258343274
1788177928.630669,logic1,0.8622134690220116,0.5104530032480047,0.19664091177329074,LEFT,False,,GAZE,STOPPED,S,100,100,,30.99682220612797
1788177928.662348,logic1,0.8622134690220116,0.5104530032480047,0.19372662992372866,LEFT,False,,GAZE,STOPPED,S,88,88,,31.56745040190264
1788177928.6986616,logic1,0.8622134690220116,0.5104530032480047,0.17623028766430773,LEFT,False,,GAZE,STOPPED,S,77,77,,27.537219165670916
1788177928.730261,logic1,0.8622134690220116,0.5104530032480047,0.17129196435045793,LEFT,False,,GAZE,STOPPED,S,67,67,,31.647003787707305
1788177928.7622945,logic1,0.8622134690220116,0.5104530032480047,0.17435165453986878,LEFT,False,,GAZE,STOPPED,S,59,59,,31.2166774584887
1788177928.798517,logic1,0.8622134690220116,0.5104530032480047,0.1663326877098515,LEFT,False,,GAZE,STOPPED,S,52,52,,27.607545778866026
1788177928.8300362,logic1,0.8622134690220116,0.5104530032480047,0.16864902712884677,LEFT,False,,GAZE,STOPPED,S,45,45,,31.726239192756594
1788177928.8620908,logic1,0.8622134690220116,0.5104530032480047,0.16781231580445383,LEFT,False,,GAZE,STOPPED,S,39,39,,31.196013387876533
1788177928.89899,logic1,0.8622134690220116,0.5104530032480047,0.16136692209675602,LEFT,False,,GAZE,STOPPED,S,35,35,,27.102165302179518
1788177928.9299114,logic1,0.8622134690220116,0.5104530032480047,0.1647884030162147,LEFT,False,,GAZE,STOPPED,S,30,30,,32.33950160375031
1788177928.9626513,logic1,0.8622134690220116,0.5104530032480047,0.15264730789299014,LEFT,False,,GAZE,STOPPED,S,26,26,,30.543569129491267
1788177928.9983075,logic1,0.8622134690220116,0.5104530032480047,0.1414157137799597,LEFT,False,,GAZE,STOPPED,S,23,23,,28.045227508274547
1788177929.030282,logic1,0.7213656559292386,0.4571302004611245,0.1621678346043945,LEFT,False,,GAZE,STOPPED,S,20,20,,31.274869324663896
1788177929.0622535,logic1,0.557910237866575,0.39062652581871016,0.18969648389654242,CENTER,False,,GAZE,STOPPED,S,18,18,,31.277901236409193
1788177929.0988224,logic1,0.39111345307487544,0.34262885179267266,0.2389933161807641,CENTER,False,,GAZE,STOPPED,S,15,15,,27.346012165941882
1788177929.1316488,logic1,0.3113295922093564,0.32751176922476233,0.28208180107584013,UP,False,,GAZE,STOPPED,S,14,14,,30.463706221583067
1788177929.1624162,logic1,0.310166653550102,0.3428475147077488,0.2914598510793212,CENTER,False,,GAZE,STOPPED,S,12,12,,32.50138705927935
1788177929.1990802,logic1,0.31840611349257375,0.3551211878874395,0.29838694901981117,CENTER,False,,GAZE,STOPPED,S,10,10,,27.27452676208374
1788177929.2315779,logic1,0.33842834675754147,0.354989524312615,0.2930018064705513,CENTER,False,,GAZE,STOPPED,S,9,9,,30.771686817701607
1788177929.262807,logic1,0.331681450365124,0.3501224040068569,0.2885052822020413,CENTER,False,,GAZE,STOPPED,S,8,8,,32.021743279662246
1788177929.2992218,logic1,0.32288158945250073,0.35109789672189784,0.2886717736451747,CENTER,False,,GAZE,STOPPED,S,7,7,,27.461315350116216
1788177929.3315592,logic1,0.31980374212983176,0.3505059875233405,0.2832083858358336,CENTER,False,,GAZE,STOPPED,S,6,6,,30.92346370774505
1788177929.3641746,logic1,0.3139792160797831,0.3464155348503634,0.2816915671699627,CENTER,False,,GAZE,STOPPED,S,5,5,,30.660789344795575
1788177929.3989553,logic1,0.3153925514813897,0.34815770595490203,0.28292115148878555,CENTER,False,,GAZE,STOPPED,S,5,5,,28.756669294847622
1788177929.4306853,logic1,0.325597122681044,0.3431632583614322,0.2841978912002254,CENTER,False,,GAZE,STOPPED,S,4,4,,31.50958591261494
1788177929.4617004,logic1,0.34200751974588367,0.34633329326023965,0.2860907127117367,CENTER,False,,GAZE,STOPPED,S,4,4,,32.241060172800786
1788177929.4994419,logic1,0.36084077928829444,0.3505294957795533,0.28547121515883256,CENTER,False,,GAZE,STOPPED,S,3,3,,26.496588669328347
1788177929.531371,logic1,0.3822629506981136,0.36027451895542406,0.28436833810129863,CENTER,False,,GAZE,STOPPED,S,3,3,,31.320175929867005
1788177929.563519,logic1,0.4011565004978254,0.3722736275774564,0.2847390528479615,CENTER,False,,GAZE,STOPPED,S,2,2,,31.10578463363987
1788177929.599894,logic1,0.40453763272680954,0.37191546676742016,0.2901303953801395,CENTER,False,,GAZE,STOPPED,S,2,2,,27.490833775750307
1788177929.6304824,logic1,0.40294585589845405,0.38241266324243883,0.2942898401071363,CENTER,False,,GAZE,STOPPED,S,2,2,,32.69239882771092
1788177929.663066,logic1,0.40095008967159673,0.391689616387784,0.2962006481127426,CENTER,False,,GAZE,STOPPED,S,2,2,,30.690628109816778
1788177929.6997652,logic1,0.39795245878281005,0.3929786462237259,0.29668371974051644,CENTER,False,,GAZE,STOPPED,S,1,1,,27.255739601135897
1788177929.7316139,logic1,0.396559744404024,0.40521847373503894,0.2948099894135594,CENTER,False,,GAZE,STOPPED,S,1,1,,31.388147604900208
1788177929.7631288,logic1,0.40318285720093944,0.40987766823370764,0.29589355884398494,CENTER,False,,GAZE,STOPPED,S,1,1,,31.73151965864988
1788177929.7992592,logic1,0.4069657065614855,0.40641449310391153,0.30209655368076216,CENTER,False,,GAZE,STOPPED,S,1,1,,27.677684587009455
1788177929.8303382,logic1,0.4088493047746382,0.4087365655116749,0.305366335806889,CENTER,False,,GAZE,STOPPED,S,1,1,,32.17576482862316
1788177929.862133,logic1,0.4132328377123079,0.40784582515260936,0.3088633097181933,CENTER,False,,GAZE,STOPPED,S,1,1,,31.451461479626268
1788177929.8983617,logic1,0.4104820870912609,0.4027327926887997,0.31084597102620626,CENTER,False,,GAZE,STOPPED,S,1,1,,27.6026402900897
1788177929.930588,logic1,0.4043099766353996,0.39803033845604113,0.3097356694642602,CENTER,False,,GAZE,STOPPED,S,1,1,,31.030762173919477
1788177929.9630444,logic1,0.4029309115600574,0.38944383264074045,0.3076474297062338,CENTER,False,,GAZE,STOPPED,S,0,0,,30.81079254541581
1788177929.9991736,logic1,0.4010036372736902,0.38208271535037164,0.30751795635566004,CENTER,False,,GAZE,STOPPED,S,0,0,,27.67841517253212
1788177930.030592,logic1,0.40181803595298815,0.3799701873859323,0.30681704542310195,CENTER,False,,GAZE,STOPPED,S,0,0,,31.82831862436352
1788177930.0619142,logic1,0.4040858109803826,0.37868441599345093,0.30540643193762057,CENTER,False,,GAZE,STOPPED,S,0,0,,31.924980971228496
1788177930.0973465,logic1,0.4063653851028486,0.3831933910786123,0.3074312057891356,CENTER,False,,GAZE,STOPPED,S,0,0,,28.222805388456
1788177930.130016,logic1,0.4087835278342893,0.39066597110561324,0.3056760202059185,CENTER,False,,GAZE,STOPPED,S,0,0,,30.610442118783844
1788177930.1614928,logic1,0.41357392297899503,0.3967289951044547,0.30421419791273935,CENTER,False,,GAZE,STOPPED,S,0,0,,31.769254075016665
1788177930.1973252,logic1,0.42231903026918893,0.40465603955127016,0.3050407743995539,CENTER,False,,GAZE,STOPPED,S,0,0,,27.906956938308404
1788177930.2291334,logic1,0.4228824724763095,0.4073267579684306,0.3031988847518419,CENTER,False,,GAZE,STOPPED,S,0,0,,31.438731148622313
1788177930.2608817,logic1,0.4218551059874273,0.40809151666085014,0.30312902621854676,CENTER,False,,GAZE,STOPPED,S,0,0,,31.49846424199641
1788177930.2990518,logic1,0.4244930193260552,0.41192417822728833,0.3051074599731439,CENTER,False,,GAZE,STOPPED,S,0,0,,26.198680791525085
1788177930.3311872,logic1,0.42308340776456926,0.4159908358847501,0.30320694919486324,CENTER,False,,GAZE,STOPPED,S,0,0,,31.118477575397854
1788177930.3641229,logic1,0.42498125287523847,0.42003639484583616,0.30366079460148054,CENTER,False,,GAZE,STOPPED,S,0,0,,30.362264915811267
1788177930.3984659,logic1,0.4301654002991277,0.4263439636326564,0.3058222650532981,CENTER,False,,GAZE,STOPPED,S,0,0,,29.119022493751736
1788177930.4292767,logic1,0.43140027573366435,0.4300629153407027,0.3063011512641681,CENTER,False,,GAZE,STOPPED,S,0,0,,32.4538568079295
1788177930.4614058,logic1,0.42812955166878564,0.43107895660400325,0.31023847479509115,CENTER,False,,GAZE,STOPPED,S,0,0,,31.12448148175632
1788177930.4977748,logic1,0.4287775648616514,0.4311593670129942,0.31598087351448745,CENTER,False,,GAZE,STOPPED,S,0,0,,27.496060101480246
1788177930.529057,logic1,0.4266438608565491,0.42918752835652174,0.31772761090338664,CENTER,False,,GAZE,STOPPED,S,0,0,,31.967074927404788
1788177930.5614023,logic1,0.42162084530870025,0.4281676506799923,0.31951405158116625,CENTER,False,,GAZE,STOPPED,S,0,0,,30.915941858065278
1788177930.5966609,logic1,0.4263118509173366,0.424852005203273,0.3194213549286711,CENTER,False,,GAZE,STOPPED,S,0,0,,28.36231345049803
1788177930.629115,logic1,0.43042421389567226,0.4267829122815047,0.3177869331308094,CENTER,False,,GAZE,STOPPED,S,0,0,,30.81215059687787
1788177930.6630902,logic1,0.4319041647567572,0.42910765373052817,0.31720832202890525,CENTER,False,,GAZE,STOPPED,S,0,0,,29.43391883451814
1788177930.6987834,logic1,0.43660511191367285,0.4287530734430735,0.315061882495292,CENTER,False,,GAZE,STOPPED,S,0,0,,28.01750131927884
1788177930.7311742,logic1,0.43689228173163563,0.431264311347766,0.31422829145555536,CENTER,False,,GAZE,STOPPED,S,0,0,,30.872478083895803
1788177930.7622297,logic1,0.433002010395509,0.43064392832795606,0.3116597938364471,CENTER,False,,GAZE,STOPPED,S,0,0,,32.20046677312369
1788177930.7979689,logic1,0.4303319696657124,0.42693209981800845,0.3120555246124822,CENTER,False,,GAZE,STOPPED,S,0,0,,27.98030713399421
1788177930.8303123,logic1,0.4279909922269437,0.42558191048385174,0.31350777893160964,CENTER,False,,GAZE,STOPPED,S,0,0,,30.918220820003242
1788177930.8627841,logic1,0.420432036672123,0.42464676394586326,0.31351117426073877,CENTER,False,,GAZE,STOPPED,S,0,0,,30.796314108447447
1788177930.898442,logic1,0.4179342565212226,0.42323024275460214,0.31419501580586934,CENTER,False,,GAZE,STOPPED,S,0,0,,28.04391489816932
1788177930.9295506,logic1,0.41467167685818973,0.42270127956858644,0.3124030775107415,CENTER,False,,GAZE,STOPPED,S,0,0,,32.14518700183936
1788177930.962338,logic1,0.4075964766436473,0.42022287821255244,0.31085115958236237,CENTER,False,,GAZE,STOPPED,S,0,0,,30.49981457107745
1788177930.9984357,logic1,0.4129669612602068,0.4144690551745148,0.3094761828384296,CENTER,False,,GAZE,STOPPED,S,0,0,,27.702363182436628
1788177931.0301473,logic1,0.4115176178754719,0.41015596614585553,0.3084197526465361,CENTER,False,,GAZE,STOPPED,S,0,0,,31.53422350535306
1788177931.0622246,logic1,0.4115176178754719,0.41015596614585553,0.2560143157919278,CENTER,False,,GAZE,STOPPED,S,0,0,,31.174681512092878
1788177931.0983472,logic1,0.4115176178754719,0.41015596614585553,0.1916604176627944,CENTER,False,,GAZE,STOPPED,S,0,0,,27.684078518342506
1788177931.1302133,logic1,0.4115176178754719,0.41015596614585553,0.13327208313140804,CENTER,False,,GAZE,STOPPED,S,0,0,,31.381337164062966
1788177931.1621537,logic1,0.4115176178754719,0.41015596614585553,0.08717852405710907,CENTER,False,,GAZE,STOPPED,S,0,0,,31.308019019325368
1788177931.1986465,logic1,0.4115176178754719,0.41015596614585553,0.11142406987214781,CENTER,False,,GAZE,STOPPED,S,0,0,,27.402289238488475
1788177931.2311924,logic1,0.4148757823790249,0.3954058694339423,0.1570762304480543,CENTER,False,,GAZE,STOPPED,S,0,0,,30.726601418273457
1788177931.262808,logic1,0.42032629297203505,0.3833334846641412,0.20344387366849387,CENTER,False,,GAZE,STOPPED,S,0,0,,31.62934362934363
1788177931.2986698,logic1,0.4176196019958109,0.37593394043101813,0.2394754962568645,CENTER,False,,GAZE,STOPPED,S,0,0,,27.884878502808895
1788177931.3294728,logic1,0.420200222138171,0.3677885160602147,0.25890031145673736,CENTER,False,,GAZE,STOPPED,S,0,0,,32.46315072522097
1788177931.362562,logic1,0.41557623805069094,0.3764297747638061,0.269185739650601,CENTER,False,,GAZE,STOPPED,S,0,0,,30.222465611286847
1788177931.3983908,logic1,0.41600540597330316,0.3786483228601305,0.2585530862225868,CENTER,False,,GAZE,STOPPED,S,0,0,,27.910299578115225
1788177931.4299777,logic1,0.41600540597330316,0.3786483228601305,0.20637726958666627,CENTER,False,,GAZE,STOPPED,S,0,0,,31.658469574143684
1788177931.4621644,logic1,0.41600540597330316,0.3786483228601305,0.15551462940712643,CENTER,False,,GAZE,STOPPED,S,0,0,,31.069608954273058
1788177931.4999163,logic1,0.41600540597330316,0.3786483228601305,0.10169267416446427,CENTER,False,,GAZE,STOPPED,S,0,0,,26.489058424539444
1788177931.530645,logic1,0.41600540597330316,0.3786483228601305,0.06990668580434965,CENTER,False,,GAZE,STOPPED,S,0,0,,32.54223822233257
1788177931.5617347,logic1,0.41600540597330316,0.3786483228601305,0.08607197305627128,CENTER,False,,GAZE,STOPPED,S,0,0,,32.16441465621693
1788177931.5990949,logic1,0.4229299940929995,0.3695951610590067,0.1254071010135245,CENTER,False,,GAZE,STOPPED,S,0,0,,26.766287388083036
1788177931.6307957,logic1,0.43147226764814306,0.36863694214491294,0.17716795781746092,CENTER,False,,GAZE,STOPPED,S,0,0,,31.54489594849695
1788177931.66228,logic1,0.44068225283926576,0.36573469251111773,0.2268493632051183,CENTER,False,,GAZE,STOPPED,S,0,0,,31.762036742544716
1788177931.696412,logic1,0.4459351571706516,0.3691242806224424,0.27074755677440354,CENTER,False,,GAZE,STOPPED,S,0,0,,29.298016205644036
1788177931.7299972,logic1,0.44650887768967285,0.38072048829418137,0.28896630159219144,CENTER,False,,GAZE,STOPPED,S,0,0,,29.77471107703666
1788177931.7627864,logic1,0.4399929954607923,0.3859528431284147,0.2981100445970277,CENTER,False,,GAZE,STOPPED,S,0,0,,30.49892745213528
1788177931.7989128,logic1,0.43961006797272073,0.3868843593710003,0.30386978614039994,CENTER,False,,GAZE,STOPPED,S,0,0,,27.680059130985693
1788177931.8306305,logic1,0.4379426473021538,0.3871073744380741,0.30677294022232343,CENTER,False,,GAZE,STOPPED,S,0,0,,31.528297490096442
1788177931.862557,logic1,0.43369468631511965,0.3895158277351103,0.30769754635006286,CENTER,False,,GAZE,STOPPED,S,0,0,,31.321345361132686
1788177931.8982973,logic1,0.4354367103020415,0.39061635176169784,0.31061939940722816,CENTER,False,,GAZE,STOPPED,S,0,0,,27.980120477909047
1788177931.9310267,logic1,0.4341146128056716,0.39642461610865704,0.31102848968748553,CENTER,False,,GAZE,STOPPED,S,0,0,,30.552913752913753
1788177931.9627888,logic1,0.43344535391578004,0.39420969166962266,0.3095670134784593,CENTER,False,,GAZE,STOPPED,S,0,0,,31.484514104700565
1788177931.9989865,logic1,0.4375041343575867,0.3936118194933046,0.3111758082639733,CENTER,False,,GAZE,STOPPED,S,0,0,,27.626639265977698
1788177932.0301652,logic1,0.4384782668101308,0.3936394411835152,0.31185914446874946,CENTER,False,,GAZE,STOPPED,S,0,0,,32.07316494995144
1788177932.063852,logic1,0.437575471224311,0.39009737608759654,0.30784198340019864,CENTER,False,,GAZE,STOPPED,S,0,0,,29.68494062026696
1788177932.0984974,logic1,0.437575471224311,0.39009737608759654,0.24939394218121785,CENTER,False,,GAZE,STOPPED,S,0,0,,28.86273646254103
1788177932.1281934,logic1,0.437575471224311,0.39009737608759654,0.18980773546215313,CENTER,False,,GAZE,STOPPED,S,0,0,,33.675123643137006
1788177932.162549,logic1,0.437575471224311,0.39009737608759654,0.13155939871398123,CENTER,False,,GAZE,STOPPED,S,0,0,,29.107503973018176
1788177932.1982079,logic1,0.437575471224311,0.39009737608759654,0.08954223326279297,CENTER,False,,GAZE,STOPPED,S,0,0,,28.04391489816932
1788177932.2309105,logic1,0.437575471224311,0.39009737608759654,0.10900355330209661,CENTER,False,,GAZE,STOPPED,S,0,0,,30.57852950825648
1788177932.2606287,logic1,0.437575471224311,0.39009737608759654,0.10754214541370785,CENTER,False,,GAZE,STOPPED,S,0,0,,33.64918811372826
1788177932.2963035,logic1,0.437575471224311,0.39009737608759654,0.09839900951448331,CENTER,False,,GAZE,STOPPED,S,0,0,,28.03098288456269
1788177932.3306663,logic1,0.437575471224311,0.39009737608759654,0.07835863490955586,CENTER,False,,GAZE,STOPPED,S,0,0,,29.101849089332177
1788177932.3623092,logic1,0.437575471224311,0.39009737608759654,0.05667506569833148,CENTER,False,,GAZE,STOPPED,S,0,0,,31.601699767939483
1788177932.3991816,logic1,0.437575471224311,0.39009737608759654,0.084721847158874,CENTER,False,,GAZE,STOPPED,S,0,0,,27.12109200716452
1788177932.430946,logic1,0.436996705911124,0.38375956043059634,0.13767476864677922,CENTER,False,,GAZE,STOPPED,S,0,0,,31.481205716344423
1788177932.4631014,logic1,0.43221859539973384,0.37948896095976403,0.19644882544557357,CENTER,False,,GAZE,STOPPED,S,0,0,,31.099326749117655
1788177932.499544,logic1,0.4279716468900432,0.3774104066729095,0.25675274035697193,CENTER,False,,GAZE,STOPPED,S,0,0,,27.440474710665942
1788177932.5312235,logic1,0.4278201189079032,0.3753107126943779,0.28745451213261036,CENTER,False,,GAZE,STOPPED,S,0,0,,31.567212818640918
1788177932.5598102,logic1,0.4252169856594978,0.3837803033367821,0.2983928709987077,CENTER,False,,GAZE,STOPPED,S,0,0,,34.9808094876692
1788177932.596046,logic1,0.4257727919811711,0.38726979757301205,0.3038624253674407,CENTER,False,,GAZE,STOPPED,S,0,0,,27.596647059597593
1788177932.6303706,logic1,0.4283813203459892,0.38718881707717756,0.3044822225661482,CENTER,False,,GAZE,STOPPED,S,0,0,,29.133585241164702
1788177932.6614897,logic1,0.42833360449888547,0.3860369310084392,0.30298009080682586,CENTER,False,,GAZE,STOPPED,S,0,0,,32.133366021083596
1788177932.6978252,logic1,0.43137913325172783,0.3854786751192639,0.3051251125640938,CENTER,False,,GAZE,STOPPED,S,0,0,,27.521860379661284
1788177932.7299056,logic1,0.43200904004511953,0.38235847595542694,0.3045269857008285,CENTER,False,,GAZE,STOPPED,S,0,0,,31.17190124411017
1788177932.7623436,logic1,0.4301677673945282,0.3802625356018038,0.30357409421303205,CENTER,False,,GAZE,STOPPED,S,0,0,,30.827776797789145
1788177932.7984655,logic1,0.43042224209877294,0.3793510314011483,0.30662127971091313,CENTER,False,,GAZE,STOPPED,S,0,0,,27.684443975076565
1788177932.8313465,logic1,0.431150091440593,0.37833657921566044,0.3051306144610172,CENTER,False,,GAZE,STOPPED,S,0,0,,30.412018910061196
1788177932.8625104,logic1,0.4311339998015321,0.37805026977771494,0.3042846807376067,CENTER,False,,GAZE,STOPPED,S,0,0,,32.088869167387095
1788177932.8992312,logic1,0.43598956029068914,0.372594414725087,0.29691707569534337,CENTER,False,,GAZE,STOPPED,S,0,0,,27.23238042059746
1788177932.9301775,logic1,0.43598956029068914,0.372594414725087,0.2539033432141273,CENTER,False,,GAZE,STOPPED,S,0,0,,32.3145859656692
1788177932.9624877,logic1,0.43598956029068914,0.372594414725087,0.20501075567444377,CENTER,False,,GAZE,STOPPED,S,0,0,,30.950161602148793
1788177932.9982212,logic1,0.43598956029068914,0.372594414725087,0.1694725902470942,CENTER,False,,GAZE,STOPPED,S,0,0,,27.984974345630082
1788177933.0303385,logic1,0.4349405025619244,0.35992150906310566,0.15900452612053223,CENTER,False,,GAZE,STOPPED,S,0,0,,31.134878334842703
1788177933.0631645,logic1,0.4340106007185875,0.3481645686658079,0.18964206145784046,CENTER,False,,GAZE,STOPPED,S,0,0,,30.463927484547614
1788177933.0970154,logic1,0.43399598834609227,0.3412892393598101,0.2339403011683674,CENTER,False,,GAZE,STOPPED,S,0,0,,29.541304822476246
1788177933.1303768,logic1,0.4278402875247546,0.34373118823458004,0.2683413792464128,CENTER,False,,GAZE,STOPPED,S,0,0,,29.975158297957492
1788177933.1629207,logic1,0.4273167540206463,0.35308993429569246,0.2851263890960518,CENTER,False,,GAZE,STOPPED,S,0,0,,30.727501831501833
1788177933.1985931,logic1,0.42505129446394097,0.3616660774181401,0.29687264562026106,CENTER,False,,GAZE,STOPPED,S,0,0,,28.03304371073386
1788177933.2308753,logic1,0.4248166638791766,0.3680504041071755,0.300599073628301,CENTER,False,,GAZE,STOPPED,S,0,0,,30.976676858539754
1788177933.2628453,logic1,0.4268995638235992,0.36805902906963966,0.3014802471320885,CENTER,False,,GAZE,STOPPED,S,0,0,,31.27906751284556
1788177933.2990663,logic1,0.42599734553334495,0.3711863581981465,0.30358661454378677,CENTER,False,,GAZE,STOPPED,S,0,0,,27.60845439406007
1788177933.331216,logic1,0.4270052563854103,0.3704537729852616,0.3026193061184853,CENTER,False,,GAZE,STOPPED,S,0,0,,31.104861914508618
1788177933.3630848,logic1,0.425559798378913,0.36893486165641654,0.3017468193106584,CENTER,False,,GAZE,STOPPED,S,0,0,,31.378519915013317
1788177933.3992205,logic1,0.4246472518785925,0.37103949517417395,0.3038359154856899,CENTER,False,,GAZE,STOPPED,S,0,0,,27.67330188368027
1788177933.428358,logic1,0.42720881476161454,0.3686941426615604,0.30356983877323357,CENTER,False,,GAZE,STOPPED,S,0,0,,34.32074560793395
1788177933.4636226,logic1,0.42790918988369686,0.36766606886717074,0.30257686595485767,CENTER,False,,GAZE,STOPPED,S,0,0,,28.356560951370064
1788177933.4987688,logic1,0.4287857463770947,0.3706986560620986,0.3053392984956342,CENTER,False,,GAZE,STOPPED,S,0,0,,28.452548604610147
1788177933.5309777,logic1,0.42940275280581486,0.3690724923834924,0.3055222446813662,CENTER,False,,GAZE,STOPPED,S,0,0,,31.047300398241223
1788177933.5623355,logic1,0.4306161869516037,0.3707351473115484,0.3036318343002122,CENTER,False,,GAZE,STOPPED,S,0,0,,31.889785211936893
1788177933.598973,logic1,0.4416017154853342,0.37957079251765113,0.3018260974726296,CENTER,False,,GAZE,STOPPED,S,0,0,,27.294760748892084
1788177933.6311383,logic1,0.4539316459041418,0.38865947798664857,0.29819725277369996,CENTER,False,,GAZE,STOPPED,S,0,0,,31.088953621963785
1788177933.6629393,logic1,0.4672016831010649,0.39343916423095876,0.29236001042428045,CENTER,False,,GAZE,STOPPED,S,0,0,,31.4460380414002
1788177933.6993196,logic1,0.477053313518136,0.4070778473460088,0.29208135811561914,CENTER,False,,GAZE,STOPPED,S,0,0,,27.487410708434368
1788177933.7312748,logic1,0.4763205543351538,0.41117900581227157,0.29224991797778366,CENTER,False,,GAZE,STOPPED,S,0,0,,31.294470517134606
1788177933.7632387,logic1,0.47643230167228745,0.40657513890373,0.2860557895111743,CENTER,False,,GAZE,STOPPED,S,0,0,,31.28490019989856
1788177933.7962856,logic1,0.47550300866877016,0.4088193663651504,0.281682591569533,CENTER,False,,GAZE,STOPPED,S,0,0,,30.260187002193234
1788177933.83021,logic1,0.47516375379194625,0.4008469592531774,0.2727430367669139,CENTER,False,,GAZE,STOPPED,S,0,0,,29.476530820209007
1788177933.8632593,logic1,0.4758801676851629,0.39738361311757625,0.2658286913679791,CENTER,False,,GAZE,STOPPED,S,0,0,,30.258658875302096
1788177933.896424,logic1,0.473297989485994,0.40153652108456606,0.26574613989725954,CENTER,False,,GAZE,STOPPED,S,0,0,,30.15228893489763
1788177933.930968,logic1,0.4714960197899273,0.4010061057847628,0.26738920278717626,CENTER,False,,GAZE,STOPPED,S,0,0,,28.947795599480994
1788177933.9618967,logic1,0.46861053704277894,0.4035946453649819,0.26969599336928474,CENTER,False,,GAZE,STOPPED,S,0,0,,32.33277059580799
1788177933.9990356,logic1,0.4575720424793813,0.3956917095741169,0.26929781473127623,CENTER,False,,GAZE,STOPPED,S,0,0,,26.92591736640731
1788177934.0305982,logic1,0.43705627033376615,0.39095297039553584,0.2686335618121094,CENTER,False,,GAZE,STOPPED,S,0,0,,31.68334063543382
1788177934.0621793,logic1,0.41088805312401894,0.3879196867336012,0.26648550368090207,CENTER,False,,GAZE,STOPPED,S,0,0,,31.664444628985134
1788177934.0970256,logic1,0.39124178849943014,0.3841200806953127,0.26724978687847173,CENTER,False,,GAZE,STOPPED,S,0,0,,28.700588476803066
1788177934.1305313,logic1,0.380985907003891,0.3921027654515288,0.27036191491849876,CENTER,False,,GAZE,STOPPED,S,0,0,,29.84207755247243
1788177934.1623766,logic1,0.3750964911533905,0.3919411894214778,0.2712849976658132,CENTER,False,,GAZE,STOPPED,S,0,0,,31.401777358518817
1788177934.1982453,logic1,0.37908205371348924,0.39463254171983697,0.2728124507369384,CENTER,False,,GAZE,STOPPED,S,0,0,,27.87987397136438
1788177934.230466,logic1,0.38084880342691485,0.39807809792336957,0.27436012388762776,CENTER,False,,GAZE,STOPPED,S,0,0,,31.036043302279808
1788177934.26263,logic1,0.37926824085884925,0.3980043086599479,0.2736387065834232,CENTER,False,,GAZE,STOPPED,S,0,0,,31.09079722767874
1788177934.298471,logic1,0.387189949763395,0.39668689737097623,0.27318733388110084,CENTER,False,,GAZE,STOPPED,S,0,0,,27.900645247122995
1788177934.3311398,logic1,0.40996912984447026,0.39421554555941285,0.2729389723369818,CENTER,False,,GAZE,STOPPED,S,0,0,,30.610442118783844
1788177934.3621957,logic1,0.4286497682598094,0.3886368312744162,0.26902642025350815,CENTER,False,,GAZE,STOPPED,S,0,0,,32.19923077513607
1788177934.3980324,logic1,0.4515293609842169,0.38537767456486033,0.2663796052685832,CENTER,False,,GAZE,STOPPED,S,0,0,,27.904728956542566
1788177934.4283502,logic1,0.4711969855630854,0.38665328406981386,0.26596011910176265,CENTER,False,,GAZE,STOPPED,S,0,0,,32.98368236043503
1788177934.4624045,logic1,0.4703907624072177,0.3895474850940249,0.26567003283856383,CENTER,False,,GAZE,STOPPED,S,0,0,,29.364679525326427
1788177934.4984274,logic1,0.4715935125440538,0.39312473489696165,0.2664948436873099,CENTER,False,,GAZE,STOPPED,S,0,0,,27.760485541634402
1788177934.5299215,logic1,0.47120423366021325,0.39430453555067374,0.26869288632118676,CENTER,False,,GAZE,STOPPED,S,0,0,,31.751697616145712
1788177934.5626726,logic1,0.47486475453422994,0.3945001040537834,0.26801756134710575,CENTER,False,,GAZE,STOPPED,S,0,0,,30.534230220436214
1788177934.5981314,logic1,0.47770698702649783,0.3968062007343729,0.2679441181823453,CENTER,False,,GAZE,STOPPED,S,0,0,,28.20117261040288
1788177934.630815,logic1,0.4820344608239721,0.39687611607814877,0.26836604038677914,CENTER,False,,GAZE,STOPPED,S,0,0,,30.596374512163987
1788177934.662805,logic1,0.4859130482963003,0.399078106498864,0.2668782842902913,CENTER,False,,GAZE,STOPPED,S,0,0,,31.259951555803987
1788177934.6985953,logic1,0.4839398190917714,0.3993854161620459,0.26723253000066793,CENTER,False,,GAZE,STOPPED,S,0,0,,27.940233284704597
1788177934.7300928,logic1,0.4838609914757149,0.3967798044191188,0.2673327487673389,CENTER,False,,GAZE,STOPPED,S,0,0,,31.74881347977806
1788177934.7626696,logic1,0.4808799020902043,0.3949672090710398,0.26614048266359713,CENTER,False,,GAZE,STOPPED,S,0,0,,30.696692696707334
1788177934.798078,logic1,0.47774830954343306,0.39554217219377696,0.26545775273821814,CENTER,False,,GAZE,STOPPED,S,0,0,,28.242189183365653
1788177934.8303525,logic1,0.47628671769056075,0.3945922299109308,0.26358432159545814,CENTER,False,,GAZE,STOPPED,S,0,0,,30.98399940902711
1788177934.8626635,logic1,0.4716170538973058,0.3960923305464756,0.2633769881497624,CENTER,False,,GAZE,STOPPED,S,0,0,,30.949248092560616
1788177934.898685,logic1,0.46673441490735584,0.3982690121820916,0.26188940983255904,CENTER,False,,GAZE,STOPPED,S,0,0,,27.761220505013736
1788177934.9310458,logic1,0.46688540469964995,0.3986323704718383,0.2615576569862528,CENTER,False,,GAZE,STOPPED,S,0,0,,30.901819789287558
1788177934.9628067,logic1,0.46450803391251744,0.3998717673510171,0.2630239653990331,CENTER,False,,GAZE,STOPPED,S,0,0,,31.484986788373767
1788177934.9976957,logic1,0.47036247803680686,0.40382655796232103,0.26127235140364424,CENTER,False,,GAZE,STOPPED,S,0,0,,28.662147386835777
1788177935.0311685,logic1,0.48079643946252953,0.40423301437050035,0.26258112725280347,CENTER,False,,GAZE,STOPPED,S,0,0,,29.875662430907745
1788177935.0621538,logic1,0.4865269413142791,0.40091101590836037,0.26252422944011916,CENTER,False,,GAZE,STOPPED,S,0,0,,32.2720690636854
1788177935.0972078,logic1,0.4929204040026608,0.40150556320760133,0.2615119678560641,CENTER,False,,GAZE,STOPPED,S,0,0,,28.528216673581685
1788177935.1311514,logic1,0.49502760321770417,0.39316685040090504,0.26269174060011335,CENTER,False,,GAZE,STOPPED,S,0,0,,29.46038167885314
1788177935.1629457,logic1,0.49535746278500625,0.39102970501467027,0.2624618855360039,CENTER,False,,GAZE,STOPPED,S,0,0,,31.452169022533838
1788177935.1987646,logic1,0.49128895143735973,0.39290640924304976,0.2645595868867075,CENTER,False,,GAZE,STOPPED,S,0,0,,27.925537297930703
1788177935.2307746,logic1,0.4889156843106871,0.3888790635700038,0.26718876304455363,CENTER,False,,GAZE,STOPPED,S,0,0,,31.230856291883843
1788177935.2629087,logic1,0.48547278354588,0.38748791720318154,0.26836942676292763,CENTER,False,,GAZE,STOPPED,S,0,0,,31.119401102529288
1788177935.2987835,logic1,0.4818155634702862,0.3882393989029382,0.2678900271462383,CENTER,False,,GAZE,STOPPED,S,0,0,,27.87487123593564
1788177935.3307328,logic1,0.4805666872478147,0.3829730495547842,0.26652735170022995,CENTER,False,,GAZE,STOPPED,S,0,0,,31.29984179576729
1788177935.3634222,logic1,0.48292948698146787,0.3822203195351226,0.263795029588144,CENTER,False,,GAZE,STOPPED,S,0,0,,30.59079571147254
1788177935.3983617,logic1,0.4859382187477437,0.38112919744796336,0.2587567304270226,CENTER,False,,GAZE,STOPPED,S,0,0,,28.62048871026073
1788177935.431012,logic1,0.48571725619382694,0.37867805978726243,0.2560574176185724,CENTER,False,,GAZE,STOPPED,S,0,0,,30.629219062641486
1788177935.4623206,logic1,0.48720095549863984,0.37890060203263687,0.25268716265826696,CENTER,False,,GAZE,STOPPED,S,0,0,,31.93908103744993
1788177935.4990976,logic1,0.48304921278130764,0.3849093671544585,0.2517874698514398,CENTER,False,,GAZE,STOPPED,S,0,0,,27.19106921745444
1788177935.5311854,logic1,0.47975806479363525,0.39028237463376314,0.253073685427157,CENTER,False,,GAZE,STOPPED,S,0,0,,31.164489620019914
1788177935.5622554,logic1,0.47881102179375107,0.3915727534601493,0.25536975591069977,CENTER,False,,GAZE,STOPPED,S,0,0,,32.18490012968178
1788177935.5985608,logic1,0.4747422615691764,0.39627363688281814,0.2574271344258423,CENTER,False,,GAZE,STOPPED,S,0,0,,27.5440909926712
1788177935.6299222,logic1,0.4774365314751254,0.39330295174046315,0.2575836164643943,CENTER,False,,GAZE,STOPPED,S,0,0,,31.886875936048412
1788177935.662516,logic1,0.47647965761111066,0.3884823871663039,0.25877733839881856,CENTER,False,,GAZE,STOPPED,S,0,0,,30.680076950647717
1788177935.6985376,logic1,0.47040199937775273,0.3942716276197585,0.2606283609658222,CENTER,False,,GAZE,STOPPED,S,0,0,,27.761404251939318
1788177935.7308013,logic1,0.4754952778390573,0.38982996906563416,0.2612469574695036,CENTER,False,,GAZE,STOPPED,S,0,0,,30.99521877609536
1788177935.762687,logic1,0.4737769672019563,0.3868733952022206,0.2621152366585062,CENTER,False,,GAZE,STOPPED,S,0,0,,31.36139254230191
1788177935.7956274,logic1,0.4714657073580275,0.39296504874088733,0.2614436949930382,CENTER,False,,GAZE,STOPPED,S,0,0,,30.357869747108467
1788177935.830449,logic1,0.4786740933914023,0.3866039897647117,0.26033858422141226,CENTER,False,,GAZE,STOPPED,S,0,0,,28.717291431310123
1788177935.8622546,logic1,0.47629773627507666,0.3868031376796941,0.2608040213116568,CENTER,False,,GAZE,STOPPED,S,0,0,,31.441087839762524
1788177935.8997755,logic1,0.4738096784428067,0.389865599083704,0.2605380498553122,CENTER,False,,GAZE,STOPPED,S,0,0,,26.652161756856366
1788177935.9307773,logic1,0.47567485522661196,0.3836890237131635,0.2597991142338428,CENTER,False,,GAZE,STOPPED,S,0,0,,32.25593700012305
1788177935.960279,logic1,0.4744579683169302,0.38365268775695727,0.2593650742094039,CENTER,False,,GAZE,STOPPED,S,0,0,,33.89637866800281
1788177935.9972672,logic1,0.46976404668161154,0.38803785119427636,0.2579601114532656,CENTER,False,,GAZE,STOPPED,S,0,0,,27.035606548923553
1788177936.0302553,logic1,0.4725897740226265,0.3851195522070981,0.25653039810535955,CENTER,False,,GAZE,STOPPED,S,0,0,,30.313768854390265
1788177936.062169,logic1,0.4708877468914651,0.39042540520923974,0.2576471490328088,CENTER,False,,GAZE,STOPPED,S,0,0,,31.335619457456424
1788177936.0988984,logic1,0.4689261315042445,0.39465450787693745,0.25709427956639125,CENTER,False,,GAZE,STOPPED,S,0,0,,27.2254865050825
1788177936.1303804,logic1,0.47528422879911336,0.393303543481241,0.2579553722529039,CENTER,False,,GAZE,STOPPED,S,0,0,,31.764682716993708
1788177936.161773,logic1,0.47333849739032813,0.3993044007576747,0.2588411378682604,CENTER,False,,GAZE,STOPPED,S,0,0,,31.853699287634612
1788177936.1989765,logic1,0.47171939969513754,0.4018220280312397,0.2586238191340611,CENTER,False,,GAZE,STOPPED,S,0,0,,26.879155104682685
1788177936.2301707,logic1,0.4743273076420914,0.397194631443405,0.2604488298832801,CENTER,False,,GAZE,STOPPED,S,0,0,,32.05821116835074
1788177936.262307,logic1,0.47315213979736914,0.3980939273498917,0.260579921606263,CENTER,False,,GAZE,STOPPED,S,0,0,,31.117554103079627
1788177936.2966976,logic1,0.46853623715125603,0.39938619411684545,0.26164592827380406,CENTER,False,,GAZE,STOPPED,S,0,0,,29.076026148502976
1788177936.3284025,logic1,0.44922813234294917,0.39987223150933626,0.2636795177816216,CENTER,False,,GAZE,STOPPED,S,0,0,,31.540626104481092
1788177936.362306,logic1,0.4221157793371399,0.4068902537061657,0.26542638457448064,CENTER,False,,GAZE,STOPPED,S,0,0,,29.496845880656846
1788177936.3941526,logic1,0.3952434518633432,0.4116500702779031,0.26696618406087974,CENTER,False,,GAZE,STOPPED,S,0,0,,31.400836995500587
1788177936.430277,logic1,0.37538509104531365,0.41300329715876116,0.2705544637344213,CENTER,False,,GAZE,STOPPED,S,0,0,,27.681703284736567
1788177936.4627242,logic1,0.3733147749956986,0.4127183560858919,0.27103571884161703,CENTER,False,,GAZE,STOPPED,S,0,0,,30.82007495040047
1788177936.4979997,logic1,0.3728950100925363,0.40805942818100616,0.26784704922390146,CENTER,False,,GAZE,STOPPED,S,0,0,,28.347744983407566
1788177936.53036,logic1,0.37243854225769074,0.4064258468451152,0.2690326006307724,CENTER,False,,GAZE,STOPPED,S,0,0,,30.90318587722142
1788177936.5622408,logic1,0.3700410343532941,0.4030936210398884,0.26771314144609615,CENTER,False,,GAZE,STOPPED,S,0,0,,31.36631767873168
1788177936.5984638,logic1,0.36416001815359345,0.4007943493905253,0.26741278161345916,CENTER,False,,GAZE,STOPPED,S,0,0,,27.606818929770288
1788177936.6298888,logic1,0.35979087581538194,0.4023495386615641,0.27144749577492566,CENTER,False,,GAZE,STOPPED,S,0,0,,31.821315853362467
1788177936.6618786,logic1,0.3567972518213752,0.397907420188079,0.2708757884710867,CENTER,False,,GAZE,STOPPED,S,0,0,,31.259951555803987
1788177936.6982107,logic1,0.3583107449368685,0.4004524653576263,0.2690725165007278,CENTER,False,,GAZE,STOPPED,S,0,0,,27.524027640153033
1788177936.7293282,logic1,0.3623080617042852,0.40141477680674365,0.26879769088761324,CENTER,False,,GAZE,STOPPED,S,0,0,,32.13558179268919
1788177936.7635393,logic1,0.3643279253105998,0.40157036511935906,0.2651875374596469,CENTER,False,,GAZE,STOPPED,S,0,0,,29.231043710972347
1788177936.7983608,logic1,0.3666455066978145,0.40325518096013,0.26445185067430266,CENTER,False,,GAZE,STOPPED,S,0,0,,28.71768467611073
1788177936.829612,logic1,0.36832884627102136,0.4033458710657394,0.26755339348454793,CENTER,False,,GAZE,STOPPED,S,0,0,,31.998779343439352
1788177936.8618085,logic1,0.36745369850583676,0.4055982490288744,0.2680660702651061,CENTER,False,,GAZE,STOPPED,S,0,0,,31.059485637695218
1788177936.8971174,logic1,0.3696640295976344,0.4082586870564401,0.2709237422621606,CENTER,False,,GAZE,STOPPED,S,0,0,,28.321329939161494
1788177936.9300249,logic1,0.37048291947824774,0.4117257192784666,0.2741127999986253,CENTER,False,,GAZE,STOPPED,S,0,0,,30.38844250595915
1788177936.9620206,logic1,0.36832970547068156,0.4127241446988017,0.27232604821761436,CENTER,False,,GAZE,STOPPED,S,0,0,,31.25342950604681
1788177936.9977982,logic1,0.3867918579134097,0.40719300597022623,0.2689759703246386,CENTER,False,,GAZE,STOPPED,S,0,0,,27.950660064906938
1788177937.030011,logic1,0.40647767473099555,0.4000667756110484,0.2661210096728953,CENTER,False,,GAZE,STOPPED,S,0,0,,31.043623714010806
1788177937.0617902,logic1,0.426057871387222,0.39648686452143683,0.2603711210244831,CENTER,False,,GAZE,STOPPED,S,0,0,,31.467034780782043
1788177937.0983038,logic1,0.44672960449703725,0.3897886449095439,0.2579319445691215,CENTER,False,,GAZE,STOPPED,S,0,0,,27.387080555537416
1788177937.1299071,logic1,0.4483398128558225,0.3875325559205703,0.25969436753974373,CENTER,False,,GAZE,STOPPED,S,0,0,,31.642467541285374
1788177937.1631262,logic1,0.4466492672135015,0.39003241947352824,0.258116753477184,CENTER,False,,GAZE,STOPPED,S,0,0,,30.10294835357276
1788177937.1977284,logic1,0.4451964882914371,0.3892656024897621,0.2595807434353654,CENTER,False,,GAZE,STOPPED,S,0,0,,28.899925584984704
1788177937.2284424,logic1,0.44469197408885464,0.3872437061184238,0.2608170004245023,CENTER,False,,GAZE,STOPPED,S,0,0,,32.55688892338741
1788177937.2607155,logic1,0.44268614129174066,0.39005861537245295,0.2597828220224421,CENTER,False,,GAZE,STOPPED,S,0,0,,30.985601678449797
1788177937.298034,logic1,0.44196354270706695,0.38634136814128894,0.2606382674674915,CENTER,False,,GAZE,STOPPED,S,0,0,,26.797582386690348
1788177937.329708,logic1,0.4499982058866937,0.38417125761136106,0.26071980347815593,CENTER,False,,GAZE,STOPPED,S,0,0,,31.57101458002454
1788177937.361975,logic1,0.45672917822674297,0.38969204861689793,0.25965620725220095,CENTER,False,,GAZE,STOPPED,S,0,0,,30.992012413640225
1788177937.3985481,logic1,0.4668257039224917,0.39130644891835176,0.2625508778934502,CENTER,False,,GAZE,STOPPED,S,0,0,,27.342090338394144
1788177937.4299269,logic1,0.4751148192391881,0.39453660045270034,0.26561558698759635,CENTER,False,,GAZE,STOPPED,S,0,0,,31.868704981308696
1788177937.4609528,logic1,0.4756113487637209,0.3990591446644472,0.264911304418442,CENTER,False,,GAZE,STOPPED,S,0,0,,32.22966389524966
1788177937.496929,logic1,0.47707899268687803,0.4006311873177923,0.26677269891475464,CENTER,False,,GAZE,STOPPED,S,0,0,,27.795991941469623
1788177937.530258,logic1,0.4785683053358209,0.39875216656000045,0.2669411627224367,CENTER,False,,GAZE,STOPPED,S,0,0,,30.005608653350883
1788177937.5577316,logic1,0.47918125581782306,0.4039997457291919,0.26420284530443927,CENTER,False,,GAZE,STOPPED,S,0,0,,36.397198816352386
1788177937.5960677,logic1,0.4780078012572556,0.403543814874378,0.2684015400336657,CENTER,False,,GAZE,STOPPED,S,0,0,,26.08462897086992
1788177937.6288347,logic1,0.47660967860541503,0.3988206662348384,0.2686987392075316,CENTER,False,,GAZE,STOPPED,S,0,0,,30.51823394161646
1788177937.6613753,logic1,0.4745576413555679,0.4007449340713185,0.26875164308704536,CENTER,False,,GAZE,STOPPED,S,0,0,,30.732229866865964
1788177937.6975555,logic1,0.4737148737298367,0.3956785922884134,0.2721062636923125,CENTER,False,,GAZE,STOPPED,S,0,0,,27.63992935656483
1788177937.7298906,logic1,0.4736741342098704,0.3918565385936005,0.2713473856191181,CENTER,False,,GAZE,STOPPED,S,0,0,,30.926199833361597
1788177937.7607667,logic1,0.47305976426896434,0.39482251103455607,0.27024320840636407,CENTER,False,,GAZE,STOPPED,S,0,0,,32.38619709827116
1788177937.797386,logic1,0.47357470089125064,0.39374844850737756,0.27046888125837465,CENTER,False,,GAZE,STOPPED,S,0,0,,27.30880016667969
1788177937.8303685,logic1,0.4755825442142037,0.3912134639118683,0.26990983565161125,CENTER,False,,GAZE,STOPPED,S,0,0,,30.31924706154491
1788177937.8609943,logic1,0.4773819562178435,0.3958415349208471,0.26923157476064924,CENTER,False,,GAZE,STOPPED,S,0,0,,32.650407516678214
1788177937.8932104,logic1,0.476660507820809,0.3967732555133676,0.27186572019869376,CENTER,False,,GAZE,STOPPED,S,0,0,,31.040407329563955
1788177937.9301786,logic1,0.4779358884110592,0.39570478429027545,0.27278778703032147,CENTER,False,,GAZE,STOPPED,S,0,0,,27.051822995607782
1788177937.9620311,logic1,0.4758166971831374,0.4026178332692852,0.27100436055495136,CENTER,False,,GAZE,STOPPED,S,0,0,,31.394021047589106
1788177937.9934168,logic1,0.4728369758432479,0.400305943982986,0.2707740404885454,CENTER,False,,GAZE,STOPPED,S,0,0,,31.859990277102575
1788177938.0275364,logic1,0.4767478524065941,0.39581147784482956,0.2694221011818697,CENTER,False,,GAZE,STOPPED,S,0,0,,29.308457189974074
1788177938.0586338,logic1,0.4730201514894417,0.4013021392804349,0.26675475632958917,CENTER,False,,GAZE,STOPPED,S,0,0,,32.158002882816575
1788177938.0971382,logic1,0.47417359380373825,0.3995173329583632,0.26894343525286635,CENTER,False,,GAZE,STOPPED,S,0,0,,25.972369977274276
1788177938.12892,logic1,0.4755027799423496,0.3980661733595292,0.26877038928595,CENTER,False,,GAZE,STOPPED,S,0,0,,31.46278598754782
1788177938.1575317,logic1,0.47358513837586513,0.4034801581067877,0.26904458540797876,CENTER,False,,GAZE,STOPPED,S,0,0,,34.94962086492792
1788177938.1963716,logic1,0.47375442274535473,0.40038881440029855,0.270497650415554,CENTER,False,,GAZE,STOPPED,S,0,0,,25.74693226113379
1788177938.227971,logic1,0.47563266512694957,0.3977172870856251,0.27047811079994916,CENTER,False,,GAZE,STOPPED,S,0,0,,31.64652622683648
1788177938.2608392,logic1,0.4771525290080193,0.40130837164300515,0.27045179258660074,CENTER,False,,GAZE,STOPPED,S,0,0,,30.423931177554365
1788177938.296819,logic1,0.4767831778842633,0.3988343230663487,0.27083258228065316,CENTER,False,,GAZE,STOPPED,S,0,0,,27.793413292691007
1788177938.3278816,logic1,0.4807959183722791,0.39819946825328223,0.27254985113603913,CENTER,False,,GAZE,STOPPED,S,0,0,,32.193299305368996
1788177938.3598669,logic1,0.4787304109749952,0.39975546302368536,0.2715167370160344,CENTER,False,,GAZE,STOPPED,S,0,0,,31.26437878290945
1788177938.3991613,logic1,0.47604414031891384,0.39836704999307815,0.2723866951474997,CENTER,False,,GAZE,STOPPED,S,0,0,,25.450410490100303
1788177938.4306428,logic1,0.4769452579703214,0.3943963477716729,0.27285729927870495,CENTER,False,,GAZE,STOPPED,S,0,0,,31.76396104387865
1788177938.4628105,logic1,0.47409644391061573,0.39533540027643943,0.27030807396004963,CENTER,False,,GAZE,STOPPED,S,0,0,,31.08711023487819
1788177938.4984407,logic1,0.47370471805674264,0.3924665702570225,0.2716649980954974,CENTER,False,,GAZE,STOPPED,S,0,0,,28.06568258769054
1788177938.527734,logic1,0.47558002573415836,0.38807114389492786,0.27202190729043685,CENTER,False,,GAZE,STOPPED,S,0,0,,34.137778356556844
1788177938.5608106,logic1,0.47444221487057137,0.39018609425681666,0.27085838841617127,CENTER,False,,GAZE,STOPPED,S,0,0,,30.23161475864753
1788177938.5935857,logic1,0.474798308915659,0.38988972795315785,0.2727677285965253,CENTER,False,,GAZE,STOPPED,S,0,0,,30.51268359752948
1788177938.6286168,logic1,0.4827604352595226,0.38900441945137254,0.2717704598275118,CENTER,False,,GAZE,STOPPED,S,0,0,,28.54452527919749
1788177938.6597118,logic1,0.4874714522365617,0.397675873295288,0.2696129542016397,CENTER,False,,GAZE,STOPPED,S,0,0,,32.161455058505986
1788177938.698511,logic1,0.49430186041969554,0.4011249352842863,0.2699140797782514,CENTER,False,,GAZE,STOPPED,S,0,0,,25.77351186269871
1788177938.729928,logic1,0.5010481062254922,0.4001126296037404,0.2690080908251301,CENTER,False,,GAZE,STOPPED,S,0,0,,31.830009410193366
1788177938.763061,logic1,0.5000443901826349,0.40780596291097637,0.2684200991857233,CENTER,False,,GAZE,STOPPED,S,0,0,,30.1813628840757
1788177938.7990415,logic1,0.5004961918340661,0.4058248108214078,0.2701214765553356,CENTER,False,,GAZE,STOPPED,S,0,0,,27.792492462644535
1788177938.8291152,logic1,0.5025306285313118,0.40340370267772485,0.2695899585940335,CENTER,False,,GAZE,STOPPED,S,0,0,,33.25197206212293
1788177938.8609898,logic1,0.5017906946300352,0.4099298860170707,0.2689204409080469,CENTER,False,,GAZE,STOPPED,S,0,0,,31.372886934147143
1788177938.8991098,logic1,0.5004618773662719,0.4097354508025643,0.27024379570809604,CENTER,False,,GAZE,STOPPED,S,0,0,,26.233091077392643
1788177938.9273758,logic1,0.5021242969414391,0.4081448282854797,0.27042940039677976,CENTER,False,,GAZE,STOPPED,S,0,0,,35.377953220813616
1788177938.9590392,logic1,0.49920797133029243,0.41331257925491915,0.2712410353775606,CENTER,False,,GAZE,STOPPED,S,0,0,,31.582425360490944
1788177938.9979622,logic1,0.4968059030377877,0.41082635990261773,0.27192509177470586,CENTER,False,,GAZE,STOPPED,S,0,0,,25.691419050944216
1788177939.0301328,logic1,0.4959613026882046,0.4075153257497046,0.2718714710703453,CENTER,False,,GAZE,STOPPED,S,0,0,,31.084806308409483
1788177939.0621018,logic1,0.4952985524353019,0.4094751998381908,0.27100037582841574,CENTER,False,,GAZE,STOPPED,S,0,0,,31.27976732045641
1788177939.0974429,logic1,0.4939452607990431,0.4092678537913018,0.2712278011744739,CENTER,False,,GAZE,STOPPED,S,0,0,,28.29515495770201
1788177939.1293592,logic1,0.49435713878555776,0.40630619378035926,0.2715037764248781,CENTER,False,,GAZE,STOPPED,S,0,0,,31.332810410643717
1788177939.1624625,logic1,0.4973142600436161,0.4094331647838897,0.2714793346919836,CENTER,False,,GAZE,STOPPED,S,0,0,,30.208317128329227
1788177939.1942503,logic1,0.49312793700305285,0.4091488352370666,0.27225429537053236,CENTER,False,,GAZE,STOPPED,S,0,0,,31.45877429177886
1788177939.2273011,logic1,0.49349120462131635,0.4049980836553421,0.271556517588544,CENTER,False,,GAZE,STOPPED,S,0,0,,30.25582133479528
1788177939.2626903,logic1,0.49462362117476233,0.40653867036753877,0.27094840928972036,CENTER,False,,GAZE,STOPPED,S,0,0,,28.25798193075477
1788177939.2989225,logic1,0.4896607880885846,0.40776263399899615,0.2711017057441241,CENTER,False,,GAZE,STOPPED,S,0,0,,27.59955254326512
1788177939.3292801,logic1,0.4934810265664412,0.4026452459472698,0.269732603046997,CENTER,False,,GAZE,STOPPED,S,0,0,,32.94068122737161
1788177939.3602436,logic1,0.49327189694371143,0.4045792331785824,0.26979128275818154,CENTER,False,,GAZE,STOPPED,S,0,0,,32.296670465395636
1788177939.39786,logic1,0.490733096850865,0.40733190750223425,0.27120063231144664,CENTER,False,,GAZE,STOPPED,S,0,0,,26.58425342578625
1788177939.4262946,logic1,0.4931188417487461,0.4041975880175016,0.2710808347929029,CENTER,False,,GAZE,STOPPED,S,0,0,,35.16675749775717
1788177939.46105,logic1,0.4917481253025381,0.4089462357537822,0.2717276456066908,CENTER,False,,GAZE,STOPPED,S,0,0,,28.772648071672588
1788177939.4983246,logic1,0.49025795292527763,0.4092619185232682,0.2723234071392987,CENTER,False,,GAZE,STOPPED,S,0,0,,26.82843582494339
1788177939.5291224,logic1,0.49124619775005973,0.4059937817653751,0.27168922803927775,CENTER,False,,GAZE,STOPPED,S,0,0,,32.4699361331527
1788177939.5610516,logic1,0.49092037647286146,0.40397645557407147,0.27155595841201396,CENTER,False,,GAZE,STOPPED,S,0,0,,31.318772727612135
1788177939.597465,logic1,0.4892971733449233,0.40632116393629997,0.27265480927160246,CENTER,False,,GAZE,STOPPED,S,0,0,,27.46239417530397
1788177939.6288743,logic1,0.48992079432988095,0.4060584912080151,0.2730935779254199,CENTER,False,,GAZE,STOPPED,S,0,0,,31.837499335818006
1788177939.6618361,logic1,0.4913458325265687,0.40699971033510046,0.2716445358344891,CENTER,False,,GAZE,STOPPED,S,0,0,,30.33876556069122
1788177939.697999,logic1,0.49034640864385315,0.4108388747893375,0.2714329664901351,CENTER,False,,GAZE,STOPPED,S,0,0,,27.652320675105486
1788177939.7293482,logic1,0.49043035219496767,0.40744982532692264,0.27119466826449046,CENTER,False,,GAZE,STOPPED,S,0,0,,31.899486633456288
1788177939.7618809,logic1,0.4852497593684963,0.40405497269170876,0.26863849449129407,CENTER,False,,GAZE,STOPPED,S,0,0,,30.737635117804405
1788177939.7972577,logic1,0.4751630210886242,0.39975690256371066,0.2707249608552983,CENTER,False,,GAZE,STOPPED,S,0,0,,28.267313654131286
1788177939.826717,logic1,0.46545703798204446,0.39247496066609516,0.27341747492225366,CENTER,False,,GAZE,STOPPED,S,0,0,,33.944659809166176
1788177939.8599844,logic1,0.4570513705439878,0.3867340292956888,0.27250790316568574,CENTER,False,,GAZE,STOPPED,S,0,0,,30.06001533709355
1788177939.8980415,logic1,0.4519161193847632,0.3852344086147116,0.2760774299182887,CENTER,False,,GAZE,STOPPED,S,0,0,,26.274667518620838
1788177939.930458,logic1,0.4497926324676066,0.38559958630005875,0.27758464005463895,CENTER,False,,GAZE,STOPPED,S,0,0,,30.84999779343621
1788177939.9636412,logic1,0.45047734183266286,0.3839313677346208,0.27535553108156463,CENTER,False,,GAZE,STOPPED,S,0,0,,30.13647369895888
1788177939.9978976,logic1,0.4493061222088258,0.38416458133002795,0.27691044073753296,CENTER,False,,GAZE,STOPPED,S,0,0,,29.191779010446755
1788177940.0307295,logic1,0.4494756023637469,0.38238166870235013,0.27788674880707637,CENTER,False,,GAZE,STOPPED,S,0,0,,30.457733336238007
1788177940.062086,logic1,0.44728222949619156,0.37929380016683256,0.2758633874715751,CENTER,False,,GAZE,STOPPED,S,0,0,,31.89148253471008
1788177940.0987475,logic1,0.44679583951969404,0.38139697290204194,0.2770568707725474,CENTER,False,,GAZE,STOPPED,S,0,0,,27.276655242604168
1788177940.1309674,logic1,0.44731201881436167,0.38218657304867465,0.2785206275131028,CENTER,False,,GAZE,STOPPED,S,0,0,,31.036272957333768
1788177940.1617768,logic1,0.4468676492743109,0.38210572221995265,0.2765008391552012,CENTER,False,,GAZE,STOPPED,S,0,0,,32.45762397077942
1788177940.197486,logic1,0.449148474680918,0.38417504839506356,0.27652527649081826,CENTER,False,,GAZE,STOPPED,S,0,0,,28.004406668758723
1788177940.229389,logic1,0.4497813141440217,0.3836232872740752,0.27670105250761784,CENTER,False,,GAZE,STOPPED,S,0,0,,31.3454550889701
1788177940.2619586,logic1,0.44835475394745916,0.3833265234031433,0.27413072607739175,CENTER,False,,GAZE,STOPPED,S,0,0,,30.702534934961314
1788177940.2943099,logic1,0.44867435719412596,0.3829462706727477,0.2739150742317224,CENTER,False,,GAZE,STOPPED,S,0,0,,30.910701520366125
1788177940.3300755,logic1,0.4426590765994482,0.37472468703797857,0.2746288435273401,CENTER,False,,GAZE,STOPPED,S,0,0,,27.959976268406983
1788177940.3621674,logic1,0.4290192700799249,0.37170150611968955,0.2741938565152897,CENTER,False,,GAZE,STOPPED,S,0,0,,31.16055362807664
1788177940.3974533,logic1,0.42061634447892055,0.3654974841437696,0.2751871768448731,CENTER,False,,GAZE,STOPPED,S,0,0,,28.33950892555506
1788177940.430063,logic1,0.4092259136018282,0.36432486214690285,0.2775314128960207,CENTER,False,,GAZE,STOPPED,S,0,0,,30.666393706314157
1788177940.4621553,logic1,0.40268046302804916,0.3702849862700125,0.2772227749160459,CENTER,False,,GAZE,STOPPED,S,0,0,,31.15962765680834
1788177940.4983745,logic1,0.4055532181913325,0.3697411381622824,0.2773364222157515,CENTER,False,,GAZE,STOPPED,S,0,0,,27.609908302778564
1788177940.5310364,logic1,0.403236720571317,0.3722028389269211,0.27966545897156536,CENTER,False,,GAZE,STOPPED,S,0,0,,30.616922032512612
1788177940.561199,logic1,0.4014613196699738,0.372692591067645,0.27832942060150556,CENTER,False,,GAZE,STOPPED,S,0,0,,33.15471871121756
1788177940.5992455,logic1,0.4042529592649354,0.3673562085758598,0.27921131120747067,CENTER,False,,GAZE,STOPPED,S,0,0,,26.282405724812953
1788177940.6296227,logic1,0.3980900642644635,0.3676892027140672,0.28071431219709847,CENTER,False,,GAZE,STOPPED,S,0,0,,32.91999780235305
1788177940.662151,logic1,0.3933142909051238,0.36991312865831705,0.2789332013972291,CENTER,False,,GAZE,STOPPED,S,0,0,,30.742366272336806
1788177940.6943505,logic1,0.3912783820667727,0.36812228607508557,0.27920302992870877,CENTER,False,,GAZE,STOPPED,S,0,0,,31.056955839232295
1788177940.7301092,logic1,0.3872971971961154,0.3709037600804059,0.2805114236358404,CENTER,False,,GAZE,STOPPED,S,0,0,,27.96463669942528
1788177940.7613842,logic1,0.38532670067603725,0.37566066859434566,0.27912065767418914,CENTER,False,,GAZE,STOPPED,S,0,0,,31.97560454975147
1788177940.7980113,logic1,0.3879341905129299,0.3712193586400057,0.27841866133458837,CENTER,False,,GAZE,STOPPED,S,0,0,,27.301689796130912
1788177940.8293264,logic1,0.3872737809079338,0.3708600026510751,0.2798787399303938,CENTER,False,,GAZE,STOPPED,S,0,0,,31.933001895741814
1788177940.861772,logic1,0.38414784778429134,0.37171907871944937,0.2789630878619056,CENTER,False,,GAZE,STOPPED,S,0,0,,30.820980850344636
1788177940.8984563,logic1,0.38904440920580985,0.364774326514841,0.27900265381536327,CENTER,False,,GAZE,STOPPED,S,0,0,,27.259636694504923
1788177940.929113,logic1,0.38890557683961324,0.3689805826485135,0.2823543454484063,CENTER,False,,GAZE,STOPPED,S,0,0,,32.62018976512677
1788177940.9627926,logic1,0.39022685687049374,0.37146547497619337,0.28134316359654815,CENTER,False,,GAZE,STOPPED,S,0,0,,29.690404054704533
1788177940.9976454,logic1,0.39469668287379095,0.3710482252691703,0.2805548831614445,CENTER,False,,GAZE,STOPPED,S,0,0,,28.692146145584644
1788177941.030154,logic1,0.39347929970310297,0.37250736121386097,0.28192419317421624,CENTER,False,,GAZE,STOPPED,S,0,0,,30.76153107100162
1788177941.0617845,logic1,0.39101339226473214,0.37240899025236096,0.2800393029583883,CENTER,False,,GAZE,STOPPED,S,0,0,,31.615039044833722
1788177941.098592,logic1,0.39351657003012686,0.3687180201045675,0.2788592358425084,CENTER,False,,GAZE,STOPPED,S,0,0,,27.169228576795767
1788177941.128482,logic1,0.3943000560109426,0.3662253616549965,0.2798802052915164,CENTER,False,,GAZE,STOPPED,S,0,0,,33.45380296069423
1788177941.1574872,logic1,0.3909387454554224,0.3691454896891442,0.27923026445197774,CENTER,False,,GAZE,STOPPED,S,0,0,,34.477320926562214
1788177941.1947765,logic1,0.3946192574163063,0.36751882587457785,0.2784506646596098,CENTER,False,,GAZE,STOPPED,S,0,0,,26.816943192353186
1788177941.2282777,logic1,0.4137591708670949,0.3714955473229654,0.2746538270052964,CENTER,False,,GAZE,STOPPED,S,0,0,,29.849935593147965
1788177941.2611554,logic1,0.44621545831487835,0.381291207556976,0.26944359949503155,CENTER,False,,GAZE,STOPPED,S,0,0,,30.416429773162385
1788177941.295588,logic1,0.48315852000211246,0.3854329489152649,0.2655658416370815,CENTER,False,,GAZE,STOPPED,S,0,0,,29.04180082119884
1788177941.3294158,logic1,0.5171333837526845,0.39015585532145625,0.2636609224465682,CENTER,False,,GAZE,STOPPED,S,0,0,,29.562334367070765
1788177941.3615973,logic1,0.5298453107735784,0.3984185833030697,0.26711500309917546,CENTER,False,,GAZE,STOPPED,S,0,0,,31.073522003259743
1788177941.3964324,logic1,0.5306555588715717,0.39803934656495477,0.27082020340589796,CENTER,False,,GAZE,STOPPED,S,0,0,,28.705106182032207
1788177941.43042,logic1,0.5365822694417661,0.3974221492856681,0.2731273809194674,CENTER,False,,GAZE,STOPPED,S,0,0,,29.42421393795687
1788177941.4608364,logic1,0.5402429699654792,0.4021129054200532,0.2743845111674714,CENTER,False,,GAZE,STOPPED,S,0,0,,32.87510091469866
1788177941.4978647,logic1,0.5453100650031667,0.40166229429444855,0.2735805711030172,CENTER,False,,GAZE,STOPPED,S,0,0,,27.007578830786667
1788177941.5293796,logic1,0.5501959953780315,0.40191958379797654,0.2733767735082609,CENTER,False,,GAZE,STOPPED,S,0,0,,31.731039543662952
1788177941.5607266,logic1,0.5499452490842373,0.4057723744814154,0.27354205597635195,CENTER,False,,GAZE,STOPPED,S,0,0,,31.900699726194098
1788177941.597625,logic1,0.550707004441506,0.4062337101398064,0.2734332430710107,CENTER,False,,GAZE,STOPPED,S,0,0,,27.101289705616292
1788177941.6287456,logic1,0.5513105743268886,0.40551411759678735,0.2733694049014136,CENTER,False,,GAZE,STOPPED,S,0,0,,32.13164285440686
1788177941.6616633,logic1,0.5512314352797033,0.40738967172664775,0.27265890000431603,CENTER,False,,GAZE,STOPPED,S,0,0,,30.38007837115478
1788177941.6977377,logic1,0.5505207597093384,0.4056254150179995,0.27213139903091693,CENTER,False,,GAZE,STOPPED,S,0,0,,27.720672015650404
1788177941.729926,logic1,0.5493951150794383,0.40558420565351405,0.27136524137822793,CENTER,False,,GAZE,STOPPED,S,0,0,,31.06707750651813
1788177941.762414,logic1,0.5492625055234827,0.40395001666882047,0.27150392308045634,CENTER,False,,GAZE,STOPPED,S,0,0,,30.780493890580853
1788177941.797935,logic1,0.5462216599578131,0.401854263998991,0.2708911001090829,CENTER,False,,GAZE,STOPPED,S,0,0,,28.152336461144
1788177941.826006,logic1,0.5441493184173225,0.4010133365398715,0.26958429796592354,CENTER,False,,GAZE,STOPPED,S,0,0,,35.62404661196895
1788177941.8628273,logic1,0.541225727096988,0.39816775292200735,0.26998821759279806,CENTER,False,,GAZE,STOPPED,S,0,0,,27.15832140845253
1788177941.8984923,logic1,0.5375913840358381,0.39836066626133887,0.26986802700194357,CENTER,False,,GAZE,STOPPED,S,0,0,,28.0384782506969
1788177941.926351,logic1,0.5375726888055221,0.39927260183456686,0.2710321577345339,CENTER,False,,GAZE,STOPPED,S,0,0,,35.893849537453036
1788177941.9619958,logic1,0.5369789173725513,0.3993256704429392,0.272345239205821,CENTER,False,,GAZE,STOPPED,S,0,0,,28.05498217427075
1788177941.994411,logic1,0.5248024129672361,0.39889231915023493,0.270859914422785,CENTER,False,,GAZE,STOPPED,S,0,0,,30.85022470339887
1788177942.0266266,logic1,0.5121606598967223,0.39817817576163966,0.27174310275112123,CENTER,False,,GAZE,STOPPED,S,0,0,,31.0397181910351
1788177942.0606983,logic1,0.495909137296613,0.39834603577358796,0.27257593409785863,CENTER,False,,GAZE,STOPPED,S,0,0,,29.349679514092983
1788177942.0966277,logic1,0.4827304812239115,0.40269060984625343,0.27427517762544484,CENTER,False,,GAZE,STOPPED,S,0,0,,27.832143331121433
1788177942.1301153,logic1,0.4835349521748593,0.4055901234685175,0.27694158652316503,CENTER,False,,GAZE,STOPPED,S,0,0,,29.864600837344423
1788177942.1586053,logic1,0.4825698541402731,0.4079930151429093,0.27800380948265174,CENTER,False,,GAZE,STOPPED,S,0,0,,35.09907195876116
1788177942.197415,logic1,0.4833911329104915,0.4133240000311168,0.279802557370566,CENTER,False,,GAZE,STOPPED,S,0,0,,25.766386946959738
1788177942.229228,logic1,0.48208701835705003,0.4129227317857876,0.27820862827330073,CENTER,False,,GAZE,STOPPED,S,0,0,,31.434254408645668
1788177942.2612607,logic1,0.4757587568969859,0.41088792742510544,0.2755669817522763,CENTER,False,,GAZE,STOPPED,S,0,0,,31.217374477143156
1788177942.297794,logic1,0.4734558762648715,0.4090019960637854,0.2721651257373408,CENTER,False,,GAZE,STOPPED,S,0,0,,27.37242463992273
1788177942.3298407,logic1,0.47144008790691083,0.4047162283674722,0.2678278596170963,CENTER,False,,GAZE,STOPPED,S,0,0,,31.20413644310531
1788177942.3612614,logic1,0.46867219779865954,0.39959682474015257,0.2668906277542045,CENTER,False,,GAZE,STOPPED,S,0,0,,31.826145020790968
1788177942.3974423,logic1,0.46991045581391333,0.40068616736443813,0.2664771035965998,CENTER,False,,GAZE,STOPPED,S,0,0,,27.639382936521013
1788177942.4287205,logic1,0.4677747495868444,0.40074381601778974,0.26769204360708343,CENTER,False,,GAZE,STOPPED,S,0,0,,31.971704729091076
1788177942.4619148,logic1,0.466953707122159,0.39806074489369286,0.2680305276545492,CENTER,False,,GAZE,STOPPED,S,0,0,,30.12500179559003
1788177942.499001,logic1,0.46724656881456567,0.40070446067013643,0.26797101816639735,CENTER,False,,GAZE,STOPPED,S,0,0,,26.96434586949534
1788177942.5288155,logic1,0.46737030437864086,0.3994645469343544,0.26808734496130826,CENTER,False,,GAZE,STOPPED,S,0,0,,33.539138153002234
1788177942.5601838,logic1,0.4680811147435361,0.39649408707258005,0.26827798491170896,CENTER,False,,GAZE,STOPPED,S,0,0,,31.878635869606523
1788177942.5956988,logic1,0.46906355549651424,0.4025153347455626,0.26874403653208623,CENTER,False,,GAZE,STOPPED,S,0,0,,28.157061244218287
1788177942.6286411,logic1,0.46943431332510005,0.4037933089480929,0.2675811265818537,CENTER,False,,GAZE,STOPPED,S,0,0,,30.356331738667862
1788177942.6616552,logic1,0.470086137935087,0.4025786165645452,0.2679134615147098,CENTER,False,,GAZE,STOPPED,S,0,0,,30.29165703720823
1788177942.698244,logic1,0.4766486235273507,0.4009912453323582,0.26715358471420175,CENTER,False,,GAZE,STOPPED,S,0,0,,27.330687778972404
1788177942.7292743,logic1,0.4801612254756254,0.39107147800665487,0.2691856492954293,CENTER,False,,GAZE,STOPPED,S,0,0,,32.22693989196997
1788177942.762933,logic1,0.4818551950419181,0.38791421042788393,0.27408460321116757,CENTER,False,,GAZE,STOPPED,S,0,0,,29.709962812112625
1788177942.798476,logic1,0.4812032107353994,0.3903030752755421,0.27989239960419593,CENTER,False,,GAZE,STOPPED,S,0,0,,28.135151633048693
1788177942.8310776,logic1,0.475119560367374,0.39517004132912414,0.2858670283034533,CENTER,False,,GAZE,STOPPED,S,0,0,,30.673345960611666
1788177942.8615317,logic1,0.4721989568148031,0.4011285184305997,0.2883481107174315,CENTER,False,,GAZE,STOPPED,S,0,0,,32.835980741378634
1788177942.8942227,logic1,0.47109874569095794,0.4044713091754969,0.28956810546950995,CENTER,False,,GAZE,STOPPED,S,0,0,,30.589234011829312
1788177942.928498,logic1,0.47277792422324527,0.4053731001249211,0.2887155071090821,CENTER,False,,GAZE,STOPPED,S,0,0,,29.174113850091814
1788177942.9610052,logic1,0.47539777855000276,0.4052724012733621,0.2878961701657119,CENTER,False,,GAZE,STOPPED,S,0,0,,30.764238614609386
1788177942.9976661,logic1,0.4761142235427139,0.4051771233875455,0.2888820357294804,CENTER,False,,GAZE,STOPPED,S,0,0,,27.276477856538985
1788177943.0296009,logic1,0.4777642765402045,0.4051402539929683,0.28823365262159806,CENTER,False,,GAZE,STOPPED,S,0,0,,31.313862509705547
1788177943.0619094,logic1,0.47861424449382634,0.40343220059344487,0.28804779689312004,CENTER,False,,GAZE,STOPPED,S,0,0,,30.952674031599845
1788177943.0983744,logic1,0.4765098936554176,0.4057194313780601,0.2894126483574714,CENTER,False,,GAZE,STOPPED,S,0,0,,27.423071893715512
1788177943.1304607,logic1,0.47697996153700273,0.40695043206623643,0.2891304422702825,CENTER,False,,GAZE,STOPPED,S,0,0,,31.166342195604038
1788177943.1617508,logic1,0.4758508477371799,0.40708271696120457,0.29078052124383885,CENTER,False,,GAZE,STOPPED,S,0,0,,31.95830634776712
1788177943.1974707,logic1,0.47432770839635374,0.4097412232910823,0.2930005117885133,CENTER,False,,GAZE,STOPPED,S,0,0,,27.995995140770802
1788177943.2302315,logic1,0.4742023612707819,0.4084960300541043,0.29288424852145345,CENTER,False,,GAZE,STOPPED,S,0,0,,30.524452724732186
1788177943.262105,logic1,0.4733287520478592,0.3989234087491028,0.293718941095369,CENTER,False,,GAZE,STOPPED,S,0,0,,31.3731216013045
1788177943.2987266,logic1,0.4690022629346779,0.3905853766421486,0.2977025361368447,CENTER,False,,GAZE,STOPPED,S,0,0,,27.30648889004629
1788177943.3293457,logic1,0.46267030588328256,0.3830255572156757,0.30558202708438337,CENTER,False,,GAZE,STOPPED,S,0,0,,32.659814364916215
1788177943.3625884,logic1,0.45499546757618076,0.3767978438279627,0.31508543092657515,CENTER,False,,GAZE,STOPPED,S,0,0,,30.08200589547368
1788177943.3976896,logic1,0.4479685980826824,0.3808181760402557,0.3260907229567376,CENTER,False,,GAZE,STOPPED,S,0,0,,28.489655078724645
1788177943.4294608,logic1,0.4403193384324148,0.3836067439518458,0.3337356348834014,CENTER,False,,GAZE,STOPPED,S,0,0,,31.47364629607396
1788177943.461751,logic1,0.4344081172227435,0.3859963698479576,0.33561272835062383,CENTER,False,,GAZE,STOPPED,S,0,0,,30.9695864375743
1788177943.4988806,logic1,0.4335364384225361,0.38738478553220945,0.3379627827722566,CENTER,False,,GAZE,STOPPED,S,0,0,,26.932487446543465
1788177943.5300505,logic1,0.4241929371479427,0.3803578411055372,0.3355963408762803,CENTER,False,,GAZE,STOPPED,S,0,0,,32.08224207563334
1788177943.561441,logic1,0.4137567916707399,0.35723268322769214,0.32942938476688677,CENTER,False,,GAZE,STOPPED,S,0,0,,31.856602512494113
1788177943.5941234,logic1,0.4024526275575947,0.32962980127932073,0.32536576042006526,UP,False,,GAZE,STOPPED,S,0,0,,30.59816015815928
1788177943.6297233,logic1,0.38737759368051905,0.30300978533984957,0.3201672856828923,UP,False,,GAZE,STOPPED,S,0,0,,28.089929478893897
1788177943.6619103,logic1,0.37760850768022725,0.2814579937403083,0.3176868250849889,UP,False,,GAZE,STOPPED,S,0,0,,31.067767860449614
1788177943.6979034,logic1,0.37490887836151104,0.27837618966998257,0.3190251479283688,UP,False,,GAZE,STOPPED,S,0,0,,27.783287516974134
1788177943.7293105,logic1,0.3746220076003455,0.27901435952080955,0.3194714695845735,UP,False,,GAZE,STOPPED,S,0,0,,31.839916192847546
1788177943.7620368,logic1,0.37949159277831557,0.2786666954971615,0.3185445063082859,UP,False,,GAZE,STOPPED,S,0,0,,30.556475113649608
1788177943.798287,logic1,0.390636610561814,0.28322559530545116,0.3187749154763581,UP,False,,GAZE,STOPPED,S,0,0,,27.585938373507844
1788177943.829909,logic1,0.3982268648850452,0.28392216765401923,0.31883879547974836,UP,False,,GAZE,STOPPED,S,0,0,,31.623620242475422
1788177943.8617747,logic1,0.4065579223638285,0.2837091051476323,0.31893276786828284,UP,False,,GAZE,STOPPED,S,0,0,,31.382276359500793
1788177943.896449,logic1,0.4099686399175173,0.2905811799353879,0.3216055957727161,UP,False,,GAZE,STOPPED,S,0,0,,28.840310248088453
1788177943.9270885,logic1,0.4103771431272798,0.2811354415541766,0.31905389742927953,UP,False,,GAZE,STOPPED,S,0,0,,32.63643437393009
1788177943.9619522,logic1,0.4113458757119505,0.27237086513163145,0.31608353080915164,UP,False,,GAZE,STOPPED,S,0,0,,28.68331646469896
1788177943.9972198,logic1,0.4116369027028205,0.2689767496538412,0.3142012317168261,UP,False,,GAZE,STOPPED,S,0,0,,28.354643970173672
1788177944.030095,logic1,0.4101774186324563,0.2570204252614376,0.31002267685972595,UP,False,,GAZE,STOPPED,S,0,0,,30.41797387753918
1788177944.062335,logic1,0.41033904611435545,0.2553144401331715,0.30948153153320523,UP,False,,GAZE,STOPPED,S,0,0,,31.017223146607506
1788177944.0982003,logic1,0.4094990532204605,0.26273567041333845,0.31135737958584575,UP,False,,GAZE,STOPPED,S,0,0,,27.882097985774113
1788177944.1298816,logic1,0.40876355520233437,0.2560576751834802,0.3115313745440312,UP,False,,GAZE,STOPPED,S,0,0,,31.56483718270005
1788177944.1617713,logic1,0.410515181594509,0.2542701952539748,0.3117839527137478,UP,False,,GAZE,STOPPED,S,0,0,,31.358109977197113
1788177944.1979675,logic1,0.4097049449302744,0.2603130833095787,0.31327956946023794,UP,False,,GAZE,STOPPED,S,0,0,,27.626821235673823
1788177944.230477,logic1,0.4099327744410668,0.2552199145219847,0.31241400705241096,UP,False,,GAZE,STOPPED,S,0,0,,30.760628662368998
1788177944.2595036,logic1,0.4077208089031296,0.25974566939468047,0.31305942382058766,UP,False,,GAZE,STOPPED,S,0,0,,34.450701448894435
1788177944.2975855,logic1,0.40809646197181154,0.2676911945432952,0.31415696980468266,UP,False,,GAZE,STOPPED,S,0,0,,26.259040368626664
1788177944.330015,logic1,0.4084254124264285,0.2631744002982981,0.3131671360504309,UP,False,,GAZE,STOPPED,S,0,0,,30.83661601123389
1788177944.3620794,logic1,0.4085567524561944,0.2635614843560652,0.3121671405803297,UP,False,,GAZE,STOPPED,S,0,0,,31.187198857890667
1788177944.3979352,logic1,0.4125404171221262,0.2681417953899571,0.311133157408603,UP,False,,GAZE,STOPPED,S,0,0,,27.889884831236536
1788177944.428596,logic1,0.4117521443184292,0.26449599939021484,0.3112956390086786,UP,False,,GAZE,STOPPED,S,0,0,,32.61283424954708
1788177944.461646,logic1,0.4103432643883728,0.2598123381141708,0.3116671577958996,UP,False,,GAZE,STOPPED,S,0,0,,30.258222295966583
1788177944.4975965,logic1,0.41339009663601844,0.2622043881542654,0.3126377910854312,UP,False,,GAZE,STOPPED,S,0,0,,27.81700733509305
1788177944.5294201,logic1,0.4086871185171054,0.259134598997467,0.3124890164959943,UP,False,,GAZE,STOPPED,S,0,0,,31.422715013485167
1788177944.5623648,logic1,0.4071799404252163,0.2539564768569127,0.31047706736248476,UP,False,,GAZE,STOPPED,S,0,0,,30.353256189256275
1788177944.59771,logic1,0.40862801961515904,0.2624942741836783,0.3109698298735061,UP,False,,GAZE,STOPPED,S,0,0,,28.29286456295617
1788177944.6301203,logic1,0.4059300393988996,0.25933811920906974,0.3108231286920805,UP,False,,GAZE,STOPPED,S,0,0,,30.854309653594626
1788177944.6614223,logic1,0.40731994296981033,0.25618250353945266,0.3113584658589077,UP,False,,GAZE,STOPPED,S,0,0,,31.945649110781066
1788177944.6975613,logic1,0.41100013768595167,0.26293838464676533,0.31304719488656657,UP,False,,GAZE,STOPPED,S,0,0,,27.67147616691407
1788177944.7301512,logic1,0.4102643174745859,0.26080301748225065,0.31275027577944825,UP,False,,GAZE,STOPPED,S,0,0,,30.684341439147865
1788177944.7619002,logic1,0.41128522401488476,0.26039672913384143,0.31282310831598176,UP,False,,GAZE,STOPPED,S,0,0,,31.496335455965397
1788177944.7978454,logic1,0.41101106337840787,0.2696537776481751,0.31430029329044396,UP,False,,GAZE,STOPPED,S,0,0,,27.820882058357267
1788177944.8299797,logic1,0.4100248630066657,0.26213623745353315,0.3134690004420771,UP,False,,GAZE,STOPPED,S,0,0,,31.119170215607426
1788177944.861682,logic1,0.40928787810883793,0.26268215992419264,0.3138922030400803,UP,False,,GAZE,STOPPED,S,0,0,,31.54370976475543
1788177944.8978467,logic1,0.4114476814003948,0.2678221485718557,0.31528970370527487,UP,False,,GAZE,STOPPED,S,0,0,,27.651226876573975
1788177944.929164,logic1,0.41154527035222016,0.26214259581989197,0.3137996838438585,UP,False,,GAZE,STOPPED,S,0,0,,31.931543246062137
1788177944.9622076,logic1,0.40884216288520525,0.2619896864026201,0.3145442200981088,UP,False,,GAZE,STOPPED,S,0,0,,30.263243719064317
1788177944.9965122,logic1,0.41130117608461864,0.2685512191131981,0.3153272724939491,UP,False,,GAZE,STOPPED,S,0,0,,29.149783164683644
1788177945.0260065,logic1,0.40848115551557157,0.26532591146064416,0.31386682320104164,UP,False,,GAZE,STOPPED,S,0,0,,33.905969087499194
1788177945.0619428,logic1,0.41066018008386596,0.2626456977696665,0.313782819808955,UP,False,,GAZE,STOPPED,S,0,0,,27.826050035493225
1788177945.098286,logic1,0.41470370738706264,0.2700850301395903,0.3147454577033614,UP,False,,GAZE,STOPPED,S,0,0,,27.516804765559908
1788177945.129133,logic1,0.4122542288466938,0.2648975711960815,0.31454908031267115,UP,False,,GAZE,STOPPED,S,0,0,,32.4162332192072
1788177945.1598618,logic1,0.4108616320058589,0.2638368226091289,0.3150637895705802,UP,False,,GAZE,STOPPED,S,0,0,,32.54249070891556
1788177945.1977353,logic1,0.41374384723682284,0.26623443838649374,0.31515629215552954,UP,False,,GAZE,STOPPED,S,0,0,,26.40384760657719
1788177945.2290208,logic1,0.41096774819231774,0.26584810013164856,0.3146946756287007,UP,False,,GAZE,STOPPED,S,0,0,,31.963664352504555
1788177945.2615373,logic1,0.412340566151602,0.2597715902301758,0.3130527778836023,UP,False,,GAZE,STOPPED,S,0,0,,30.753636790239323
1788177945.2979844,logic1,0.41535050957578046,0.2655253737431393,0.3140526795878364,UP,False,,GAZE,STOPPED,S,0,0,,27.436884693630578
1788177945.3291948,logic1,0.4107533408074151,0.2628697471350072,0.313860775248537,UP,False,,GAZE,STOPPED,S,0,0,,32.04082349795653
1788177945.3608575,logic1,0.4122321238413186,0.25743311845347056,0.31315164443936583,UP,False,,GAZE,STOPPED,S,0,0,,31.582900988682486
1788177945.3974738,logic1,0.41395296449824504,0.2653880183164131,0.3150862588407392,UP,False,,GAZE,STOPPED,S,0,0,,27.310222685245474
1788177945.4289732,logic1,0.4116902413593516,0.26254158313286213,0.31422139067630434,UP,False,,GAZE,STOPPED,S,0,0,,31.74689101326854
1788177945.4617157,logic1,0.41227087996113276,0.26348173842636097,0.31410307519146985,UP,False,,GAZE,STOPPED,S,0,0,,30.541122672627846
1788177945.4973378,logic1,0.41314668495278645,0.2694705323002244,0.31522157825788394,UP,False,,GAZE,STOPPED,S,0,0,,28.072820732490896
1788177945.5291936,logic1,0.4089011431811581,0.2658063628719248,0.3148323522912703,UP,False,,GAZE,STOPPED,S,0,0,,31.391436462020913
1788177945.561828,logic1,0.4121841430373432,0.2612009179724535,0.31366351463549,UP,False,,GAZE,STOPPED,S,0,0,,30.642869145291026
1788177945.596659,logic1,0.4147309232695042,0.26651320373498466,0.31572433970508096,UP,False,,GAZE,STOPPED,S,0,0,,28.708642769628813
1788177945.6262963,logic1,0.4116569637820486,0.2624657126439821,0.31467180548946966,UP,False,,GAZE,STOPPED,S,0,0,,33.742852086048494
1788177945.6613095,logic1,0.41403140739685435,0.2618541551526696,0.3134995616158439,UP,False,,GAZE,STOPPED,S,0,0,,28.560269103487723
1788177945.6980875,logic1,0.41292903518319674,0.26854292989766093,0.31525724589811277,UP,False,,GAZE,STOPPED,S,0,0,,27.190716670448285
1788177945.7262588,logic1,0.4091017663679706,0.26337524665475076,0.3131698455802463,UP,False,,GAZE,STOPPED,S,0,0,,35.49681787406906
1788177945.7622683,logic1,0.4123223543189387,0.260785056901075,0.31276341913557515,UP,False,,GAZE,STOPPED,S,0,0,,27.770594700531007
1788177945.7978058,logic1,0.41193744265405186,0.2687579208297657,0.315165552728454,UP,False,,GAZE,STOPPED,S,0,0,,28.13949306962577
1788177945.8292053,logic1,0.4099532376141046,0.26270037877685604,0.31416246415809657,UP,False,,GAZE,STOPPED,S,0,0,,31.847410782080487
1788177945.8583035,logic1,0.4128744746520569,0.2618218825881815,0.31382559127048,UP,False,,GAZE,STOPPED,S,0,0,,34.36573835099018
1788177945.8975143,logic1,0.4146770519104308,0.2691218114693511,0.31464113992381404,UP,False,,GAZE,STOPPED,S,0,0,,25.50333513720578
1788177945.929539,logic1,0.4123276560799456,0.2649136876234188,0.3128842608932243,UP,False,,GAZE,STOPPED,S,0,0,,31.22620607504467
1788177945.9630551,logic1,0.41334257277453545,0.2614604906352688,0.3117807835769413,UP,False,,GAZE,STOPPED,S,0,0,,29.836133676677715
1788177945.998832,logic1,0.4129001127380276,0.2668671557044152,0.31285171657028527,UP,False,,GAZE,STOPPED,S,0,0,,27.950846328135412
1788177946.0311687,logic1,0.40949988097199214,0.2624416015461262,0.3120563184623931,UP,False,,GAZE,STOPPED,S,0,0,,30.92437569582175
1788177946.0621607,logic1,0.412422106998709,0.2623897108864537,0.31217464311565946,UP,False,,GAZE,STOPPED,S,0,0,,32.26660717445322
1788177946.0984318,logic1,0.4182912600808727,0.2712536609936318,0.31289669961521727,UP,False,,GAZE,STOPPED,S,0,0,,27.570887673538074
1788177946.1308565,logic1,0.4166823373179778,0.2697878780981026,0.3133067073086799,UP,False,,GAZE,STOPPED,S,0,0,,30.840017058572666
1788177946.1619189,logic1,0.41648007932144715,0.26715879695015216,0.31313387737948917,UP,False,,GAZE,STOPPED,S,0,0,,32.193052208218845
1788177946.1973999,logic1,0.4200699183055508,0.2704587552418547,0.3138070440537885,UP,False,,GAZE,STOPPED,S,0,0,,28.18411751266648
1788177946.2304785,logic1,0.4119452427867559,0.2675030288104297,0.31495126442657867,UP,False,,GAZE,STOPPED,S,0,0,,30.23096106442173
1788177946.2607007,logic1,0.4132314348612616,0.2619512332253019,0.3138662960348301,UP,False,,GAZE,STOPPED,S,0,0,,33.088545282423475
1788177946.2980897,logic1,0.41695529968975775,0.26889436690556,0.313877205531993,UP,False,,GAZE,STOPPED,S,0,0,,26.745635178737675
1788177946.3301473,logic1,0.41353148972410136,0.2646981915893667,0.3133158581055639,UP,False,,GAZE,STOPPED,S,0,0,,31.194157283315235
1788177946.3617392,logic1,0.41593974385178945,0.26104610263181977,0.31169011532757196,UP,False,,GAZE,STOPPED,S,0,0,,31.65369115360814
1788177946.3980784,logic1,0.41800736518199944,0.2670664597875094,0.31183297189930476,UP,False,,GAZE,STOPPED,S,0,0,,27.518249037193527
1788177946.4271688,logic1,0.41321969149740767,0.26393832102017856,0.3121070742059935,UP,False,,GAZE,STOPPED,S,0,0,,34.37700497504282
1788177946.461603,logic1,0.4145071020392892,0.2600876873442841,0.31070908945552805,UP,False,,GAZE,STOPPED,S,0,0,,29.040393270096242
1788177946.4979298,logic1,0.4150182855673893,0.2688650039163666,0.31231039094456836,UP,False,,GAZE,STOPPED,S,0,0,,27.527821167452057
1788177946.5300434,logic1,0.4148047175771581,0.26304775618261256,0.31229368804187774,UP,False,,GAZE,STOPPED,S,0,0,,31.138807842787887
1788177946.5620754,logic1,0.41462065946774496,0.2658031521251337,0.3128150209827726,UP,False,,GAZE,STOPPED,S,0,0,,31.21900097505787
1788177946.597814,logic1,0.4157221645526833,0.2687519706425894,0.31375440559737044,UP,True,,GAZE,FORWARD,F,19,19,,27.980867117192243
1788177946.6300719,logic1,0.41040887980472557,0.26039602576665455,0.3129541796151242,UP,True,,GAZE,FORWARD,F,35,35,,31.000258686316972
1788177946.6608894,logic1,0.4103257889512319,0.26295189378642414,0.3125264165720142,UP,True,,GAZE,FORWARD,F,50,50,,32.44783116591755
1788177946.6986136,logic1,0.4113992402554347,0.26159980584014375,0.31164376068930977,UP,True,,GAZE,FORWARD,F,62,62,,26.509316142080646
1788177946.7302678,logic1,0.40707446018976035,0.2610004171045642,0.3115861102760096,UP,True,,GAZE,FORWARD,F,73,73,,31.59122680163895
1788177946.7619183,logic1,0.4125009281127823,0.2602224325775174,0.3107692690042567,UP,True,,GAZE,FORWARD,F,83,83,,31.595034349764976
1788177946.7986526,logic1,0.41457749400786303,0.262645862605286,0.3116348929913731,UP,True,,GAZE,FORWARD,F,91,91,,27.222305875022716
1788177946.8308942,logic1,0.4150113664022307,0.26267653445489736,0.3121673760943373,UP,True,,GAZE,FORWARD,F,98,98,,31.015846958167877
1788177946.8627286,logic1,0.4157614974538208,0.25897433126134184,0.3118712611880704,UP,True,,GAZE,FORWARD,F,105,105,,31.413301378070702
1788177946.8979342,logic1,0.4173859023538488,0.2684699146377116,0.31272285714677517,UP,True,,GAZE,FORWARD,F,111,111,,28.40437750568859
1788177946.9292204,logic1,0.42091808112170714,0.29655744942367,0.3167155842517923,UP,True,,GAZE,FORWARD,F,115,115,,31.96342076785905
1788177946.9618392,logic1,0.4327009221264722,0.3290250819045256,0.31323477030099867,UP,True,,GAZE,FORWARD,F,120,120,,30.656083263898026
1788177946.9977994,logic1,0.4494904275904914,0.37024662440617984,0.3119357902788685,CENTER,True,,GAZE,FORWARD,F,124,124,,27.808892366037686
1788177947.0301433,logic1,0.4606114902005597,0.39933957526878416,0.3096175644990105,CENTER,True,,GAZE,FORWARD,F,127,127,,30.917537096144066
1788177947.06175,logic1,0.4665319965112128,0.4050827639608,0.30211312175130245,CENTER,True,,GAZE,FORWARD,F,130,130,,31.638887212600327
1788177947.096502,logic1,0.470510895160006,0.4081917265817262,0.3051444908958728,CENTER,True,,GAZE,FORWARD,F,132,132,,28.774227186037898
1788177947.128741,logic1,0.4672345610190552,0.40785688649403373,0.3060140395569432,CENTER,True,,GAZE,FORWARD,F,135,135,,31.018140673416113
1788177947.1623096,logic1,0.4664323658013665,0.41053665712942705,0.30580350713920984,CENTER,True,,GAZE,FORWARD,F,136,136,,29.790995163043092
1788177947.197309,logic1,0.4697117861426928,0.4137683009614128,0.3083888690287446,CENTER,True,,GAZE,FORWARD,F,138,138,,28.57272095589738
1788177947.2285678,logic1,0.46858777337840696,0.4148754496872129,0.30772305048685045,CENTER,True,,GAZE,FORWARD,F,140,140,,31.99048134786555
1788177947.2619474,logic1,0.46870482644273576,0.41811830749987466,0.30700910104390133,CENTER,True,,GAZE,FORWARD,F,141,141,,29.958244348416127
1788177947.2978668,logic1,0.47238520972095077,0.4190481304396184,0.30890832593602247,CENTER,True,,GAZE,FORWARD,F,142,142,,27.83990229526477
1788177947.3300188,logic1,0.4676393888106486,0.42102645990825915,0.307480567340531,CENTER,True,,GAZE,FORWARD,F,143,143,,31.102555356162963
1788177947.3622344,logic1,0.4663741715714539,0.42353313796157976,0.305120024113977,CENTER,True,,GAZE,FORWARD,F,144,144,,31.041326228537596
1788177947.3972242,logic1,0.46772027764842605,0.4235011165307422,0.30454757587679976,CENTER,True,,GAZE,FORWARD,F,145,145,,28.57972989547418
1788177947.4268727,logic1,0.4647256318135024,0.4234097078166294,0.30301194395579945,CENTER,True,,GAZE,FORWARD,F,145,145,,33.727928464018916
1788177947.4616926,logic1,0.4643529211990702,0.4234768449019559,0.3020302119728985,CENTER,True,,GAZE,FORWARD,F,146,146,,28.71925776301825
1788177947.4931967,logic1,0.46627134903312695,0.4243156541979881,0.30335450495955385,CENTER,True,,GAZE,FORWARD,F,146,146,,31.74088480573928
1788177947.5300727,logic1,0.46308867147726923,0.4248843450200194,0.30462882604855257,CENTER,True,,GAZE,FORWARD,F,147,147,,27.118812393317125
1788177947.5617983,logic1,0.4603801140918699,0.42498819173446056,0.30388276257292957,CENTER,True,,GAZE,FORWARD,F,147,147,,31.519767939940934
1788177947.5971637,logic1,0.4626150095627253,0.42485245203971966,0.3046420982637845,CENTER,True,,GAZE,FORWARD,F,148,148,,28.276460912008197
1788177947.6295252,logic1,0.46158770062471266,0.4218028176892214,0.30465790706132123,CENTER,True,,GAZE,FORWARD,F,148,148,,30.90090913109464
1788177947.6618652,logic1,0.4624952611462513,0.4228371770959815,0.30324803853367216,CENTER,True,,GAZE,FORWARD,F,148,148,,30.92118397287036
1788177947.6982694,logic1,0.46765271424963595,0.4236734274116498,0.3040060101625187,CENTER,True,,GAZE,FORWARD,F,148,148,,27.469588509977797
1788177947.7296665,logic1,0.46918128461953373,0.42391069007175675,0.30459807810301154,CENTER,True,,GAZE,FORWARD,F,149,149,,31.849829144202292
1788177947.7616324,logic1,0.4664327399253779,0.42583377127392796,0.3038501097254822,CENTER,True,,GAZE,FORWARD,F,149,149,,31.28350015662992
1788177947.7975383,logic1,0.46957638168954363,0.4241642022994234,0.30378863930510147,CENTER,True,,GAZE,FORWARD,F,149,149,,27.85043924011129
1788177947.828812,logic1,0.46694220922926727,0.424542759087739,0.30468455925901533,CENTER,True,,GAZE,FORWARD,F,149,149,,31.976579653574042
1788177947.8566847,logic1,0.4640070292868077,0.4256829594095566,0.3038441731876296,CENTER,True,,GAZE,FORWARD,F,149,149,,35.87420135651787
1788177947.8971283,logic1,0.47112086175409273,0.4226730272641628,0.30509395730491917,CENTER,True,,GAZE,FORWARD,F,149,149,,24.726483835215884
1788177947.929353,logic1,0.47589961466681885,0.41755966466330685,0.3057887407145012,CENTER,True,,GAZE,FORWARD,F,149,149,,31.032598884268783
1788177947.961572,logic1,0.48111628520245847,0.41340845622570366,0.30584054059825017,CENTER,True,,GAZE,FORWARD,F,149,149,,31.037421283586287
1788177947.998895,logic1,0.48937905801601456,0.40581523264833885,0.30640871562206495,CENTER,True,,GAZE,FORWARD,F,150,150,,26.793645115337196
1788177948.0287485,logic1,0.48995288362207534,0.4011168054342418,0.3073452856000412,CENTER,True,,GAZE,FORWARD,F,150,150,,33.496817473944816
1788177948.062428,logic1,0.4899582943481906,0.4015788299886077,0.30790593413279915,CENTER,True,,GAZE,FORWARD,F,150,150,,29.69103458039854
1788177948.0980659,logic1,0.4913380929335412,0.4009642591061927,0.3068283472285327,CENTER,True,,GAZE,FORWARD,F,150,150,,28.060425224453752
1788177948.1304326,logic1,0.4890553740679824,0.4016254782051269,0.30832043102823853,CENTER,True,,GAZE,FORWARD,F,150,150,,30.89567388790265
1788177948.161693,logic1,0.4875596698401947,0.40406214155463777,0.30669062413843146,CENTER,True,,GAZE,FORWARD,F,150,150,,31.989505396026388
1788177948.198038,logic1,0.48531901598055116,0.40601487682311993,0.30705194660947177,CENTER,True,,GAZE,FORWARD,F,150,150,,27.514277654961592
1788177948.22908,logic1,0.48281249062307,0.4039828476765591,0.30834827013310356,CENTER,True,,GAZE,FORWARD,F,150,150,,32.214069016367
1788177948.2619004,logic1,0.47701288106553835,0.40828790894362427,0.30603356247292046,CENTER,True,,GAZE,FORWARD,F,150,150,,30.468796083074846
1788177948.2984786,logic1,0.4715235333967207,0.41496013459204917,0.3062959236452084,CENTER,True,,GAZE,FORWARD,F,150,150,,27.338882407003045
1788177948.3291986,logic1,0.46648723463824127,0.4168612686530757,0.305569146769425,CENTER,True,,GAZE,FORWARD,F,150,150,,32.55335133960448
1788177948.3621612,logic1,0.46139320000032735,0.42400332594422824,0.3038264059795736,CENTER,True,,GAZE,FORWARD,F,150,150,,30.336571217786908
1788177948.3993194,logic1,0.46291759962263845,0.4244162361303703,0.3042500768198223,CENTER,True,,GAZE,FORWARD,F,150,150,,26.912096091163413
1788177948.4301102,logic1,0.4646273332244043,0.4211438551311698,0.30431625114778593,CENTER,True,,GAZE,FORWARD,F,150,150,,32.476724378232724
1788177948.4622824,logic1,0.4661656463848901,0.4200524301008007,0.30198778096388557,CENTER,True,,GAZE,FORWARD,F,150,150,,31.083424116439524
1788177948.4995382,logic1,0.4722341680775859,0.41156955938499107,0.29174184075734844,CENTER,True,,GAZE,FORWARD,F,150,150,,26.841140633799213
1788177948.5300202,logic1,0.4722341680775859,0.41156955938499107,0.2613367197724778,CENTER,True,,GAZE,FORWARD,F,150,150,,32.80644505279624
1788177948.5624874,logic1,0.4722341680775859,0.41156955938499107,0.21224828088298564,CENTER,True,,GAZE,FORWARD,F,150,150,,30.799480103685536
1788177948.5981545,logic1,0.4722341680775859,0.41156955938499107,0.1826921654796842,CENTER,True,,GAZE,FORWARD,F,150,150,,28.037353690247798
1788177948.6305928,logic1,0.4745386992396972,0.4002869944992691,0.17494064824943836,CENTER,True,,GAZE,FORWARD,F,150,150,,30.82800338098563
1788177948.6619346,logic1,0.47801210180661746,0.3879230706637404,0.194508321313161,CENTER,True,,GAZE,FORWARD,F,150,150,,31.906281141361813
1788177948.6982896,logic1,0.4797003929325085,0.38269492503554614,0.23720960166541835,CENTER,True,,GAZE,FORWARD,F,150,150,,27.506699107441484
1788177948.7301605,logic1,0.4779417494729207,0.3858769638159172,0.262726261056451,CENTER,True,,GAZE,FORWARD,F,150,150,,31.375937881043395
1788177948.76285,logic1,0.47526454197222784,0.3925013766040843,0.2766020166687742,CENTER,True,,GAZE,FORWARD,F,150,150,,30.591241940659916
1788177948.7944078,logic1,0.4738723444036378,0.40366808650306385,0.28320438952066107,CENTER,True,,GAZE,FORWARD,F,150,150,,31.68764920975492
1788177948.8301733,logic1,0.473916837879913,0.40564156966717346,0.2844691231964809,CENTER,True,,GAZE,FORWARD,F,150,150,,27.960535438109968
1788177948.8614473,logic1,0.47027757526406555,0.4050140625733148,0.28587617076872085,CENTER,True,,GAZE,FORWARD,F,150,150,,31.974629505397328
1788177948.8968625,logic1,0.4723202475939825,0.4080606121807938,0.28567126382568786,CENTER,True,,GAZE,FORWARD,F,150,150,,28.235344804372996
1788177948.9290712,logic1,0.47153369388874444,0.4044557357528743,0.2854367070362085,CENTER,True,,GAZE,FORWARD,F,150,150,,31.048449540673186
1788177948.962588,logic1,0.4696065378978423,0.40432270168966633,0.2860533100028303,CENTER,True,,GAZE,FORWARD,F,150,150,,29.836133676677715
1788177948.9980364,logic1,0.4716939494464434,0.40807067748219683,0.2863676835897175,CENTER,True,,GAZE,FORWARD,F,150,150,,28.21008736825822
1788177949.0301206,logic1,0.4718781556749123,0.40657409769324143,0.2869535147617428,CENTER,True,,GAZE,FORWARD,F,150,150,,31.16773177183961
1788177949.0624928,logic1,0.4697136262055722,0.40906066570267546,0.2872384674917512,CENTER,True,,GAZE,FORWARD,F,150,150,,30.891122944239452
1788177949.0985687,logic1,0.468910802542787,0.41197334447437894,0.2880632135426813,CENTER,True,,GAZE,FORWARD,F,150,150,,27.71920641844112
1788177949.1297488,logic1,0.4683197792676601,0.4100568454144238,0.2888006133862362,CENTER,True,,GAZE,FORWARD,F,150,150,,32.07144823367487
1788177949.1618364,logic1,0.4664901372852665,0.40983640774059155,0.2886783075373702,CENTER,True,,GAZE,FORWARD,F,150,150,,31.164489620019914
1788177949.1981845,logic1,0.4669301307482477,0.4112094365087272,0.28853897017212704,CENTER,True,,GAZE,FORWARD,F,150,150,,27.513194749650697
1788177949.2301724,logic1,0.4688843895338831,0.4111618397618423,0.28813964867597897,CENTER,True,,GAZE,FORWARD,F,150,150,,31.26111649400015
1788177949.2620907,logic1,0.4674395183602504,0.41222428822708507,0.28738082300617296,CENTER,True,,GAZE,FORWARD,F,150,150,,31.329299810275028
1788177949.294825,logic1,0.4671674212945402,0.4140340872280923,0.28816982840544025,CENTER,True,,GAZE,FORWARD,F,150,150,,30.54824072657883
1788177949.3250046,logic1,0.468121041387199,0.41510310848671694,0.2884175334600272,CENTER,True,,GAZE,FORWARD,F,150,150,,33.135336266896296
1788177949.3568728,logic1,0.4679963818971363,0.41432848620998747,0.28743438879072725,CENTER,True,,GAZE,FORWARD,F,150,150,,31.379224179852617
1788177949.3975148,logic1,0.4729377324898905,0.4121040351191102,0.2877058015095563,CENTER,True,,GAZE,FORWARD,F,150,150,,24.60521869720293
1788177949.430217,logic1,0.47720307091020725,0.40809085353553143,0.2882285793026456,CENTER,True,,GAZE,FORWARD,F,150,150,,30.579198320234468
1788177949.4616632,logic1,0.47897815506763414,0.40569413370106366,0.28983561342916453,CENTER,True,,GAZE,FORWARD,F,150,150,,31.799602723316504
1788177949.4980721,logic1,0.48091926460442025,0.4051808179542861,0.2928950593214194,CENTER,True,,GAZE,FORWARD,F,150,150,,27.466530457218447
1788177949.5300188,logic1,0.4823888438723797,0.40535057841543465,0.2947143461580121,CENTER,True,,GAZE,FORWARD,F,150,150,,31.302411319994327
1788177949.5627408,logic1,0.4813432747066167,0.4083695419255544,0.2962859188693285,CENTER,True,,GAZE,FORWARD,F,150,150,,30.561373340522582
1788177949.597021,logic1,0.48238810041251684,0.4095613590342999,0.2967898386232409,CENTER,True,,GAZE,FORWARD,F,150,150,,29.169244464226104
1788177949.6248796,logic1,0.4821544689481392,0.4098154268704994,0.29646691752996635,CENTER,True,,GAZE,FORWARD,F,150,150,,35.895078263399775
1788177949.65959,logic1,0.4785593714111977,0.4114372672677884,0.29637181379690447,CENTER,True,,GAZE,FORWARD,F,150,150,,28.80960525321629
1788177949.6942894,logic1,0.47697129552159123,0.41151107636658385,0.2957185307203343,CENTER,True,,GAZE,FORWARD,F,150,150,,28.819898993369293
1788177949.7299144,logic1,0.4753004668752912,0.41056271528950317,0.29591092300302757,CENTER,True,,GAZE,FORWARD,F,150,150,,28.070566189265158
1788177949.7620203,logic1,0.4749475266861848,0.4111256979927777,0.2957581661076974,CENTER,True,,GAZE,FORWARD,F,150,150,,31.146438543337492
1788177949.7977853,logic1,0.4756114616720583,0.41185618181593614,0.29623086843480906,CENTER,True,,GAZE,FORWARD,F,150,150,,27.960535438109968
1788177949.825888,logic1,0.47725634701249275,0.4106987596168268,0.2957752714790127,CENTER,True,,GAZE,FORWARD,F,150,150,,35.58385014125612
1788177949.8617816,logic1,0.476754123203238,0.41225566879397385,0.29429080203308633,CENTER,True,,GAZE,FORWARD,F,150,150,,27.860428969026284
1788177949.8955297,logic1,0.4708113064943274,0.4100469696869662,0.2911232128954572,CENTER,True,,GAZE,FORWARD,F,150,150,,29.630835311404997
1788177949.9298217,logic1,0.46637546906592164,0.4086205388133598,0.28701159905575296,CENTER,True,,GAZE,FORWARD,F,150,150,,29.162348949425
1788177949.9598308,logic1,0.4617468322135849,0.4071607584724618,0.28411460639343056,CENTER,True,,GAZE,FORWARD,F,150,150,,33.32250734885199
1788177949.9989839,logic1,0.4578783726809133,0.4057975755595272,0.281668688618429,CENTER,True,,GAZE,FORWARD,F,150,150,,25.540762391913287
1788177950.0311232,logic1,0.4589775555201209,0.4068879582535254,0.2820685273668283,CENTER,True,,GAZE,FORWARD,F,150,150,,31.11432238154937
1788177950.0630727,logic1,0.4577136776360834,0.406161499046293,0.2832349639413312,CENTER,True,,GAZE,FORWARD,F,150,150,,31.2993746548662
1788177950.09848,logic1,0.45508030810537814,0.4107215127339421,0.2844408306775558,CENTER,True,,GAZE,FORWARD,F,150,150,,28.24294987475422
1788177950.130031,logic1,0.45530371740774145,0.41114864527147643,0.2861416861097865,CENTER,True,,GAZE,FORWARD,F,150,150,,31.694114268874163
1788177950.1624146,logic1,0.45705754876146865,0.4106026439434919,0.28422552267956036,CENTER,True,,GAZE,FORWARD,F,150,150,,30.88043350217929
1788177950.1963377,logic1,0.4601015883390654,0.41350807105158494,0.2790251013537233,CENTER,True,,GAZE,FORWARD,F,150,150,,29.47860250346141
1788177950.231079,logic1,0.4643281650510108,0.4112546877105413,0.2742694796236415,CENTER,True,,GAZE,FORWARD,F,150,150,,28.783705513388874
1788177950.2625737,logic1,0.46741626536723263,0.40752924574411165,0.2691683373450837,CENTER,True,,GAZE,FORWARD,F,150,150,,31.75145725143454
1788177950.2955,logic1,0.4675250740786657,0.4103937247964594,0.26628704166185146,CENTER,True,,GAZE,FORWARD,F,150,150,,30.370619243468692
1788177950.330739,logic1,0.4670659626548288,0.40954892854181413,0.2670228288505668,CENTER,True,,GAZE,FORWARD,F,150,150,,28.37804886299822
1788177950.3619657,logic1,0.4569111565287224,0.39890137811947723,0.266810332602907,CENTER,True,,GAZE,FORWARD,F,150,150,,32.02394368347916
1788177950.398246,logic1,0.4424934993694495,0.39558403989440966,0.267391317428204,CENTER,True,,GAZE,FORWARD,F,150,150,,27.563096779281203
1788177950.4302673,logic1,0.4308631389493125,0.388781862027739,0.269216669207028,CENTER,True,,GAZE,FORWARD,F,150,150,,31.229228558451904
1788177950.4616337,logic1,0.4174560955373693,0.3810587287161121,0.2705823816164997,CENTER,True,,GAZE,FORWARD,F,150,150,,31.88178598032807
1788177950.4979546,logic1,0.4149676433121423,0.38616945088324767,0.27155106062088763,CENTER,True,,GAZE,FORWARD,F,150,150,,27.531796460641704
1788177950.526528,logic1,0.4250350033885211,0.38887936559667885,0.27050689244769094,CENTER,True,,GAZE,FORWARD,F,150,150,,34.99773874588009
1788177950.5616252,logic1,0.4386675194001266,0.3886290112466276,0.26797409687133933,CENTER,True,,GAZE,FORWARD,F,150,150,,28.49236454540514
1788177950.5976317,logic1,0.4513477179069719,0.3952475010972233,0.2660004229357733,CENTER,True,,GAZE,FORWARD,F,150,150,,27.772617415890295
1788177950.6260848,logic1,0.4635927584793323,0.400101569557214,0.26532648569608125,CENTER,True,,GAZE,FORWARD,F,150,150,,35.14524643461648
1788177950.661651,logic1,0.46780706621176465,0.4026171511443283,0.265283317148265,CENTER,True,,GAZE,FORWARD,F,150,150,,28.116479862712502
1788177950.6972456,logic1,0.4742331639527744,0.4075735892761022,0.26535643601930303,CENTER,True,,GAZE,FORWARD,F,150,150,,28.094445151480645
1788177950.7301433,logic1,0.48446877483764816,0.4072568019046704,0.26574262789199166,CENTER,True,,GAZE,FORWARD,F,150,150,,30.39769243591509
1788177950.7618911,logic1,0.4919056846403632,0.40952979947032997,0.26509213356849703,CENTER,True,,GAZE,FORWARD,F,150,150,,31.497991153565984
1788177950.7979949,logic1,0.4993388456381519,0.411381234864412,0.2649347330013605,CENTER,True,,GAZE,FORWARD,F,150,150,,27.697972660635276
1788177950.829772,logic1,0.5018925974590934,0.4090832640493869,0.266471430332614,CENTER,True,,GAZE,FORWARD,F,150,150,,31.46939571735118
1788177950.859071,logic1,0.49950371978953073,0.41228096134897707,0.2668717175724171,CENTER,True,,GAZE,FORWARD,F,150,150,,34.13194450095618
1788177950.8976738,logic1,0.4998696697150451,0.41065353316660946,0.26711704578300177,CENTER,True,,GAZE,FORWARD,F,150,150,,25.904357224469628
1788177950.929871,logic1,0.5019943055697995,0.40850573553775754,0.26772474988314177,CENTER,True,,GAZE,FORWARD,F,150,150,,31.05810569653528
1788177950.9622045,logic1,0.4979368675329381,0.4123650656726653,0.2680696819706767,CENTER,True,,GAZE,FORWARD,F,150,150,,30.92779613025012
1788177950.998977,logic1,0.49580263564675897,0.4111955499423561,0.26757347218856825,CENTER,True,,GAZE,FORWARD,F,150,150,,27.194771513045282
1788177951.0302405,logic1,0.4803598955175513,0.40743194952962425,0.2684126037682484,CENTER,True,,GAZE,FORWARD,F,150,150,,31.985602184075468
1788177951.0619664,logic1,0.4635208221580717,0.40145362193005035,0.27000769400049585,CENTER,True,,GAZE,FORWARD,F,150,150,,31.51929421136085
1788177951.0971005,logic1,0.4489615067865449,0.39630800592760607,0.2705317476651482,CENTER,True,,GAZE,FORWARD,F,150,150,,28.462781875801603
1788177951.129608,logic1,0.4364243345894656,0.3896027719031971,0.2724832386746286,CENTER,True,,GAZE,FORWARD,F,150,150,,30.762433532582786
1788177951.1605115,logic1,0.43810621720979664,0.387887405965994,0.27280855289845785,CENTER,True,,GAZE,FORWARD,F,150,150,,32.35796392587678
1788177951.1978106,logic1,0.4377129892135243,0.39094244794395366,0.2730199323927527,CENTER,True,,GAZE,FORWARD,F,150,150,,26.810600733818283
1788177951.2282894,logic1,0.4378243196058407,0.3920545992231812,0.27387779832996106,CENTER,True,,GAZE,FORWARD,F,150,150,,32.8090112640801
1788177951.2575252,logic1,0.44020082449957587,0.3899729891999373,0.2730673838193939,CENTER,True,,GAZE,FORWARD,F,150,150,,34.20459290187891
1788177951.2963538,logic1,0.43776715405083066,0.3942128597784915,0.2744379249399359,CENTER,True,,GAZE,FORWARD,F,150,150,,25.754046420238243
1788177951.3260145,logic1,0.44584641051154206,0.3942963374826727,0.27239610362150124,CENTER,True,,GAZE,FORWARD,F,150,150,,33.715186006880806
1788177951.3619978,logic1,0.4550236211010681,0.3919944948294525,0.2715773570459652,CENTER,True,,GAZE,FORWARD,F,150,150,,27.79065098558887
1788177951.3969302,logic1,0.45961663727540863,0.3957232532333294,0.2729626331282986,CENTER,True,,GAZE,FORWARD,F,150,150,,28.62634880117937
1788177951.4287183,logic1,0.4708491800438823,0.3937430259362622,0.27279909251653167,CENTER,True,,GAZE,FORWARD,F,150,150,,31.458302394827832
1788177951.4605522,logic1,0.4692958022136958,0.39413865541483506,0.2758049795668861,CENTER,True,,GAZE,FORWARD,F,150,150,,31.413536650214578
1788177951.496362,logic1,0.46823271558636936,0.39892400410541307,0.2781102893910107,CENTER,True,,GAZE,FORWARD,F,150,150,,27.925723226472254
1788177951.5296888,logic1,0.46990210057715587,0.40129590210779587,0.27847372085684174,CENTER,True,,GAZE,FORWARD,F,150,150,,30.006252638055244
1788177951.5626853,logic1,0.46575448814841214,0.39894498368920595,0.279159055325472,CENTER,True,,GAZE,FORWARD,F,150,150,,30.305664739884392
1788177951.5976808,logic1,0.46588236149672774,0.4037227054972464,0.2800581052427876,CENTER,True,,GAZE,FORWARD,F,150,150,,28.575056887084248
1788177951.6297052,logic1,0.46784950560416155,0.4031943949190877,0.27880305271245515,CENTER,True,,GAZE,FORWARD,F,150,150,,31.22620607504467
1788177951.6616786,logic1,0.46665077692704066,0.40057978551320883,0.2792368486403186,CENTER,True,,GAZE,FORWARD,F,150,150,,31.276268595503524
1788177951.6978939,logic1,0.4611099308325448,0.40279038542785434,0.2783099867205568,CENTER,True,,GAZE,FORWARD,F,150,150,,27.612453011540563
1788177951.7294223,logic1,0.44792863636915936,0.39781465994875576,0.2773419127194924,CENTER,True,,GAZE,FORWARD,F,150,150,,31.717362371445855
1788177951.7617009,logic1,0.4332190754862275,0.38865193722948443,0.2765087952542931,CENTER,True,,GAZE,FORWARD,F,150,150,,30.98010887308235
1788177951.7975538,logic1,0.4207730313327183,0.3840829635593679,0.2753240095996056,CENTER,True,,GAZE,FORWARD,F,150,150,,27.89173948316908
1788177951.829774,logic1,0.4135805965756385,0.38199527818110207,0.2766891565711651,CENTER,True,,GAZE,FORWARD,F,150,150,,31.036502615786475
1788177951.8620982,logic1,0.41367326002709914,0.3756306408320027,0.27648536192879497,CENTER,True,,GAZE,FORWARD,F,150,150,,30.936692801876426
1788177951.895854,logic1,0.4170032569562142,0.38386279644881927,0.2777802753209725,CENTER,True,,GAZE,FORWARD,F,150,150,,29.624347555850633
1788177951.929511,logic1,0.4253144666870441,0.38851726487260085,0.2770301685561695,CENTER,True,,GAZE,FORWARD,F,150,150,,29.71206743881274
1788177951.9617019,logic1,0.4350609179142012,0.38665239990590405,0.27484001083795856,CENTER,True,,GAZE,FORWARD,F,150,150,,31.06454647123738
1788177951.9973521,logic1,0.44299502421838477,0.3941766960617479,0.2742077917825213,CENTER,True,,GAZE,FORWARD,F,150,150,,28.050479177673598
1788177952.0297027,logic1,0.4470218346304513,0.39404611593850936,0.2737683776018048,CENTER,True,,GAZE,FORWARD,F,150,150,,30.91161275582775
1788177952.0624375,logic1,0.4464185953045407,0.3926169034242518,0.2739641969098785,CENTER,True,,GAZE,FORWARD,F,150,150,,30.54735078839081
1788177952.0984569,logic1,0.4444116436353517,0.39646770392834313,0.2753775672899974,CENTER,True,,GAZE,FORWARD,F,150,150,,27.763425628669584
1788177952.129634,logic1,0.4442796550034256,0.39914325221661495,0.27685438253836525,CENTER,True,,GAZE,FORWARD,F,150,150,,32.0743912883886
1788177952.1617723,logic1,0.4453119732110704,0.39745520888508357,0.27676316895071745,CENTER,True,,GAZE,FORWARD,F,150,150,,31.115245662059806
1788177952.1973133,logic1,0.4449953031745913,0.40214899307376917,0.277751774867749,CENTER,True,,GAZE,FORWARD,F,150,150,,28.137039049554897
1788177952.2304776,logic1,0.4464485073435419,0.4033107179455916,0.27819967437640036,CENTER,True,,GAZE,FORWARD,F,150,150,,30.15250569721717
1788177952.2620041,logic1,0.4466725141607395,0.39910141166953433,0.27659555342026676,CENTER,True,,GAZE,FORWARD,F,150,150,,31.719521141033493
1788177952.2973104,logic1,0.4456388014973283,0.4002823552328502,0.27595510477143476,CENTER,True,,GAZE,FORWARD,F,150,150,,28.323624945132863
1788177952.329975,logic1,0.4455773076445898,0.3973368123782235,0.2754513139310195,CENTER,True,,GAZE,FORWARD,F,150,150,,30.614463811275584
1788177952.360938,logic1,0.44799720697298373,0.39268551498199544,0.2731162853923953,CENTER,True,,GAZE,FORWARD,F,150,150,,32.2959244173064
1788177952.3986487,logic1,0.44824997256218474,0.3969005959342619,0.27399761820968166,CENTER,True,,GAZE,FORWARD,F,150,150,,26.51786380390595
1788177952.430216,logic1,0.44844015042713703,0.3982282634404777,0.2752025398530364,CENTER,True,,GAZE,FORWARD,F,150,150,,31.678315446024637
1788177952.4629903,logic1,0.45156249195220344,0.3968035075882117,0.27471585154159206,CENTER,True,,GAZE,FORWARD,F,150,150,,30.51157377096882
1788177952.4989402,logic1,0.4504151059254574,0.4002118428783167,0.2754584565633215,CENTER,True,,GAZE,FORWARD,F,150,150,,27.816453891302185
1788177952.5286763,logic1,0.451578892653101,0.39800752037856635,0.2750501122009607,CENTER,True,,GAZE,FORWARD,F,150,150,,33.62976266837717
1788177952.5616827,logic1,0.45358304641599917,0.3946371427570056,0.2735736043687636,CENTER,True,,GAZE,FORWARD,F,150,150,,30.29756495734522
1788177952.5978417,logic1,0.4525124899852674,0.3994783453647571,0.27481386503908356,CENTER,True,,GAZE,FORWARD,F,150,150,,27.655784941415394
1788177952.6300359,logic1,0.4508465459661578,0.40088718421901126,0.275807558076449,CENTER,True,,GAZE,FORWARD,F,150,150,,31.06040566659508
1788177952.6613965,logic1,0.44728681470756376,0.39664404519577345,0.27515396977864715,CENTER,True,,GAZE,FORWARD,F,150,150,,31.887360778500017
1788177952.699102,logic1,0.44173259139977594,0.3947020356742478,0.275692884424149,CENTER,True,,GAZE,FORWARD,F,150,150,,26.52138503174242
1788177952.7301106,logic1,0.4371414489377524,0.3909461715849695,0.2759566438969385,CENTER,True,,GAZE,FORWARD,F,150,150,,32.24899277256651
1788177952.7616744,logic1,0.4347128656745724,0.38439772322827165,0.27565000763178193,CENTER,True,,GAZE,FORWARD,F,150,150,,31.68166539516123
1788177952.798629,logic1,0.43384450783798323,0.385032816575974,0.27566551921079585,CENTER,True,,GAZE,FORWARD,F,150,150,,27.060200388389603
1788177952.8302693,logic1,0.4345563740428102,0.3871011620753155,0.2767356074244341,CENTER,True,,GAZE,FORWARD,F,150,150,,31.605033531760984
1788177952.8620803,logic1,0.4361932354811936,0.3843918677782416,0.27521487521085436,CENTER,True,,GAZE,FORWARD,F,150,150,,31.436374810750852
1788177952.8977766,logic1,0.4367005128128689,0.38635086554179926,0.2749521810947785,CENTER,True,,GAZE,FORWARD,F,150,150,,28.013945846301812
1788177952.9299312,logic1,0.43296742661905785,0.3831797067672319,0.2753385519128361,CENTER,True,,GAZE,FORWARD,F,150,150,,31.100018537055576
1788177952.9591148,logic1,0.4239015361609816,0.37854041126780835,0.2748265772193019,CENTER,True,,GAZE,FORWARD,F,150,150,,34.265789796168455
1788177952.9993181,logic1,0.41145863502107854,0.37622206683860243,0.276858232507084,CENTER,True,,GAZE,FORWARD,F,150,150,,24.873707182844672
1788177953.0301359,logic1,0.40222935257628945,0.37423080444566537,0.2776052550199395,CENTER,True,,GAZE,FORWARD,F,150,150,,32.44808218966131
1788177953.0619943,logic1,0.395826292227901,0.3791126399460317,0.27760980598970264,CENTER,True,,GAZE,FORWARD,F,150,150,,31.38720805801049
1788177953.0982444,logic1,0.3870309219852781,0.37883153898604727,0.27116465527519795,CENTER,True,,GAZE,FORWARD,F,150,150,,27.586664123493005
1788177953.1312506,logic1,0.37279686434746273,0.3692699560379933,0.2520332949513905,CENTER,True,,GAZE,FORWARD,F,150,150,,30.298440400771494
1788177953.1640205,logic1,0.37279686434746273,0.3692699560379933,0.22731477791976207,CENTER,True,,GAZE,FORWARD,F,150,150,,30.516679641742396
1788177953.199407,logic1,0.3565069117598322,0.37339037817903054,0.2127152347528161,CENTER,True,,GAZE,FORWARD,F,150,150,,28.258933865143103
1788177953.232319,logic1,0.3496657175285399,0.3721412368739344,0.21054344654401774,CENTER,True,,GAZE,FORWARD,F,150,150,,30.383599550871093
1788177953.2636917,logic1,0.34561238672391814,0.37247886375883404,0.22586116577938956,CENTER,True,,GAZE,FORWARD,F,150,150,,31.875244138769617
1788177953.296024,logic1,0.3487419235537473,0.3818115263325761,0.2520820775372591,CENTER,True,,GAZE,FORWARD,F,150,150,,30.928024186115106
1788177953.345133,logic1,0.34887360033621495,0.37792488646048694,0.27286716051171667,CENTER,True,,GAZE,FORWARD,F,150,150,,20.362675987959996
1788177953.3627055,logic1,0.33351865497441424,0.3799982224378769,0.28764240492436455,CENTER,True,,GAZE,FORWARD,F,150,150,,56.90741343753392
1788177953.3980203,logic1,0.3248482992880844,0.3830501241855098,0.29609645627988707,CENTER,True,,GAZE,FORWARD,F,150,150,,28.317505755585113
1788177953.4287283,logic1,0.31904988796964595,0.3807064958874299,0.3001275064630815,CENTER,True,,GAZE,FORWARD,F,150,150,,32.564977717045295
1788177953.4599082,logic1,0.31915941657419883,0.37974597754328876,0.30221313959538704,CENTER,True,,GAZE,FORWARD,F,150,150,,32.07095777706412
1788177953.4978004,logic1,0.32397255156898463,0.37782885360797275,0.3039953690780436,CENTER,True,,GAZE,FORWARD,F,150,150,,26.390889070660037
1788177953.5299184,logic1,0.33215381849299663,0.37306085585106763,0.30832660748524626,CENTER,True,,GAZE,FORWARD,F,150,150,,31.135340578419147
1788177953.5615022,logic1,0.3368294246251589,0.3775851141473682,0.31052673841186534,CENTER,True,,GAZE,FORWARD,F,150,150,,31.66133731902109
1788177953.5959218,logic1,0.33631345007797503,0.3779277021156039,0.30916119626642974,CENTER,True,,GAZE,FORWARD,F,150,150,,29.054877457432216
1788177953.6289492,logic1,0.3435689485714851,0.3728218773487234,0.30860527076193933,CENTER,True,,GAZE,FORWARD,F,150,150,,30.276569481639754
1788177953.6616983,logic1,0.3387148747419963,0.37858570208889386,0.3085066160461575,CENTER,True,,GAZE,FORWARD,F,150,150,,30.53511939429237
1788177953.6987107,logic1,0.3407684782092167,0.38013137654289225,0.30937522379004867,CENTER,True,,GAZE,FORWARD,F,150,150,,27.018017147531904
1788177953.730616,logic1,0.34298174532791925,0.3855004756471956,0.31253086883151626,CENTER,True,,GAZE,FORWARD,F,150,150,,31.341941654710666
1788177953.762134,logic1,0.33316654769686305,0.39042167468156413,0.3163733226318139,CENTER,True,,GAZE,FORWARD,F,150,150,,31.728399170915473
1788177953.7975628,logic1,0.3327700554353776,0.39551038322278914,0.31694747075591395,CENTER,True,,GAZE,FORWARD,F,150,150,,28.225464333781964
1788177953.8293574,logic1,0.3349471342097022,0.40388067365220015,0.31871794034662365,CENTER,True,,GAZE,FORWARD,F,150,150,,31.452404877244028
1788177953.8605056,logic1,0.348302587073492,0.4112365482180038,0.3190468523129217,CENTER,True,,GAZE,FORWARD,F,150,150,,32.10385157063254
1788177953.8966396,logic1,0.37667649776599765,0.41813691319345475,0.32015873145332896,CENTER,True,,GAZE,FORWARD,F,150,150,,27.674945234764706
1788177953.9283857,logic1,0.4056230589768762,0.41415105225264326,0.32275964519827527,CENTER,True,,GAZE,FORWARD,F,150,150,,31.500120163422253
1788177953.9605496,logic1,0.42656298129907305,0.4186980799911987,0.3232418437626149,CENTER,True,,GAZE,FORWARD,F,150,150,,31.09102769376742
1788177953.99914,logic1,0.42938655192802466,0.42099527653848695,0.32819875919032415,CENTER,True,,GAZE,FORWARD,F,150,150,,25.912999425432933
1788177954.0284834,logic1,0.4301971942643362,0.42676876545616815,0.3291569889817328,CENTER,True,,GAZE,FORWARD,F,150,150,,34.07925248832013
1788177954.060403,logic1,0.4194291452512041,0.42630476662025124,0.3278520136368433,CENTER,True,,GAZE,FORWARD,F,150,150,,31.328129784961497
1788177954.098292,logic1,0.4011875065490923,0.42843225007742314,0.32748903988424005,CENTER,True,,GAZE,FORWARD,F,150,150,,26.392881863602614
1788177954.1281326,logic1,0.4048578744194947,0.42880878078908397,0.32242183995305107,CENTER,True,,GAZE,FORWARD,F,150,150,,33.51180498406028
1788177954.1608412,logic1,0.3967497184953634,0.42460739459006,0.3204924664170338,CENTER,True,,GAZE,FORWARD,F,150,150,,30.573180065457144
1788177954.198862,logic1,0.3948780503521257,0.4386792540116707,0.32239960911812754,CENTER,True,,GAZE,FORWARD,F,150,150,,26.30152379757948
1788177954.229849,logic1,0.41152956576517213,0.43672859089960325,0.32726626522809055,CENTER,True,,GAZE,FORWARD,F,150,150,,32.271572451892375
1788177954.261566,logic1,0.4042378118053424,0.4339115790783259,0.32960181658382126,CENTER,True,,GAZE,FORWARD,F,150,150,,31.528771489352106
1788177954.2976987,logic1,0.4094206575155536,0.4390414473296622,0.3307077625056512,CENTER,True,,GAZE,FORWARD,F,150,150,,27.676040910590565
1788177954.3299184,logic1,0.4218596287500702,0.43731499971902876,0.32990186236697006,CENTER,True,,GAZE,FORWARD,F,150,150,,31.036502615786475
1788177954.3627026,logic1,0.41124108278952487,0.43742632252025715,0.3255541864171373,CENTER,True,,GAZE,FORWARD,F,150,150,,30.50314172678613
1788177954.399294,logic1,0.4126355098917026,0.4477994238891384,0.32491451257633447,CENTER,True,,GAZE,FORWARD,F,150,150,,27.328550857783252
1788177954.4306319,logic1,0.4109909714386349,0.4501540996525074,0.3216600436263956,CENTER,True,,GAZE,FORWARD,F,150,150,,31.910165017003827
1788177954.4625854,logic1,0.3946004602212053,0.44991558048278846,0.31837882186486477,CENTER,True,,GAZE,FORWARD,F,150,150,,31.296105058946427
1788177954.499857,logic1,0.38779407653467685,0.45454157142649937,0.3176540624642462,CENTER,True,,GAZE,FORWARD,F,150,150,,26.829637116119002
1788177954.5307515,logic1,0.3953942368466907,0.4524687606544645,0.3138272270443404,CENTER,True,,GAZE,FORWARD,F,150,150,,32.368451921592836
1788177954.564393,logic1,0.39056045664978933,0.4508369128632652,0.3147479716850401,CENTER,True,,GAZE,FORWARD,F,150,150,,29.725544113790832
1788177954.600072,logic1,0.39683962708332343,0.4544257346753686,0.3164352088223144,CENTER,True,,GAZE,FORWARD,F,150,150,,28.027611277054977
1788177954.6310165,logic1,0.41037598680186016,0.45024486805982417,0.3177049883994531,CENTER,True,,GAZE,FORWARD,F,150,150,,32.31533287619517
1788177954.6635668,logic1,0.3967453979888008,0.44082687421092115,0.32210977732768653,CENTER,True,,GAZE,FORWARD,F,150,150,,30.72142506610414
1788177954.6990473,logic1,0.39883871668931825,0.44237668757854964,0.3232620249670527,CENTER,True,,GAZE,FORWARD,F,150,150,,28.184685683566844
1788177954.7308037,logic1,0.41236825634092,0.43964744803278055,0.32376213512451946,CENTER,True,,GAZE,FORWARD,F,150,150,,31.48995082397988
1788177954.7629724,logic1,0.3989657923938546,0.4365695486230127,0.3237582044846161,CENTER,True,,GAZE,FORWARD,F,150,150,,31.085958228955132
1788177954.7984965,logic1,0.39261434948919666,0.4480137327689114,0.3272573468698206,CENTER,True,,GAZE,FORWARD,F,150,150,,28.150069128444677
1788177954.8319943,logic1,0.3910173813218194,0.4483417138649817,0.3280317248048923,CENTER,True,,GAZE,FORWARD,F,150,150,,29.852485035693697
1788177954.8621635,logic1,0.3691888921759427,0.4474856172964746,0.32782086544015265,CENTER,True,,GAZE,FORWARD,F,150,150,,33.147120187140416
1788177954.8993084,logic1,0.36518258004844073,0.4567813454064941,0.3259809444662121,CENTER,True,,GAZE,FORWARD,F,150,150,,26.92125109917265
1788177954.9307406,logic1,0.37827072450754273,0.45170232857431597,0.3192381185745731,CENTER,True,,GAZE,FORWARD,F,150,150,,31.814557480506082
1788177954.9625874,logic1,0.37625523099461866,0.4530246788943554,0.31595972251419624,CENTER,True,,GAZE,FORWARD,F,150,150,,31.400601913546048
1788177954.9994404,logic1,0.38380859427255803,0.46514048525735496,0.3134859624605548,CENTER,True,,GAZE,FORWARD,F,150,150,,27.134777742555297
1788177955.032477,logic1,0.39881427344014075,0.4622970421798217,0.31633093143528157,CENTER,True,,GAZE,FORWARD,F,150,150,,30.26935900581672
1788177955.062779,logic1,0.3936886475849218,0.46282098591598386,0.32033479225631223,CENTER,True,,GAZE,FORWARD,F,150,150,,33.00158937479346
1788177955.0992246,logic1,0.40342296415451984,0.4565357762391027,0.3221825238888453,CENTER,True,,GAZE,FORWARD,F,150,150,,27.437602621887
1788177955.130745,logic1,0.416663296520635,0.44386011124133273,0.32507305870818826,CENTER,True,,GAZE,FORWARD,F,150,150,,31.725279296860226
1788177955.1625657,logic1,0.42214450646540624,0.43538017040297894,0.32484463598742763,CENTER,True,,GAZE,FORWARD,F,150,150,,31.427188467042807
1788177955.1985328,logic1,0.4334716262644405,0.42976262509073526,0.32764559953034444,CENTER,True,,GAZE,FORWARD,F,150,150,,27.803177843918412
1788177955.2316332,logic1,0.43777871274095476,0.4244872057771681,0.3328100283211446,CENTER,True,,GAZE,FORWARD,F,150,150,,30.210492955717537
1788177955.2625382,logic1,0.43467319883470457,0.4140398816559391,0.33645124732960496,CENTER,True,,GAZE,FORWARD,F,150,150,,32.35671580766353
1788177955.2970636,logic1,0.42481717978151834,0.41706300719033884,0.34049987501916285,CENTER,True,,GAZE,FORWARD,F,150,150,,28.96398754238283
1788177955.3283694,logic1,0.40220594929661957,0.41226686693535786,0.33821155429887023,CENTER,True,,GAZE,FORWARD,F,150,150,,31.943459452872723
1788177955.3614712,logic1,0.3744248376231886,0.4123824950151431,0.33438684269843133,CENTER,True,,GAZE,FORWARD,F,150,150,,30.210057765165157
1788177955.3974242,logic1,0.3499006300894728,0.4152317041901154,0.3329100622805262,CENTER,True,,GAZE,FORWARD,F,150,150,,27.81368700265252
1788177955.4301586,logic1,0.34180017774646265,0.4057017570833944,0.33243623005621203,CENTER,True,,GAZE,FORWARD,F,150,150,,30.549353222235172
1788177955.463405,logic1,0.35020157956891806,0.4002211774912996,0.3311766073620895,CENTER,True,,GAZE,FORWARD,F,150,150,,30.07920138839087
1788177955.4986258,logic1,0.36228669324054474,0.3945518689581961,0.33106473612121323,CENTER,True,,GAZE,FORWARD,F,150,150,,28.391879725713977
1788177955.532316,logic1,0.37605422545938355,0.3844459927722163,0.32788863721881456,CENTER,True,,GAZE,FORWARD,F,150,150,,29.68199960370255
1788177955.5632422,logic1,0.3789095253334819,0.379313729581095,0.322220880104002,CENTER,True,,GAZE,FORWARD,F,150,150,,32.335512520044404
1788177955.598896,logic1,0.3741665493625757,0.3801571898700642,0.3209430162317852,CENTER,True,,GAZE,FORWARD,F,150,150,,28.04691533040001
1788177955.6310763,logic1,0.36045420034199127,0.37594150695853634,0.3223376584815727,CENTER,True,,GAZE,FORWARD,F,150,150,,31.07559401649243
1788177955.6626441,logic1,0.3427537298841268,0.3792240481741743,0.3227069244713586,CENTER,True,,GAZE,FORWARD,F,150,150,,31.67687997039476
1788177955.6989126,logic1,0.3308066671032879,0.38105851405837077,0.3209970023146334,CENTER,True,,GAZE,FORWARD,F,150,150,,27.57288140050093
1788177955.7312844,logic1,0.3265123111605724,0.37908030297759704,0.3202185890178527,CENTER,True,,GAZE,FORWARD,F,150,150,,30.89066792361116
1788177955.7630405,logic1,0.33323476935066065,0.381762201491192,0.31703398644621655,CENTER,True,,GAZE,FORWARD,F,150,150,,31.490187245671727
1788177955.7988064,logic1,0.33737421682341434,0.3814820329682635,0.3147974268243882,CENTER,True,,GAZE,FORWARD,F,150,150,,27.960162655822945
1788177955.8312588,logic1,0.3428546258038411,0.3832296200390394,0.31274618988237873,CENTER,True,,GAZE,FORWARD,F,150,150,,30.81350876806324
1788177955.863091,logic1,0.3460245998692182,0.3854192443850931,0.3061589951594171,CENTER,True,,GAZE,FORWARD,F,150,150,,31.41471306379855
1788177955.8999112,logic1,0.33988325390395124,0.3855354617870699,0.2965880007579217,CENTER,True,,GAZE,FORWARD,F,150,150,,27.159376558119053
1788177955.9312356,logic1,0.34575328627450197,0.3867792268384115,0.2939272557658328,CENTER,True,,GAZE,FORWARD,F,150,150,,31.92400901175181
1788177955.9628782,logic1,0.3479731389150901,0.38616281405752617,0.29101506943027966,CENTER,True,,GAZE,FORWARD,F,150,150,,31.602175976853875
1788177955.9999092,logic1,0.3458562925614955,0.3870226045494043,0.29187139922092986,CENTER,True,,GAZE,FORWARD,F,150,150,,27.004622773921888
1788177956.0315835,logic1,0.3488643743432742,0.3908186663779648,0.29566115354470845,CENTER,True,,GAZE,FORWARD,F,150,150,,31.571727512231842
1788177956.0634668,logic1,0.33972512113296843,0.3955191931413115,0.29029415808456527,CENTER,True,,GAZE,FORWARD,F,150,150,,31.363503125654294
1788177956.0990605,logic1,0.3319103054954364,0.39712134892472717,0.2862654700784469,CENTER,True,,GAZE,FORWARD,F,150,150,,28.09500971263983
1788177956.1314206,logic1,0.33121699039394475,0.39583669252117165,0.28300493656125714,CENTER,True,,GAZE,FORWARD,F,150,150,,30.901592119707363
1788177956.1626658,logic1,0.3328245583939167,0.3984190349138661,0.27885769072729927,CENTER,True,,GAZE,FORWARD,F,150,150,,32.00634891564794
1788177956.199106,logic1,0.33391710040354633,0.3979292927746221,0.2777255915383243,CENTER,True,,GAZE,FORWARD,F,150,150,,27.442090524855733
1788177956.23118,logic1,0.33944947984012946,0.3961364074189909,0.28121025402678224,CENTER,True,,GAZE,FORWARD,F,150,150,,31.177694028796765
1788177956.263715,logic1,0.346795363683312,0.39671083308270205,0.28149832282110004,CENTER,True,,GAZE,FORWARD,F,150,150,,30.737184607605325
1788177956.2993116,logic1,0.3518799062477228,0.39512371416363334,0.2821635461048142,CENTER,True,,GAZE,FORWARD,F,150,150,,28.09124640010716
1788177956.3306117,logic1,0.3614992171553783,0.39955034164740905,0.2844433778426054,CENTER,True,,GAZE,FORWARD,F,150,150,,31.949055842048736
1788177956.3634443,logic1,0.3646376254083384,0.40543952543037254,0.28075692669809516,CENTER,True,,GAZE,FORWARD,F,150,150,,30.457733336238007
1788177956.399547,logic1,0.3623505603909506,0.4113575023261943,0.2776521999491597,CENTER,True,,GAZE,FORWARD,F,150,150,,27.698521399750376
1788177956.431004,logic1,0.37106465694026447,0.4147034175041966,0.27668398271097683,CENTER,True,,GAZE,FORWARD,F,150,150,,31.789721007435254
1788177956.4634185,logic1,0.3752201696818574,0.41493247632743413,0.2735447271453873,CENTER,True,,GAZE,FORWARD,F,150,150,,30.85022470339887
1788177956.4989321,logic1,0.3771288447752678,0.417300341394115,0.27317820827241657,CENTER,True,,GAZE,FORWARD,F,150,150,,28.15781735668683
1788177956.5271878,logic1,0.38153378425757933,0.41741497048573073,0.27865460124518615,CENTER,True,,GAZE,FORWARD,F,150,150,,35.39049065519133
1788177956.5552368,logic1,0.3728149414489944,0.41747757716612977,0.2807317604323387,CENTER,True,,GAZE,FORWARD,F,150,150,,35.65160182580091
1788177956.5981991,logic1,0.3551635163501995,0.4265644187491365,0.2877595955562368,CENTER,True,,GAZE,FORWARD,F,150,150,,23.27673106058504
1788177956.6304984,logic1,0.3406856890755696,0.43520108367083965,0.29482127292212357,CENTER,True,,GAZE,FORWARD,F,150,150,,30.96135647269855
1788177956.6629422,logic1,0.32302550036048555,0.4404491987909992,0.2985514577190038,CENTER,True,,GAZE,FORWARD,F,150,150,,30.82233980011758
1788177956.6991637,logic1,0.3091459052820347,0.4528706507632089,0.30526981146398496,RIGHT,True,,GAZE,FORWARD,F,150,150,,27.607545778866026
1788177956.7313483,logic1,0.28895953807821206,0.45518948922279473,0.3061284757597497,RIGHT,True,,GAZE,FORWARD,F,150,150,,31.071220090377064
1788177956.7626855,logic1,0.26958130959079624,0.45350090525343,0.30968132582782654,RIGHT,True,,GAZE,FORWARD,F,150,150,,31.911136133660992
1788177956.798701,logic1,0.26291069700731023,0.4615874153117877,0.31151831672580976,RIGHT,True,,GAZE,FORWARD,F,150,150,,27.765447299784196
1788177956.8305051,logic1,0.24770878226761606,0.4638243913033351,0.3121571564233251,RIGHT,True,,GAZE,FORWARD,F,150,150,,31.442502024048697
1788177956.8623676,logic1,0.258274978968416,0.46429635475861697,0.31352356451603647,RIGHT,True,,GAZE,FORWARD,F,150,150,,31.38462459406474
1788177956.8993769,logic1,0.27171909571293584,0.4657823637667524,0.3149629231719062,RIGHT,True,,GAZE,FORWARD,F,150,150,,27.020802061523593
1788177956.930996,logic1,0.2779233918251858,0.4693840896852736,0.31513323394423354,RIGHT,True,,GAZE,FORWARD,F,150,150,,31.6264816769718
1788177956.9632874,logic1,0.2924915066300352,0.46674515369580877,0.317865858778374,RIGHT,True,,GAZE,FORWARD,F,150,150,,30.967299897373803
1788177956.9997065,logic1,0.3037919348394926,0.4570934057320295,0.31971391536380184,RIGHT,True,,GAZE,FORWARD,F,150,150,,27.458259138996542
1788177957.0310328,logic1,0.3207416046107043,0.4569414186490353,0.3151478357989677,CENTER,True,,GAZE,FORWARD,F,150,150,,31.922551183499504
1788177957.0623808,logic1,0.33674576393630484,0.45064244171943646,0.31049268429984156,CENTER,True,,GAZE,FORWARD,F,150,150,,31.89900142219383
1788177957.0982141,logic1,0.3451923936399575,0.4471685181900954,0.3025873470160625,CENTER,True,,GAZE,FORWARD,F,150,150,,27.90732830319241
1788177957.130859,logic1,0.3482196372063064,0.4538732865820639,0.2974008335332359,CENTER,True,,GAZE,FORWARD,F,150,150,,30.63279823549174
1788177957.1622233,logic1,0.3461432851807134,0.4499439269575807,0.29022411610813387,CENTER,True,,GAZE,FORWARD,F,150,150,,31.88372481946028
1788177957.1974463,logic1,0.3380795425269772,0.4464496595865566,0.2838987738333019,CENTER,True,,GAZE,FORWARD,F,150,150,,28.389957966413743
1788177957.2315426,logic1,0.334557187365646,0.44770315639811625,0.2779252337786699,CENTER,True,,GAZE,FORWARD,F,150,150,,29.329566591611542
1788177957.26416,logic1,0.33163002494533006,0.4432972764618457,0.26595524184385455,CENTER,True,,GAZE,FORWARD,F,150,150,,30.658099978802564
1788177957.2971222,logic1,0.33375411469823446,0.440083869693905,0.2628292513513406,CENTER,True,,GAZE,FORWARD,F,150,150,,30.337010060973405
1788177957.3300974,logic1,0.3413492564013434,0.4330128348259134,0.25963735857655457,CENTER,True,,GAZE,FORWARD,F,150,150,,30.326700601573346
1788177957.3599288,logic1,0.3546434561097948,0.42975545436051743,0.2560810876831011,CENTER,True,,GAZE,FORWARD,F,150,150,,33.52278648955386
1788177957.3978372,logic1,0.3730674913658214,0.43232430845748876,0.25927464905598757,CENTER,True,,GAZE,FORWARD,F,150,150,,26.37844092953052
1788177957.4301972,logic1,0.3681100787137074,0.4200783651809038,0.25701857653692917,CENTER,True,,GAZE,FORWARD,F,150,150,,30.902502818157036
1788177957.4628992,logic1,0.362655315214212,0.4136584621307172,0.2591007384881196,CENTER,True,,GAZE,FORWARD,F,150,150,,30.57875244233181
1788177957.4982853,logic1,0.35617049317020855,0.41003904760857945,0.26174036084612906,CENTER,True,,GAZE,FORWARD,F,150,150,,28.260457093574818
1788177957.5307024,logic1,0.3493699749567958,0.40431579421310193,0.265868561044871,CENTER,True,,GAZE,FORWARD,F,150,150,,30.847275134220784
1788177957.5628188,logic1,0.36064591796595036,0.4170677846976687,0.27593094015043296,CENTER,True,,GAZE,FORWARD,F,150,150,,31.13695853902973
1788177957.5990052,logic1,0.373165139858568,0.41880733114080787,0.2816090828801938,CENTER,True,,GAZE,FORWARD,F,150,150,,27.634466128160867
1788177957.629694,logic1,0.3906884748063515,0.3854575282344233,0.28208904196884366,CENTER,True,,GAZE,FORWARD,F,150,150,,32.58547045067862
1788177957.662814,logic1,0.40987959642663596,0.33642032846126496,0.27755558223308724,UP,True,,GAZE,FORWARD,F,150,150,,30.193312457258035
1788177957.6987743,logic1,0.42566870227277415,0.28224490204288966,0.2692082856310746,UP,True,,GAZE,FORWARD,F,150,150,,27.808523616304665
1788177957.7306314,logic1,0.45607331363617937,0.24109464350151183,0.26283385414728233,UP,True,,GAZE,FORWARD,F,150,150,,31.38955703070625
1788177957.763048,logic1,0.47809972970004966,0.23129680772003086,0.25881311370142046,UP,True,,GAZE,FORWARD,F,150,150,,30.848636403753936
1788177957.798873,logic1,0.4853781917592322,0.24616487800628128,0.2563461381356314,UP,True,,GAZE,FORWARD,F,150,150,,27.913828788957733
1788177957.8309944,logic1,0.494870194868782,0.26441106548983095,0.25335485810981623,UP,True,,GAZE,FORWARD,F,150,150,,31.131180880279075
1788177957.8627713,logic1,0.47539747583980874,0.25586368084265193,0.2446032170802987,UP,True,,GAZE,FORWARD,F,150,150,,31.46963183049347
1788177957.8986113,logic1,0.4548534793202155,0.2376700120995539,0.24240338667177036,UP,True,,GAZE,FORWARD,F,150,150,,27.90175886751284
1788177957.93088,logic1,0.44209664843702956,0.2135831014400649,0.24008541389709864,UP,True,,GAZE,FORWARD,F,150,150,,30.98972256086298
1788177957.9625883,logic1,0.4315306071666738,0.19517002241151363,0.23961601662734103,UP,True,,GAZE,FORWARD,F,150,150,,31.537780183919455
1788177957.9983783,logic1,0.42698092092053364,0.19363091599957488,0.24402440417789642,UP,True,,GAZE,FORWARD,F,150,150,,27.940233284704597
1788177958.030743,logic1,0.42576232127679614,0.19321954464780006,0.2435403323435683,UP,True,,GAZE,FORWARD,F,150,150,,30.89886034638987
1788177958.0618517,logic1,0.42291867545958495,0.19809048508983437,0.24360601985680955,UP,True,,GAZE,FORWARD,F,150,150,,32.144940642698934
1788177958.0988326,logic1,0.4174989679047876,0.18815918009089383,0.24274397145822302,UP,True,,GAZE,FORWARD,F,150,150,,27.04100987047818
1788177958.1307137,logic1,0.4198965953183872,0.17633194442384523,0.2405065668478519,UP,True,,GAZE,FORWARD,F,150,150,,31.36631767873168
1788177958.1625657,logic1,0.4211161365814345,0.19993477600056697,0.24406332249176504,UP,True,,GAZE,FORWARD,F,150,150,,31.39519599991018
1788177958.200182,logic1,0.422568394608943,0.24567453175178244,0.2511916147168698,UP,True,,GAZE,FORWARD,F,150,150,,26.58408493107273
1788177958.2308009,logic1,0.42930160179840454,0.3155969780397375,0.25405587827271026,UP,True,,GAZE,FORWARD,F,150,150,,32.66006867928642
1788177958.2629044,logic1,0.4367644891336986,0.4028914415450098,0.2518008355480833,CENTER,True,,GAZE,FORWARD,F,150,150,,31.149214270861183
1788177958.2985902,logic1,0.44547085251449187,0.45731396197700863,0.2488977187629495,CENTER,True,,GAZE,FORWARD,F,150,150,,28.022180948435977
1788177958.3311777,logic1,0.45817191930843326,0.47790415941018194,0.23982578853931658,CENTER,True,,GAZE,FORWARD,F,150,150,,30.686810895442672
1788177958.3621545,logic1,0.4606205804695489,0.4855415559139701,0.23818832246958674,CENTER,True,,GAZE,FORWARD,F,150,150,,32.28175604950434
1788177958.3988085,logic1,0.4576193537558393,0.47921809397099363,0.24241111466875753,CENTER,True,,GAZE,FORWARD,F,150,150,,27.28197789760568
1788177958.4310663,logic1,0.4503748691184567,0.46778302969972224,0.24316769954961487,CENTER,True,,GAZE,FORWARD,F,150,150,,31.000946073793756
1788177958.462538,logic1,0.4422016393187699,0.46577345188651653,0.24572006211816244,CENTER,True,,GAZE,FORWARD,F,150,150,,31.77430815966304
1788177958.5000834,logic1,0.4365760784536591,0.46043136004236085,0.2459103773252539,CENTER,True,,GAZE,FORWARD,F,150,150,,26.634052794340832
1788177958.5309691,logic1,0.4366208858989107,0.45311947126988217,0.2466346156343548,CENTER,True,,GAZE,FORWARD,F,150,150,,32.377946920689816
1788177958.563402,logic1,0.40700448181955506,0.44541328260741353,0.2457204451371089,CENTER,True,,GAZE,FORWARD,F,150,150,,30.83298905412657
1788177958.598898,logic1,0.35564009408098857,0.4288013356538293,0.24379837092018813,CENTER,True,,GAZE,FORWARD,F,150,150,,28.172191213116516
1788177958.6312768,logic1,0.2983358353101394,0.42070045149941404,0.24170246111701976,RIGHT,True,,GAZE,FORWARD,F,150,150,,30.884526456857575
1788177958.6631532,logic1,0.23485257910703766,0.42025136209454705,0.24957659283345035,RIGHT,True,,GAZE,FORWARD,F,150,150,,31.37124436233629
1788177958.699054,logic1,0.20120814773326906,0.4228394884687076,0.2615605276624084,RIGHT,True,,GAZE,FORWARD,F,150,150,,27.85413830430134
1788177958.730864,logic1,0.18604934130172604,0.42332399415461885,0.2848128003165412,RIGHT,True,,GAZE,FORWARD,F,150,150,,31.436846050067455
1788177958.762862,logic1,0.17768741136983887,0.4149220342859159,0.308813991706006,RIGHT,True,,GAZE,FORWARD,F,150,150,,31.251566563098404
1788177958.799005,logic1,0.15964856358229787,0.40497023381098657,0.3249971409419011,RIGHT,True,,GAZE,FORWARD,F,150,150,,27.66819048372946
1788177958.8300507,logic1,0.12918897083676845,0.4197886159262701,0.3363895278112501,RIGHT,True,,GAZE,FORWARD,F,150,150,,32.210852903681634
1788177958.8630257,logic1,0.1003914925944789,0.44309569566848406,0.3349583962875369,RIGHT,True,,GAZE,FORWARD,F,150,150,,30.326042788868243
1788177958.9000838,logic1,0.07089549022356972,0.4837899094045811,0.3381707595243915,RIGHT,True,,GAZE,FORWARD,F,150,150,,26.984816511400485
1788177958.931114,logic1,0.09300022774659947,0.5072630701212373,0.33869352176490347,RIGHT,True,,GAZE,FORWARD,F,150,150,,32.2259494594823
1788177958.963154,logic1,0.11988483610583564,0.5042374681439883,0.33982834983151305,RIGHT,True,,GAZE,FORWARD,F,150,150,,31.211102429586635
1788177958.9991045,logic1,0.1448007794362594,0.5002394533159802,0.35357784332962194,RIGHT,True,,GAZE,FORWARD,F,150,150,,27.816453891302185
1788177959.0311935,logic1,0.1592880417391682,0.48524831827878295,0.36077874230498863,RIGHT,True,,GAZE,FORWARD,F,150,150,,31.162868797039966
1788177959.0630093,logic1,0.15890053116543246,0.49292634152795356,0.3709552857797719,RIGHT,True,,GAZE,FORWARD,F,150,150,,31.431192110548245
1788177959.0991201,logic1,0.14963699780377895,0.5051595394114651,0.38107473030036276,RIGHT,True,,GAZE,FORWARD,F,150,150,,27.692120795975228
1788177959.130734,logic1,0.1428737478060068,0.5202063784944279,0.3778077191690359,RIGHT,True,,GAZE,FORWARD,F,150,150,,31.632683228502042
1788177959.1622815,logic1,0.1388542851500497,0.5142902277152575,0.37324543568952534,RIGHT,True,,GAZE,FORWARD,F,150,150,,31.697707108417344
1788177959.199136,logic1,0.1087310808058094,0.5106385907224553,0.3683092232564349,RIGHT,True,,GAZE,FORWARD,F,150,150,,27.13354897140639
1788177959.2310915,logic1,0.09599891418778636,0.5215874438950308,0.36292155746568633,RIGHT,True,,GAZE,FORWARD,F,150,150,,31.29517101414672
1788177959.2617362,logic1,0.09302599739939454,0.5205986830594603,0.36901570911710124,RIGHT,True,,GAZE,FORWARD,F,150,150,,32.6303407499611
1788177959.2988863,logic1,0.08945040469549721,0.5382735661414151,0.37758863839108264,RIGHT,True,,GAZE,FORWARD,F,150,150,,26.917795647514104
1788177959.3322637,logic1,0.08573797338063299,0.5430304556253502,0.3855897516266034,RIGHT,True,,GAZE,FORWARD,F,150,150,,29.961240365452063
1788177959.3626392,logic1,0.08543883861544271,0.5326840424760902,0.3898610692159341,RIGHT,True,,GAZE,FORWARD,F,150,150,,32.92154815820663
1788177959.3990297,logic1,0.08032197360683334,0.5330735045016394,0.3911660433175785,RIGHT,True,,GAZE,FORWARD,F,150,150,,27.478766755329602
1788177959.4311,logic1,0.09021204411834513,0.522924950843861,0.39405449119482394,RIGHT,True,,GAZE,FORWARD,F,150,150,,31.181634352325442
1788177959.4627962,logic1,0.09937101730537465,0.518855179251541,0.39744961051644145,RIGHT,True,,GAZE,FORWARD,F,150,150,,31.54892964060596
1788177959.4982917,logic1,0.10482980673357595,0.515800204136169,0.40316625973805553,RIGHT,True,,GAZE,FORWARD,F,150,150,,28.173137376071363
1788177959.5324554,logic1,0.1042680518427983,0.5090509082407868,0.40626629701700123,RIGHT,True,,GAZE,FORWARD,F,150,150,,29.270414180536655
1788177959.5628488,logic1,0.10543843357578042,0.5056781665091911,0.4025690309220289,RIGHT,True,,GAZE,FORWARD,F,150,150,,32.90217919954816
1788177959.5987759,logic1,0.10626013717894933,0.5010102822255103,0.39720779589189065,RIGHT,True,,GAZE,FORWARD,F,150,150,,27.834359736674454
1788177959.6309018,logic1,0.11319360149659463,0.4932868317573106,0.39653645966900597,RIGHT,True,,GAZE,FORWARD,F,150,150,,31.127484303801225
1788177959.6632113,logic1,0.11742700239191098,0.49382168421317807,0.39343186728776597,RIGHT,True,,GAZE,FORWARD,F,150,150,,30.950846769730287
1788177959.6989462,logic1,0.11655610513686082,0.4897542106739881,0.39695778426492595,RIGHT,True,,GAZE,FORWARD,F,150,150,,27.983107274146523
1788177959.7308748,logic1,0.12212179212485666,0.48406801299420177,0.3962632634198704,RIGHT,True,,GAZE,FORWARD,F,150,150,,31.320409809134084
1788177959.7629135,logic1,0.12193734626000549,0.4787185002533802,0.3946788161758626,RIGHT,True,,GAZE,FORWARD,F,150,150,,31.212496000119067
1788177959.7987688,logic1,0.12351979010152123,0.4672986268571949,0.39088302123576224,RIGHT,True,,GAZE,FORWARD,F,150,150,,27.889884831236536
1788177959.831049,logic1,0.12347940452055299,0.4708790781107594,0.38360802276553296,RIGHT,True,,GAZE,FORWARD,F,150,150,,30.978507171661963
1788177959.862382,logic1,0.12205284627895081,0.4673674399120671,0.38119111987257204,RIGHT,True,,GAZE,FORWARD,F,150,150,,31.914778347613034
1788177959.8989139,logic1,0.12373739042408169,0.4681278054401224,0.3724100359015345,RIGHT,True,,GAZE,FORWARD,F,150,150,,27.37367514227536
1788177959.9313784,logic1,0.1281144029201709,0.4565743497024614,0.3718744464295451,RIGHT,True,,GAZE,FORWARD,F,150,150,,30.803099181140528
1788177959.9626923,logic1,0.13822469150888683,0.43702755333358784,0.37114800101028167,RIGHT,True,,GAZE,FORWARD,F,150,150,,31.934703822141007
1788177959.99865,logic1,0.14060323382890538,0.42137041723639584,0.37522959243539317,RIGHT,True,,GAZE,FORWARD,F,150,150,,27.809814283156854
1788177960.0311744,logic1,0.13597416584697086,0.4027426752468226,0.37897333331454175,RIGHT,True,,GAZE,FORWARD,F,150,150,,30.74687348805841
1788177960.062887,logic1,0.13043824629431955,0.3994353092656229,0.3739056150227905,RIGHT,True,,GAZE,FORWARD,F,150,150,,31.533038124093135
1788177960.0993588,logic1,0.1432486518380098,0.3820587139714202,0.35764622445880073,RIGHT,True,,GAZE,FORWARD,F,150,150,,27.41823173721196
1788177960.1306705,logic1,0.1922409129942884,0.3748954363739243,0.3337073225018783,RIGHT,True,,GAZE,FORWARD,F,150,150,,31.937378644473043
1788177960.1633992,logic1,0.27871589634836025,0.37710987132037044,0.32008465799282315,RIGHT,True,,GAZE,FORWARD,F,150,150,,30.554694329506383
1788177960.1987286,logic1,0.36936938941985464,0.38082008553104363,0.3126082707614768,CENTER,True,,GAZE,FORWARD,F,150,150,,28.304702262052583
1788177960.231337,logic1,0.43300119899144435,0.40065440096001526,0.3209641462419495,CENTER,True,,GAZE,FORWARD,F,150,150,,30.667066367378574
1788177960.2630374,logic1,0.4641073728783896,0.41449709417355407,0.3290067646528697,CENTER,True,,GAZE,FORWARD,F,150,150,,31.545844959724427
1788177960.2988176,logic1,0.46482467437037295,0.4145554086848958,0.3324723182643672,CENTER,True,,GAZE,FORWARD,F,150,150,,27.947866414350063
1788177960.3306916,logic1,0.45930080580655336,0.4106466831152846,0.3332904994711023,CENTER,True,,GAZE,FORWARD,F,150,150,,31.373825623840585
1788177960.3628302,logic1,0.44815813274855454,0.40710002247139376,0.3276728313251204,CENTER,True,,GAZE,FORWARD,F,150,150,,31.11432238154937
1788177960.3990073,logic1,0.39773064353142173,0.39178692322521386,0.32165453264049615,CENTER,True,,GAZE,FORWARD,F,150,150,,27.642843961721983
1788177960.4311028,logic1,0.33100162371245834,0.37605407423053117,0.32405260988844176,CENTER,True,,GAZE,FORWARD,F,150,150,,31.155230044716475
1788177960.4625819,logic1,0.26156237418701556,0.3664334964360123,0.3268744349987501,RIGHT,True,,GAZE,FORWARD,F,150,150,,31.76805095850154
1788177960.498983,logic1,0.19424461614668917,0.36664068961959456,0.3335172257585284,RIGHT,True,,GAZE,FORWARD,F,150,150,,27.471567612884634
1788177960.5309062,logic1,0.1701228036919571,0.37676712657951184,0.3444672005862356,RIGHT,True,,GAZE,FORWARD,F,150,150,,31.32555603686498
1788177960.564765,logic1,0.15817507831287553,0.39447487934635855,0.3487007012127707,RIGHT,True,,GAZE,FORWARD,F,150,150,,29.542345185101706
1788177960.5986924,logic1,0.14824772520786467,0.4094056521550785,0.35184588185581767,RIGHT,True,,GAZE,FORWARD,F,150,150,,29.466383779910355
1788177960.6311336,logic1,0.13811111282541974,0.42000068835965465,0.35344946170114755,RIGHT,True,,GAZE,FORWARD,F,150,150,,30.825284602438504
1788177960.6629858,logic1,0.12367714703560113,0.4275046239611343,0.35552713395268065,RIGHT,True,,GAZE,FORWARD,F,150,150,,31.394961002410216
1788177960.6992931,logic1,0.11286635473947974,0.4385545534353515,0.3547245440340081,RIGHT,True,,GAZE,FORWARD,F,150,150,,27.542824872113105
1788177960.7310388,logic1,0.10421251491135466,0.443079887969104,0.3556726131561586,RIGHT,True,,GAZE,FORWARD,F,150,150,,31.500356737838995
1788177960.762598,logic1,0.10203628217176672,0.4374068323081236,0.3570990829168119,RIGHT,True,,GAZE,FORWARD,F,150,150,,31.686691647528104
1788177960.7989798,logic1,0.10402170757253165,0.43834303520258416,0.3576828053303504,RIGHT,True,,GAZE,FORWARD,F,150,150,,27.485789553011486
1788177960.8310587,logic1,0.10553838651023786,0.4393184412907674,0.35719583162169255,RIGHT,True,,GAZE,FORWARD,F,150,150,,31.173059628834103
1788177960.8626883,logic1,0.10781824222172924,0.4325624619178672,0.3572306443519093,RIGHT,True,,GAZE,FORWARD,F,150,150,,31.617183907612752
1788177960.8991535,logic1,0.11091426270692745,0.4352803555789234,0.3581400063733966,RIGHT,True,,GAZE,FORWARD,F,150,150,,27.422713305001636
1788177960.9308598,logic1,0.11050765284793904,0.4374345653559421,0.3568465160797091,RIGHT,True,,GAZE,FORWARD,F,150,150,,31.539203080000302
1788177960.963316,logic1,0.10622557601420383,0.4299986904847444,0.3600513438499015,RIGHT,True,,GAZE,FORWARD,F,150,150,,30.811245215934886
1788177960.9975665,logic1,0.10642551606383194,0.43511929319186904,0.35881994406080653,RIGHT,True,,GAZE,FORWARD,F,150,150,,29.196452686240935
1788177961.0306654,logic1,0.10656208264331338,0.43504897223715666,0.3580969061034952,RIGHT,True,,GAZE,FORWARD,F,150,150,,30.212669096566927
1788177961.0629535,logic1,0.10858633761861199,0.4312093196574147,0.35672681046074683,RIGHT,True,,GAZE,FORWARD,F,150,150,,30.970501148203116
1788177961.0989966,logic1,0.11086462730608045,0.43575858151444735,0.35413318419064643,RIGHT,True,,GAZE,FORWARD,F,150,150,,27.744876764523
1788177961.1307473,logic1,0.11361507597637131,0.4319124788462576,0.35504714690001316,RIGHT,True,,GAZE,FORWARD,F,150,150,,31.49538942119965
1788177961.1632092,logic1,0.11214797176668895,0.43637927985343494,0.3540057466786486,RIGHT,True,,GAZE,FORWARD,F,150,150,,30.804909038830175
1788177961.1989145,logic1,0.11264270526787262,0.4371926318174307,0.35447197686959536,RIGHT,True,,GAZE,FORWARD,F,150,150,,28.00739865248369
1788177961.2309806,logic1,0.1136267172065274,0.4413280038528097,0.3546761599456059,RIGHT,True,,GAZE,FORWARD,F,150,150,,31.185575671958066
1788177961.2631657,logic1,0.10829706150771855,0.44144911962595296,0.35685242338787415,RIGHT,True,,GAZE,FORWARD,F,150,150,,31.070299420714996
1788177961.2991743,logic1,0.11043454997800986,0.4370248193180497,0.3574733915151741,RIGHT,True,,GAZE,FORWARD,F,150,150,,27.771146320953978
1788177961.3257244,logic1,0.10936514506408113,0.44578120125248927,0.35656356721846266,RIGHT,True,,GAZE,FORWARD,F,150,150,,37.66267678354959
1788177961.3583524,logic1,0.11271309871423961,0.4353800239055106,0.35599286643230094,RIGHT,True,,GAZE,FORWARD,F,150,150,,30.648466957004647
1788177961.3980997,logic1,0.1137141948506611,0.4418613751877646,0.3521828812831894,RIGHT,True,,GAZE,FORWARD,F,150,150,,25.15958442306308
1788177961.428373,logic1,0.11178927342995185,0.445183831104287,0.35159902162692314,RIGHT,True,,GAZE,FORWARD,F,150,150,,33.03173778134795
1788177961.4592361,logic1,0.11252573439222913,0.4369290664786871,0.35204943779668124,RIGHT,True,,GAZE,FORWARD,F,150,150,,32.39970646170484
1788177961.49818,logic1,0.1076659178066616,0.44575683936204497,0.3520352026065532,RIGHT,True,,GAZE,FORWARD,F,150,150,,25.679464651968676
1788177961.5298913,logic1,0.10918753560463008,0.43948912335819973,0.35275483013828823,RIGHT,True,,GAZE,FORWARD,F,150,150,,31.53422350535306
1788177961.5622544,logic1,0.10829315905646289,0.43776504667573846,0.3521058867577206,RIGHT,True,,GAZE,FORWARD,F,150,150,,30.899998526573253
1788177961.5990717,logic1,0.10545549763777107,0.44467796124924147,0.3521046419755229,RIGHT,True,,GAZE,FORWARD,F,150,150,,27.161311212132986
1788177961.6308703,logic1,0.108617693715302,0.43942147434295153,0.3524727881698051,RIGHT,True,,GAZE,FORWARD,F,150,150,,31.44816003359026
1788177961.66304,logic1,0.1077829171489631,0.444554541327424,0.35129789215253504,RIGHT,True,,GAZE,FORWARD,F,150,150,,31.08457593454481
1788177961.6991723,logic1,0.11030060330025801,0.44255747730989314,0.3517508587939958,RIGHT,True,,GAZE,FORWARD,F,150,150,,27.676040910590565
1788177961.7311847,logic1,0.11234354152703178,0.44371475978629227,0.3515436005889878,RIGHT,True,,GAZE,FORWARD,F,150,150,,31.23806686576946
1788177961.7630475,logic1,0.1116537514032589,0.44301449927666947,0.35101053857748354,RIGHT,True,,GAZE,FORWARD,F,150,150,,31.38438975479449
1788177961.7988927,logic1,0.11172205021260856,0.4430378371428183,0.35169780056107236,RIGHT,True,,GAZE,FORWARD,F,150,150,,27.89786158502112
1788177961.83063,logic1,0.11262814563322862,0.4455707915631657,0.35086145469639207,RIGHT,True,,GAZE,FORWARD,F,150,150,,31.50816568758545
1788177961.8630373,logic1,0.11071250590371919,0.43764135373453356,0.3514625437543348,RIGHT,True,,GAZE,FORWARD,F,150,150,,30.85816865555245
1788177961.8990543,logic1,0.10967413502575285,0.44239761203880895,0.35017407892732955,RIGHT,True,,GAZE,FORWARD,F,150,150,,27.763976964321177
1788177961.9311478,logic1,0.11176885430564182,0.4384923987553848,0.3514657354413499,RIGHT,True,,GAZE,FORWARD,F,150,150,,31.15962765680834
1788177961.9627438,logic1,0.11034738890935882,0.43412946153876697,0.35094666911544714,RIGHT,True,,GAZE,FORWARD,F,150,150,,31.649630630154764
1788177961.998643,logic1,0.11136808780638315,0.44034707610729024,0.35054871179439384,RIGHT,True,,GAZE,FORWARD,F,150,150,,27.855618205123097
1788177962.0310552,logic1,0.11135589297535776,0.43929498301624575,0.35110246115924154,RIGHT,True,,GAZE,FORWARD,F,150,150,,30.85249398662714
1788177962.0626922,logic1,0.10979318849205613,0.4419377633383544,0.34949370202788027,RIGHT,True,,GAZE,FORWARD,F,150,150,,31.60812979946796
1788177962.0988793,logic1,0.11049823494212636,0.4456494136892062,0.350566570993998,RIGHT,True,,GAZE,FORWARD,F,150,150,,27.634284057741848
1788177962.1304858,logic1,0.10989172189276487,0.4442667612564951,0.3493284437336711,RIGHT,True,,GAZE,FORWARD,F,150,150,,31.638887212600327
1788177962.1623054,logic1,0.11165598360972341,0.43751662647258066,0.3488736237758526,RIGHT,True,,GAZE,FORWARD,F,150,150,,31.4269529903643
1788177962.199182,logic1,0.11086549553493778,0.4442449100193117,0.34828375033794345,RIGHT,True,,GAZE,FORWARD,F,150,150,,27.118286383003486
1788177962.2317836,logic1,0.1104961789237963,0.44577234856816594,0.3484146947827882,RIGHT,True,,GAZE,FORWARD,F,150,150,,30.67267302404493
1788177962.263179,logic1,0.11266967675120187,0.43937196711259685,0.34953261477881026,RIGHT,True,,GAZE,FORWARD,F,150,150,,31.852005984158687
1788177962.2987802,logic1,0.11157991356012895,0.444752735174353,0.35186600954348446,RIGHT,True,,GAZE,FORWARD,F,150,150,,28.088612681149716
1788177962.331392,logic1,0.11065830600503174,0.4433814588436995,0.35199952576687144,RIGHT,True,,GAZE,FORWARD,F,150,150,,30.663927534854476
1788177962.3628206,logic1,0.11016765127864203,0.43830017349529515,0.35030308438796265,RIGHT,True,,GAZE,FORWARD,F,150,150,,31.818419056288878
1788177962.398646,logic1,0.10966143925598765,0.4404790785974388,0.3515520824947963,RIGHT,True,,GAZE,FORWARD,F,150,150,,27.912528449549466
1788177962.4309683,logic1,0.10947954118164106,0.4446762073678955,0.3504487063314655,RIGHT,True,,GAZE,FORWARD,F,150,150,,30.939203045011286
1788177962.4627943,logic1,0.11024166602084134,0.43680618169187657,0.35131987723052804,RIGHT,True,,GAZE,FORWARD,F,150,150,,31.420125701358145
1788177962.4986103,logic1,0.1103681880713545,0.4414206400771561,0.3524397353201607,RIGHT,True,,GAZE,FORWARD,F,150,150,,27.920704024710094
1788177962.530702,logic1,0.10898748846256628,0.4454196686477013,0.3523530780059294,RIGHT,True,,GAZE,FORWARD,F,150,150,,31.160322130100145
1788177962.5627139,logic1,0.10773227164115029,0.4421352264300749,0.3531284764370958,RIGHT,True,,GAZE,FORWARD,F,150,150,,31.23899750493427
1788177962.5990467,logic1,0.10930160425118374,0.4411512366510617,0.3533669052332382,RIGHT,True,,GAZE,FORWARD,F,150,150,,27.524388883420283
1788177962.6311843,logic1,0.10865473466664304,0.4438639354619234,0.35393397020444695,RIGHT,True,,GAZE,FORWARD,F,150,150,,31.115245662059806
1788177962.6627796,logic1,0.10633884355451614,0.4429430118968132,0.35302949252799615,RIGHT,True,,GAZE,FORWARD,F,150,150,,31.649869455637553
1788177962.6991673,logic1,0.10869283510079306,0.4436779088316544,0.35153670393013264,RIGHT,True,,GAZE,FORWARD,F,150,150,,27.48164746891012
1788177962.7307973,logic1,0.10806764984500128,0.44830390900677697,0.352794340742713,RIGHT,True,,GAZE,FORWARD,F,150,150,,31.615515655857568
1788177962.7631874,logic1,0.10857649704752576,0.4451433788815353,0.3520823218585785,RIGHT,True,,GAZE,FORWARD,F,150,150,,30.873841578765283
1788177962.7992682,logic1,0.11092204635101721,0.4429782561809858,0.35303447852860803,RIGHT,True,,GAZE,FORWARD,F,150,150,,27.715359962996
1788177962.8316808,logic1,0.10788131837528125,0.447082154427069,0.354317950829373,RIGHT,True,,GAZE,FORWARD,F,150,150,,30.852267043281255
1788177962.8627133,logic1,0.1086702159903468,0.44564915608378153,0.3539832528063157,RIGHT,True,,GAZE,FORWARD,F,150,150,,32.22396877712986
1788177962.8987737,logic1,0.10666123033483584,0.45097261986418646,0.3530564155283368,RIGHT,True,,GAZE,FORWARD,F,150,150,,27.73185229263777
1788177962.930589,logic1,0.10681660118503514,0.452137007632776,0.35183881562841846,RIGHT,True,,GAZE,FORWARD,F,150,150,,31.430956573869384
1788177962.9626288,logic1,0.10746466338475472,0.44135582865634126,0.3529068883129368,RIGHT,True,,GAZE,FORWARD,F,150,150,,31.211102429586635
1788177962.9987032,logic1,0.10614258860771653,0.44605250452803485,0.3510569739547768,RIGHT,True,,GAZE,FORWARD,F,150,150,,27.720488807523775
1788177963.0309558,logic1,0.10708107033600392,0.4417746487510559,0.3533227412754413,RIGHT,True,,GAZE,FORWARD,F,150,150,,31.005529436115793
1788177963.0626493,logic1,0.10615063871738004,0.4389309712371612,0.35364959247266714,RIGHT,True,,GAZE,FORWARD,F,150,150,,31.5524896374811
1788177963.0991387,logic1,0.10536266276022127,0.4473154248236549,0.3515275865116442,RIGHT,True,,GAZE,FORWARD,F,150,150,,27.404974877326868
1788177963.1307983,logic1,0.10592183287326222,0.4438962969400795,0.35268388158784125,RIGHT,True,,GAZE,FORWARD,F,150,150,,31.5859929211537
1788177963.162535,logic1,0.10651933015252925,0.44182926814650725,0.3515719943460631,RIGHT,True,,GAZE,FORWARD,F,150,150,,31.50934919955226
1788177963.1987739,logic1,0.10706173781274189,0.4417000146980043,0.3533015339637435,RIGHT,True,,GAZE,FORWARD,F,150,150,,27.59483144293271
1788177963.2303863,logic1,0.10756816995888142,0.44412274692131537,0.3521271035450838,RIGHT,True,,GAZE,FORWARD,F,150,150,,31.633160371666467
1788177963.2630165,logic1,0.10826360006473557,0.43842388357777384,0.3514345405665372,RIGHT,True,,GAZE,FORWARD,F,150,150,,30.64667543475084
1788177963.2987843,logic1,0.10687778618847954,0.43963348277415615,0.3508668649150205,RIGHT,True,,GAZE,FORWARD,F,150,150,,27.95792617082828
1788177963.3314114,logic1,0.1083887316874936,0.4414195416497425,0.35053729815854917,RIGHT,True,,GAZE,FORWARD,F,150,150,,30.649362796679526
1788177963.3628094,logic1,0.10888219458485981,0.43248405175933,0.3537367382182325,RIGHT,True,,GAZE,FORWARD,F,150,150,,31.849345442395894
1788177963.39928,logic1,0.10659216217866813,0.44174040473234744,0.353828411414607,RIGHT,True,,GAZE,FORWARD,F,150,150,,27.418769448003555
1788177963.4306054,logic1,0.10865125813622094,0.4428402980319166,0.3555053337963757,RIGHT,True,,GAZE,FORWARD,F,150,150,,31.92352305420669
1788177963.4629595,logic1,0.10853375084123942,0.4447640948484157,0.35326479962053337,RIGHT,True,,GAZE,FORWARD,F,150,150,,30.90796813629765
1788177963.4986768,logic1,0.10775358100005067,0.445830483863273,0.3530872988531656,RIGHT,True,,GAZE,FORWARD,F,150,150,,27.997490154195315
1788177963.5306504,logic1,0.10805252555151329,0.44493481085932307,0.3534301482120468,RIGHT,True,,GAZE,FORWARD,F,150,150,,31.275568944432845
1788177963.563721,logic1,0.10586334110613954,0.44451939359631004,0.35173280487881914,RIGHT,True,,GAZE,FORWARD,F,150,150,,30.238807261401814
1788177963.5989501,logic1,0.1050400790861219,0.44262386803516973,0.3524072235271489,RIGHT,True,,GAZE,FORWARD,F,150,150,,28.385346805357226
1788177963.6307015,logic1,0.1069564353830498,0.4480191661270233,0.3517719172009267,RIGHT,True,,GAZE,FORWARD,F,150,150,,31.49491642512803
1788177963.662809,logic1,0.10885705503059698,0.4412609638431323,0.3517129811531142,RIGHT,True,,GAZE,FORWARD,F,150,150,,31.14574468875077
1788177963.6987238,logic1,0.1114149266506288,0.43950468153220595,0.35301687853127667,RIGHT,True,,GAZE,FORWARD,F,150,150,,27.843783399828727
1788177963.7306604,logic1,0.11233914694773711,0.4427551362042268,0.3533975288682307,RIGHT,True,,GAZE,FORWARD,F,150,150,,31.31175860189768
1788177963.7627318,logic1,0.11085773136951443,0.4416836036284797,0.3510206856840542,RIGHT,True,,GAZE,FORWARD,F,150,150,,31.180011745552672
1788177963.798629,logic1,0.10917113450348306,0.44198167970537466,0.35146105758100504,RIGHT,True,,GAZE,FORWARD,F,150,150,,27.85709826320858
1788177963.831435,logic1,0.1089841689251988,0.4422653518318379,0.35209086110360743,RIGHT,True,,GAZE,FORWARD,F,150,150,,30.482746591470683
1788177963.8629391,logic1,0.10821169579339548,0.4424096845601126,0.35047196367827765,RIGHT,True,,GAZE,FORWARD,F,150,150,,31.741605430645002
1788177963.8988683,logic1,0.1091107351762584,0.44272639733059793,0.3509409711197673,RIGHT,True,,GAZE,FORWARD,F,150,150,,27.83288209375166
1788177963.929628,logic1,0.11059690421828859,0.4465830240436252,0.350246971002105,RIGHT,True,,GAZE,FORWARD,F,150,150,,32.50919631992187
1788177963.963023,logic1,0.10947948350857525,0.4453521131219659,0.34855310253937627,RIGHT,True,,GAZE,FORWARD,F,150,150,,29.94498347219545
1788177963.9988825,logic1,0.10856312419198957,0.441771028624537,0.35021245208368135,RIGHT,True,,GAZE,FORWARD,F,150,150,,27.886917901119652
1788177964.0308638,logic1,0.11062979908899909,0.4416365644401463,0.3525718323437558,RIGHT,True,,GAZE,FORWARD,F,150,150,,31.268107946921127
1788177964.0630245,logic1,0.10983338195228284,0.4363733967392637,0.35337923607911814,RIGHT,True,,GAZE,FORWARD,F,150,150,,31.09379355336121
1788177964.099048,logic1,0.10835225205222436,0.439171083768921,0.354231840224164,RIGHT,True,,GAZE,FORWARD,F,150,150,,27.759566892133375
1788177964.1308281,logic1,0.11039240364295404,0.441000719295725,0.35283000742449944,RIGHT,True,,GAZE,FORWARD,F,150,150,,31.466326568888555
1788177964.1630566,logic1,0.10610000046930908,0.44035311801076865,0.3520363813525409,RIGHT,True,,GAZE,FORWARD,F,150,150,,31.02823705216124
1788177964.1986516,logic1,0.10659503651965849,0.44015321393392987,0.3509281689146247,RIGHT,True,,GAZE,FORWARD,F,150,150,,28.093880613010395
1788177964.2322667,logic1,0.10857927587549454,0.44038130950302795,0.3501598616062552,RIGHT,True,,GAZE,FORWARD,F,150,150,,29.748735734905065
1788177964.2631118,logic1,0.1051871911340797,0.43989034264736265,0.35040247417023274,RIGHT,True,,GAZE,FORWARD,F,150,150,,32.41999165210939
1788177964.2992384,logic1,0.10677568478206598,0.4382304064374113,0.35110790262187336,RIGHT,True,,GAZE,FORWARD,F,150,150,,27.680059130985693
1788177964.3306682,logic1,0.10720103472356247,0.4450404244871675,0.35226160659003247,RIGHT,True,,GAZE,FORWARD,F,150,150,,31.81745357446292
1788177964.3631918,logic1,0.10762114107547523,0.44067670999898284,0.35236972309309106,RIGHT,True,,GAZE,FORWARD,F,150,150,,30.747098883537493
1788177964.3986826,logic1,0.10683035244672882,0.4446573977272091,0.3527031466794641,RIGHT,True,,GAZE,FORWARD,F,150,150,,28.17597624629688
1788177964.431021,logic1,0.10812589836588388,0.44292756169864483,0.35339701387041433,RIGHT,True,,GAZE,FORWARD,F,150,150,,30.922779751986905
1788177964.46297,logic1,0.10592076044987062,0.4402729012461193,0.35252313589231615,RIGHT,True,,GAZE,FORWARD,F,150,150,,31.29984179576729
1788177964.4989715,logic1,0.1036432271786335,0.4417876289739112,0.3535512958760525,RIGHT,True,,GAZE,FORWARD,F,150,150,,27.777215592259502
1788177964.531163,logic1,0.10703498177335057,0.43589189304018544,0.3557473524493241,RIGHT,True,,GAZE,FORWARD,F,150,150,,31.064086327312047
1788177964.562869,logic1,0.10543304842124226,0.4360237019017493,0.3551870309504164,RIGHT,True,,GAZE,FORWARD,F,150,150,,31.53944024182997
1788177964.599014,logic1,0.10458773713859476,0.4379875803553151,0.35594465479625803,RIGHT,True,,GAZE,FORWARD,F,150,150,,27.666182950317932
1788177964.6310365,logic1,0.10577948631945175,0.4409392034162572,0.3566434852876897,RIGHT,True,,GAZE,FORWARD,F,150,150,,31.228531010349194
1788177964.6600597,logic1,0.10509106377800119,0.44244051976033144,0.3551294167991264,RIGHT,True,,GAZE,FORWARD,F,150,150,,34.45353135421972
1788177964.6978707,logic1,0.10513565317819257,0.44471839734019497,0.3544406770929476,RIGHT,True,,GAZE,FORWARD,F,150,150,,26.447301549268243
1788177964.7297666,logic1,0.10859740608771112,0.44119778170773205,0.35574404861497055,RIGHT,True,,GAZE,FORWARD,F,150,150,,31.3646757947161
1788177964.763191,logic1,0.10746416970108257,0.4355398311049905,0.3542812811402602,RIGHT,True,,GAZE,FORWARD,F,150,150,,29.907616833758787
1788177964.7987907,logic1,0.10252775421664187,0.43807508083821267,0.3544842444060006,RIGHT,True,,GAZE,FORWARD,F,150,150,,28.09030572949804
1788177964.8305757,logic1,0.10377897628707794,0.4380877539971846,0.35463220940141166,RIGHT,True,,GAZE,FORWARD,F,150,150,,31.461369978097153
1788177964.8626916,logic1,0.10084899174342718,0.4397492753157316,0.35158528463320604,RIGHT,True,,GAZE,FORWARD,F,150,150,,31.13695853902973
1788177964.8990705,logic1,0.10096167173504786,0.4435382566187825,0.3526148750090713,RIGHT,True,,GAZE,FORWARD,F,150,150,,27.488671739315652
1788177964.930857,logic1,0.10673515320603291,0.43926743642563243,0.35504721848634235,RIGHT,True,,GAZE,FORWARD,F,150,150,,31.45924620288768
1788177964.9631608,logic1,0.10375913476957893,0.43993757194162963,0.354646273871062,RIGHT,True,,GAZE,FORWARD,F,150,150,,30.956557679533546
1788177964.9970047,logic1,0.10536032354172048,0.441056737716134,0.35690932922839513,RIGHT,True,,GAZE,FORWARD,F,150,150,,29.545050470897348
1788177965.0298233,logic1,0.10676761798369845,0.44286520398565443,0.3567851414335517,RIGHT,True,,GAZE,FORWARD,F,150,150,,30.472780639489688
1788177965.0620987,logic1,0.1044468993139924,0.44704269073686237,0.35382106233877064,RIGHT,True,,GAZE,FORWARD,F,150,150,,30.983083900896776
1788177965.0990899,logic1,0.10539510685510364,0.44774857640218535,0.35374385731845104,RIGHT,True,,GAZE,FORWARD,F,150,150,,27.03386400257815
1788177965.130982,logic1,0.10535122650428044,0.44625311221288955,0.3532865895875954,RIGHT,True,,GAZE,FORWARD,F,150,150,,31.355531300928487
1788177965.163075,logic1,0.1034638613495995,0.44483972777810304,0.3526183057184174,RIGHT,True,,GAZE,FORWARD,F,150,150,,31.160322130100145
1788177965.198938,logic1,0.1035646588688286,0.4452847921600277,0.3518827254053207,RIGHT,True,,GAZE,FORWARD,F,150,150,,27.883395491380973
1788177965.2315006,logic1,0.10559533126205296,0.44181525718189524,0.3520295858882272,RIGHT,True,,GAZE,FORWARD,F,150,150,,30.71085272453029
1788177965.2634027,logic1,0.10361536922553563,0.44083727138751494,0.3519318750934647,RIGHT,True,,GAZE,FORWARD,F,150,150,,31.34522083551304
1788177965.2987063,logic1,0.10352083100330754,0.43774158383613554,0.35238173857836985,RIGHT,True,,GAZE,FORWARD,F,150,150,,28.325729027378202
1788177965.33082,logic1,0.10352341328834307,0.43676373624430587,0.35418085342272787,RIGHT,True,,GAZE,FORWARD,F,150,150,,31.138576667805015
1788177965.3622086,logic1,0.10279602838725276,0.4387750680751939,0.35399931584190336,RIGHT,True,,GAZE,FORWARD,F,150,150,,31.859506266616027
1788177965.3988938,logic1,0.10231621587885853,0.4465147606459503,0.35269620874966123,RIGHT,True,,GAZE,FORWARD,F,150,150,,27.25875089361149
1788177965.431104,logic1,0.10147645584549933,0.4488186273769643,0.3525134518482479,RIGHT,True,,GAZE,FORWARD,F,150,150,,31.046381145538795
1788177965.4629865,logic1,0.10201136353362857,0.4419397515786166,0.3520767778025963,RIGHT,True,,GAZE,FORWARD,F,150,150,,31.365379438245938
1788177965.4988694,logic1,0.10088527198497471,0.4372528645500875,0.352477858791087,RIGHT,True,,GAZE,FORWARD,F,150,150,,27.86801855075545
1788177965.5306308,logic1,0.10235981772323288,0.4319335770902576,0.3522652405618611,RIGHT,True,,GAZE,FORWARD,F,150,150,,31.484986788373767
1788177965.5630016,logic1,0.10274047947374501,0.43299518347220756,0.35071215087041646,RIGHT,True,,GAZE,FORWARD,F,150,150,,30.892033025712035
1788177965.59911,logic1,0.10142748666862873,0.4440127930274095,0.3487195789672586,RIGHT,True,,GAZE,FORWARD,F,150,150,,27.69449781774723
1788177965.630839,logic1,0.09963092564965875,0.45183387108515516,0.34928123948538625,RIGHT,True,,GAZE,FORWARD,F,150,150,,31.51716260895702
1788177965.6626477,logic1,0.0986904259692586,0.44828844340594526,0.349791424099535,RIGHT,True,,GAZE,FORWARD,F,150,150,,31.43731730351227
1788177965.699127,logic1,0.0964691909603404,0.44928561075303164,0.3492753893261503,RIGHT,True,,GAZE,FORWARD,F,150,150,,27.4128557890265
1788177965.7307117,logic1,0.09650353328123129,0.43996260496580053,0.34910650535684995,RIGHT,True,,GAZE,FORWARD,F,150,150,,31.66062033409573
1788177965.7632084,logic1,0.09804430791903666,0.4349803904905183,0.3491486889617809,RIGHT,True,,GAZE,FORWARD,F,150,150,,30.772589875275127
1788177965.7991292,logic1,0.09828132523621023,0.4409294998794398,0.3486537168527911,RIGHT,True,,GAZE,FORWARD,F,150,150,,27.838978382217267
1788177965.830908,logic1,0.10243071568248846,0.4394256193102834,0.35031986254427505,RIGHT,True,,GAZE,FORWARD,F,150,150,,31.467270858497574
1788177965.8631,logic1,0.10186256636202354,0.44447101794247545,0.35215514818300747,RIGHT,True,,GAZE,FORWARD,F,150,150,,31.063626197018287
1788177965.8991778,logic1,0.1033234881090572,0.439848160602741,0.35206731915070166,RIGHT,True,,GAZE,FORWARD,F,150,150,,27.718107322231035
1788177965.9309955,logic1,0.10347296651451304,0.44318095023485726,0.3523763989841897,RIGHT,True,,GAZE,FORWARD,F,150,150,,31.429072407514255
1788177965.9633217,logic1,0.10035261900294247,0.4451072715333789,0.35216713997004634,RIGHT,True,,GAZE,FORWARD,F,150,150,,30.93532375002766
1788177965.9988298,logic1,0.1025562929288932,0.4464817758612696,0.3495492252254523,RIGHT,True,,GAZE,FORWARD,F,150,150,,28.162165791558678
1788177966.0308099,logic1,0.09912078151052182,0.45101742241986753,0.3491593450443224,RIGHT,True,,GAZE,FORWARD,F,150,150,,31.269506612790195
1788177966.06313,logic1,0.10214799660871621,0.4402589610013235,0.3519024407827074,RIGHT,True,,GAZE,FORWARD,F,150,150,,30.940115961700183
1788177966.0992162,logic1,0.10270035218784002,0.44029629097797796,0.3521181379802497,RIGHT,True,,GAZE,FORWARD,F,150,150,,27.712063850733056
1788177966.1305695,logic1,0.11215294587826205,0.43302526658906737,0.35431988751647275,RIGHT,True,,GAZE,FORWARD,F,150,150,,31.894392651285873
1788177966.1626213,logic1,0.13727219332380264,0.41543766545579724,0.35396525299217163,RIGHT,True,,GAZE,FORWARD,F,150,150,,31.198797958910426
1788177966.1989439,logic1,0.1880881679393703,0.40791752396989356,0.34945031114370095,RIGHT,True,,GAZE,FORWARD,F,150,150,,27.53143502290838
1788177966.2301743,logic1,0.26922851891425287,0.40114989422601277,0.345226687309474,RIGHT,True,,GAZE,FORWARD,F,150,150,,32.02076541946911
1788177966.2632635,logic1,0.3426384028134202,0.40165879045900904,0.3446616860959861,CENTER,True,,GAZE,FORWARD,F,150,150,,30.220288059024
1788177966.2991033,logic1,0.403366655194862,0.4174780015971006,0.3430439731665459,CENTER,True,,GAZE,FORWARD,F,150,150,,27.90213009406474
1788177966.3306196,logic1,0.43181729908636546,0.4268903203128034,0.34262721208776004,CENTER,True,,GAZE,FORWARD,F,150,150,,31.72959928587099
1788177966.3632486,logic1,0.4366113341821882,0.4293950488520404,0.3477268543832037,CENTER,True,,GAZE,FORWARD,F,150,150,,30.64779511161448
1788177966.398747,logic1,0.43640098983334025,0.4311610556309471,0.3450121248970376,CENTER,True,,GAZE,FORWARD,F,150,150,,28.17048827993821
1788177966.430455,logic1,0.4398564257152636,0.43070399015775174,0.34364664335061856,CENTER,True,,GAZE,FORWARD,F,150,150,,31.537068784023578
1788177966.4626138,logic1,0.4477608580391269,0.43213474223433546,0.3447418987397579,CENTER,True,,GAZE,FORWARD,F,150,150,,31.09563773316331
1788177966.4986877,logic1,0.4527954404607245,0.43145066962062495,0.3407754563580127,CENTER,True,,GAZE,FORWARD,F,150,150,,27.720855226198736
1788177966.530854,logic1,0.4594491566492666,0.42944392550102695,0.34129816292319815,CENTER,True,,GAZE,FORWARD,F,150,150,,31.089184060721063
1788177966.5635946,logic1,0.4621689790455152,0.4290384591941354,0.34238555919384134,CENTER,True,,GAZE,FORWARD,F,150,150,,30.543346708126098
1788177966.5988297,logic1,0.4612281049623243,0.42879157983680505,0.34073428700484426,CENTER,True,,GAZE,FORWARD,F,150,150,,28.380161039312537
1788177966.6310017,logic1,0.45937350552722656,0.4248553919991395,0.34057095154516026,CENTER,True,,GAZE,FORWARD,F,150,150,,31.08296341309777
1788177966.6629481,logic1,0.45757071547426426,0.4243704838274267,0.34101601965893547,CENTER,True,,GAZE,FORWARD,F,150,150,,31.302411319994327
1788177966.6987207,logic1,0.4621425879227584,0.4274767896257514,0.33827870421007933,CENTER,True,,GAZE,FORWARD,F,150,150,,27.954385801214336
1788177966.7311442,logic1,0.4744817267498927,0.42370406299147123,0.33975910131861115,CENTER,True,,GAZE,FORWARD,F,150,150,,30.8416044707526
1788177966.7629898,logic1,0.4873267100644215,0.4255073168264115,0.3429743588974552,CENTER,True,,GAZE,FORWARD,F,150,150,,31.402247561149085
1788177966.7988768,logic1,0.4976049446536582,0.42604844224393623,0.3448561004984662,CENTER,True,,GAZE,FORWARD,F,150,150,,27.86524139488842
1788177966.8307083,logic1,0.5013851621551515,0.4222415823165985,0.34911389878213295,CENTER,True,,GAZE,FORWARD,F,150,150,,31.415654258108006
1788177966.8628135,logic1,0.501378057081657,0.419301713222648,0.35029716603838645,CENTER,True,,GAZE,FORWARD,F,150,150,,31.147363730877768
1788177966.8994045,logic1,0.4985071443068495,0.41752508587506765,0.3486848683879409,CENTER,True,,GAZE,FORWARD,F,150,150,,27.328728921785817
1788177966.9317977,logic1,0.49780715742398074,0.417762367287458,0.34773139006682396,CENTER,True,,GAZE,FORWARD,F,150,150,,30.871796381622527
1788177966.9630303,logic1,0.48644106848275287,0.4138605115453118,0.345782807144995,CENTER,True,,GAZE,FORWARD,F,150,150,,32.016610179841834
1788177966.997362,logic1,0.47050484883250493,0.4153054656444013,0.3440563484007403,CENTER,True,,GAZE,FORWARD,F,150,150,,29.12792022000611
1788177967.029988,logic1,0.45852393129914937,0.41860797832449254,0.3443950959026203,CENTER,True,,GAZE,FORWARD,F,150,150,,30.65025868872585
1788177967.0630615,logic1,0.44642934106929866,0.41552416197226316,0.3449764104499386,CENTER,True,,GAZE,FORWARD,F,150,150,,30.236191409910756
1788177967.0989547,logic1,0.4431366518423244,0.4181317637704923,0.3439099653388584,CENTER,True,,GAZE,FORWARD,F,150,150,,27.860058851271013
1788177967.1309566,logic1,0.44101799250678253,0.4152961750193293,0.34405291747952566,CENTER,True,,GAZE,FORWARD,F,150,150,,31.24807414360854
1788177967.1627784,logic1,0.44165647459643465,0.40990229248407306,0.3432797462239768,CENTER,True,,GAZE,FORWARD,F,150,150,,31.424598417645647
1788177967.197978,logic1,0.4386330033410085,0.4095617001334427,0.34191908250943753,CENTER,True,,GAZE,FORWARD,F,150,150,,28.409187274365173
1788177967.232414,logic1,0.4395429938299404,0.4067612179440152,0.342841996658745,CENTER,True,,GAZE,FORWARD,F,150,150,,29.040594340471788
1788177967.2631338,logic1,0.44037649012212193,0.4094825604250095,0.3434358373198281,CENTER,True,,GAZE,FORWARD,F,150,150,,32.55183546759798
1788177967.2986233,logic1,0.4359989334021165,0.4080491627954945,0.3428279576530795,CENTER,True,,GAZE,FORWARD,F,150,150,,28.177111954586678
1788177967.3310108,logic1,0.4366863834378779,0.4085069476565917,0.34268798773708253,CENTER,True,,GAZE,FORWARD,F,150,150,,30.876114337875343
1788177967.3626761,logic1,0.4359182195659262,0.4094251219728257,0.34384663688520856,CENTER,True,,GAZE,FORWARD,F,150,150,,31.579809661486568
1788177967.3989403,logic1,0.43689611366311054,0.4102751435851043,0.34288110545819095,CENTER,True,,GAZE,FORWARD,F,150,150,,27.575781881775924
1788177967.431016,logic1,0.43976780889961503,0.41373867174456586,0.3439465443300185,CENTER,True,,GAZE,FORWARD,F,150,150,,31.176998780959178
1788177967.4627328,logic1,0.4399299005417095,0.411913782493916,0.3444562650339648,CENTER,True,,GAZE,FORWARD,F,150,150,,31.52853448794275
1788177967.498404,logic1,0.43705980587814874,0.41263091325040707,0.34188254770605275,CENTER,True,,GAZE,FORWARD,F,150,150,,28.03304371073386
1788177967.530835,logic1,0.43628208604468044,0.41036433534306427,0.3421876320677826,CENTER,True,,GAZE,FORWARD,F,150,150,,30.835709191963005
1788177967.563545,logic1,0.43464762853135813,0.4095610685932798,0.34315675990131705,CENTER,True,,GAZE,FORWARD,F,150,150,,30.57117450691701
1788177967.5986094,logic1,0.43320668757568204,0.4118060022612008,0.34314650956505066,CENTER,True,,GAZE,FORWARD,F,150,150,,28.51871192341166
1788177967.6310937,logic1,0.43654489485112313,0.41487928238773925,0.3470087326618153,CENTER,True,,GAZE,FORWARD,F,150,150,,30.784786342351335
1788177967.6629944,logic1,0.43551426407216015,0.41480388976311405,0.3485634714250536,CENTER,True,,GAZE,FORWARD,F,150,150,,31.346860683243275
1788177967.6987643,logic1,0.4341529688266892,0.4145364386538648,0.3472433538806802,CENTER,True,,GAZE,FORWARD,F,150,150,,27.96351805429623
1788177967.7307007,logic1,0.4344654303576635,0.4156319370788906,0.3463943222104613,CENTER,True,,GAZE,FORWARD,F,150,150,,31.304280329887675
1788177967.7626128,logic1,0.43469330103768994,0.41175485101378917,0.3447868951801474,CENTER,True,,GAZE,FORWARD,F,150,150,,31.335619457456424
1788177967.7994366,logic1,0.43501391416528734,0.4057594078070183,0.3380878563553463,CENTER,True,,GAZE,FORWARD,F,150,150,,27.15550807678612
1788177967.8257189,logic1,0.44486630958054163,0.390076360898359,0.3139153578105171,CENTER,True,,GAZE,FORWARD,F,150,150,,38.06567077487158
1788177967.8575537,logic1,0.44486630958054163,0.390076360898359,0.2570591327079611,CENTER,True,,GAZE,FORWARD,F,150,150,,31.40130716996953
1788177967.8928082,logic1,0.44486630958054163,0.390076360898359,0.19868297219258804,CENTER,True,,GAZE,FORWARD,F,150,150,,28.36519057537804
1788177967.927938,logic1,0.44486630958054163,0.390076360898359,0.15667327490115712,CENTER,True,,GAZE,FORWARD,F,150,150,,28.4652930477509
1788177967.962108,logic1,0.4604545571071153,0.3729401145867649,0.15149143112059482,CENTER,True,,GAZE,FORWARD,F,150,150,,29.265716797610906
1788177967.999867,logic1,0.4722786267239137,0.35342141214901185,0.18583079747586673,CENTER,True,,GAZE,FORWARD,F,150,150,,26.4842078676517
1788177968.0309327,logic1,0.4832944834194559,0.3462177761787868,0.22733663960646405,CENTER,True,,GAZE,FORWARD,F,150,150,,32.18959324635457
1788177968.0632892,logic1,0.48633448657004436,0.35181451249756956,0.2625337711886133,CENTER,True,,GAZE,FORWARD,F,150,150,,30.906146148801497
1788177968.0986474,logic1,0.4833298349874338,0.3593679311717736,0.2818872405794176,CENTER,True,,GAZE,FORWARD,F,150,150,,28.28141814896228
1788177968.130347,logic1,0.48112245345555227,0.3728739945785892,0.2946569189218256,CENTER,True,,GAZE,FORWARD,F,150,150,,31.546082221453393
1788177968.1626675,logic1,0.4823345814309906,0.3810516421839685,0.30285256583829295,CENTER,True,,GAZE,FORWARD,F,150,150,,30.939887727477263
1788177968.1985404,logic1,0.4803599707973504,0.38893842100508497,0.3077217819161363,CENTER,True,,GAZE,FORWARD,F,150,150,,27.876168069014103
1788177968.2309883,logic1,0.4784518738349762,0.39174454710321005,0.30866242996972265,CENTER,True,,GAZE,FORWARD,F,150,150,,30.818942650354533
1788177968.2624378,logic1,0.47748200638090776,0.39343965632444244,0.31176605641370764,CENTER,True,,GAZE,FORWARD,F,150,150,,31.796950928291473
1788177968.2988508,logic1,0.47604657822119933,0.3961236390381812,0.31239565930805885,CENTER,True,,GAZE,FORWARD,F,150,150,,27.463113439188085
1788177968.330751,logic1,0.4773654400366364,0.39045301543767735,0.30757228296666933,CENTER,True,,GAZE,FORWARD,F,150,150,,31.347563527653215
1788177968.3636496,logic1,0.4681898015378544,0.38169610582155544,0.3008017521248072,CENTER,True,,GAZE,FORWARD,F,150,150,,30.396150389888977
1788177968.3988016,logic1,0.4281950869149172,0.36755378334405114,0.2896471741798557,CENTER,True,,GAZE,FORWARD,F,150,150,,28.448688904865907
1788177968.431197,logic1,0.3667004746776388,0.35141459906171824,0.2790973112365746,CENTER,True,,GAZE,FORWARD,F,150,150,,30.867933970665078
1788177968.4627228,logic1,0.29403846142759243,0.3528495148968911,0.28178615952247155,RIGHT,True,,GAZE,FORWARD,F,150,150,,31.720000907516507
1788177968.4987216,logic1,0.2203520595587177,0.3690420678787132,0.2938493716047297,RIGHT,True,,GAZE,FORWARD,F,150,150,,27.779055289162052
1788177968.5307357,logic1,0.17323581395837584,0.3947140807505488,0.3093554236573104,RIGHT,True,,GAZE,FORWARD,F,150,150,,31.23574051042978
1788177968.5642285,logic1,0.1468022103666675,0.4161052803699459,0.3271674149555946,RIGHT,True,,GAZE,FORWARD,F,150,150,,29.857160144932696
1788177968.5984633,logic1,0.1380351334949579,0.4167795861774153,0.3381735482643703,RIGHT,True,,GAZE,FORWARD,F,150,150,,29.20966899500672
1788177968.6306922,logic1,0.16550948566502802,0.4009356076574053,0.33870965483540455,RIGHT,True,,GAZE,FORWARD,F,150,150,,31.02777798326663
1788177968.663004,logic1,0.2343132337228027,0.38820113079759394,0.32994569068541163,RIGHT,True,,GAZE,FORWARD,F,150,150,,30.949019723589355
1788177968.698907,logic1,0.32675245151362636,0.38443830973654414,0.3157603913641777,CENTER,True,,GAZE,FORWARD,F,150,150,,27.852658560718247
1788177968.7310169,logic1,0.4096053260389801,0.3931227834552065,0.2959375515751045,CENTER,True,,GAZE,FORWARD,F,150,150,,31.142969579518706
1788177968.7631109,logic1,0.46502810630473834,0.40200319155344694,0.2831720712442313,CENTER,True,,GAZE,FORWARD,F,150,150,,31.15870174057098
1788177968.7989829,logic1,0.48228054612750837,0.4072605275862462,0.2792199770741952,CENTER,True,,GAZE,FORWARD,F,150,150,,27.8767238915585
1788177968.8309438,logic1,0.4687225147911225,0.4116879980411498,0.27855321459135807,CENTER,True,,GAZE,FORWARD,F,150,150,,31.288634261331424
1788177968.8627822,logic1,0.4525985461096666,0.41123667972761385,0.28352284612974155,CENTER,True,,GAZE,FORWARD,F,150,150,,31.408126282368094
1788177968.8983357,logic1,0.4387342683060083,0.42236232310605726,0.2858363585929808,CENTER,True,,GAZE,FORWARD,F,150,150,,28.12685000771186
1788177968.931277,logic1,0.4261595335873968,0.42804029134323496,0.28698787021294836,CENTER,True,,GAZE,FORWARD,F,150,150,,30.356990866059668
1788177968.9632282,logic1,0.4187859811865924,0.43011757248934573,0.28816156915768404,CENTER,True,,GAZE,FORWARD,F,150,150,,31.29890752790878
1788177968.9991074,logic1,0.41677174924164884,0.43067297439048097,0.28717016368265247,CENTER,True,,GAZE,FORWARD,F,150,150,,27.870796260241477
1788177969.0308268,logic1,0.4150592308415006,0.4259686923552649,0.2862409770400378,CENTER,True,,GAZE,FORWARD,F,150,150,,31.525453793829154
1788177969.061765,logic1,0.41666948024122663,0.42374213427889285,0.28610928517104567,CENTER,True,,GAZE,FORWARD,F,150,150,,32.33501395377523
1788177969.0979412,logic1,0.4154334462375957,0.42184195856314605,0.2847516072859547,CENTER,True,,GAZE,FORWARD,F,150,150,,27.633191685607933
1788177969.1250544,logic1,0.4155269125551842,0.41775117798327865,0.28355691642195396,CENTER,True,,GAZE,FORWARD,F,150,150,,36.88078363786645
1788177969.1624744,logic1,0.4145014073209522,0.41741991848955323,0.28331450459412577,CENTER,True,,GAZE,FORWARD,F,150,150,,26.724844530533183
1788177969.198776,logic1,0.40559842300943477,0.41428341223455484,0.28283915371121526,CENTER,True,,GAZE,FORWARD,F,150,150,,27.547347265825113
1788177969.2311537,logic1,0.4047834203166765,0.4055406469876546,0.282808812391634,CENTER,True,,GAZE,FORWARD,F,150,150,,30.88475387504142
1788177969.2623684,logic1,0.4059046507844433,0.40668520929985186,0.28496278582295953,CENTER,True,,GAZE,FORWARD,F,150,150,,32.03617365800006
1788177969.2990232,logic1,0.40346453731464615,0.4031106125418275,0.2816008137748679,CENTER,True,,GAZE,FORWARD,F,150,150,,27.282155355214716
1788177969.3312612,logic1,0.4114903880405022,0.3924239262087687,0.2744572469838876,CENTER,True,,GAZE,FORWARD,F,150,150,,31.018828854146637
1788177969.363005,logic1,0.42655151048620804,0.3925027728913318,0.2650249239212372,CENTER,True,,GAZE,FORWARD,F,150,150,,31.50177625896579
1788177969.3998203,logic1,0.4400941749143145,0.3844241506292633,0.25147030487406435,CENTER,True,,GAZE,FORWARD,F,150,150,,27.163422058156854
1788177969.4306893,logic1,0.4584739496335538,0.3699120761043475,0.2412792724134835,CENTER,True,,GAZE,FORWARD,F,150,150,,32.39445148135562
1788177969.4634383,logic1,0.4682909269808605,0.3733753442531469,0.23719389529511198,CENTER,True,,GAZE,FORWARD,F,150,150,,30.535341695848107
1788177969.4991436,logic1,0.47358723751864296,0.37235955023206013,0.2344353008884957,CENTER,True,,GAZE,FORWARD,F,150,150,,28.00702461955542
1788177969.5311306,logic1,0.4798262413423103,0.371631977474953,0.23429443500264413,CENTER,True,,GAZE,FORWARD,F,150,150,,31.26228151902508
1788177969.5635996,logic1,0.48380496498165754,0.3792091572100714,0.2374720907026018,CENTER,True,,GAZE,FORWARD,F,150,150,,30.799027778797647
1788177969.5992904,logic1,0.4914890157728808,0.3797113760020701,0.2392901572801206,CENTER,True,,GAZE,FORWARD,F,150,150,,28.018249954909518
1788177969.6311452,logic1,0.49319165478064486,0.3820631602440111,0.24297320129016753,CENTER,True,,GAZE,FORWARD,F,150,150,,31.39331611840874
1788177969.6636963,logic1,0.4911565045922873,0.38591894887828077,0.24669297272503116,CENTER,True,,GAZE,FORWARD,F,150,150,,30.720300002929715
1788177969.6996522,logic1,0.4911045610189808,0.39068587861637727,0.24785716422885182,CENTER,True,,GAZE,FORWARD,F,150,150,,27.812211553763728
1788177969.731372,logic1,0.4908222591503303,0.39681880061540076,0.2489445897156246,CENTER,True,,GAZE,FORWARD,F,150,150,,31.525927707583264
1788177969.7625728,logic1,0.4903635808397271,0.4022872057036869,0.2508267788054145,CENTER,True,,GAZE,FORWARD,F,150,150,,32.050861963565225
1788177969.7990196,logic1,0.4902867707515304,0.40983942763605213,0.2513297144488701,CENTER,True,,GAZE,FORWARD,F,150,150,,27.43670521743681
1788177969.8305528,logic1,0.49197277484129104,0.4157758610784001,0.2530351511112622,CENTER,True,,GAZE,FORWARD,F,150,150,,31.712086615959233
1788177969.8631544,logic1,0.4933864291491278,0.41632173679333223,0.2551333375446754,CENTER,True,,GAZE,FORWARD,F,150,150,,30.674018926706548
1788177969.899401,logic1,0.4945280899088974,0.4139253507028897,0.2533355870744642,CENTER,True,,GAZE,FORWARD,F,150,150,,27.588841602588978
1788177969.932001,logic1,0.4971468274358685,0.4134935851494691,0.25409389023047063,CENTER,True,,GAZE,FORWARD,F,150,150,,30.674916260769084
1788177969.962943,logic1,0.49737047257088,0.4114301457149737,0.2551452090934073,CENTER,True,,GAZE,FORWARD,F,150,150,,32.3183208636087
1788177969.9980412,logic1,0.4961798168899544,0.4135036279870964,0.2549432451331344,CENTER,True,,GAZE,FORWARD,F,150,150,,28.490816215628737
1788177970.0323486,logic1,0.49597064487406617,0.41526563757216683,0.2563302716802661,CENTER,True,,GAZE,FORWARD,F,150,150,,29.149377997081103
1788177970.0628667,logic1,0.5161767046696296,0.4119410619517436,0.25486652893397505,CENTER,True,,GAZE,FORWARD,F,150,150,,32.767232017999575
1788177970.0989213,logic1,0.5586825517463782,0.40829787719948274,0.2549950477587722,CENTER,True,,GAZE,FORWARD,F,150,150,,27.735703327514152
1788177970.1310723,logic1,0.6144396194243322,0.39858928036814845,0.262972809938633,CENTER,True,,GAZE,FORWARD,F,150,150,,31.102555356162963
1788177970.1631737,logic1,0.6640224944922568,0.392237991908987,0.27611528779413813,LEFT,True,,GAZE,FORWARD,F,150,150,,31.151759122406993
1788177970.1989114,logic1,0.6927086033525385,0.3904286591491482,0.2924258518557202,LEFT,True,,GAZE,FORWARD,F,150,150,,27.981240451776888
1788177970.2307303,logic1,0.7027936475700971,0.3878851361165693,0.30316659975203214,LEFT,True,,GAZE,FORWARD,F,150,150,,31.4283659033689
1788177970.262566,logic1,0.7015643756293584,0.38205271341571373,0.307374149441734,LEFT,True,,GAZE,FORWARD,F,150,150,,31.410713617062704
1788177970.2988994,logic1,0.7211591999080044,0.3696165385255902,0.30283698591377534,LEFT,True,,GAZE,FORWARD,F,150,150,,27.523124573468422
1788177970.330601,logic1,0.7590414730162417,0.3611299281141307,0.29427915688935524,LEFT,True,,GAZE,FORWARD,F,150,150,,31.544421464295116
1788177970.3648741,logic1,0.7906110985402943,0.35138693496514356,0.29371372632754145,LEFT,True,,GAZE,FORWARD,F,150,150,,29.176955076032666
1788177970.398997,logic1,0.8208060119441892,0.3465973189137562,0.2954790438580369,LEFT,True,,GAZE,FORWARD,F,150,150,,29.306204583566238
1788177970.4310315,logic1,0.8325500705783048,0.3463253321178827,0.3008441906365012,LEFT,True,,GAZE,FORWARD,F,150,150,,31.216212796677656
1788177970.463306,logic1,0.8259998238103814,0.3379667810858501,0.31044048029250093,UP,True,,GAZE,FORWARD,F,150,150,,30.984457183381597
1788177970.499151,logic1,0.7863627613393303,0.3264118174915363,0.3143067489634235,UP,True,,GAZE,FORWARD,F,150,150,,27.897490472041344
1788177970.5307412,logic1,0.711242890429838,0.3282433908477265,0.3144995034676725,UP,True,,GAZE,FORWARD,F,150,150,,31.655602348714698
1788177970.5633767,logic1,0.6068945665631842,0.31645929161896535,0.31230089775339875,UP,True,,GAZE,FORWARD,F,150,150,,30.64107827738613
1788177970.5985167,logic1,0.4780218785946049,0.30427444597863185,0.30788206281442887,UP,True,,GAZE,FORWARD,F,150,150,,28.457953944065245
1788177970.631258,logic1,0.3612865153162853,0.30547000254702716,0.3055915129832958,UP,True,,GAZE,FORWARD,F,150,150,,30.542234649889316
1788177970.6631885,logic1,0.27810248716260244,0.3019410786175587,0.30749311257431117,UP,True,,GAZE,FORWARD,F,150,150,,31.318772727612135
1788177970.6991026,logic1,0.22265617536594362,0.3216039439554153,0.3177967213630478,UP,True,,GAZE,FORWARD,F,150,150,,27.844153085272346
1788177970.7311418,logic1,0.18961519146091438,0.34799443240562605,0.3270666842165597,RIGHT,True,,GAZE,FORWARD,F,150,150,,31.211334682700322
1788177970.7628434,logic1,0.18165162052720374,0.3696022284575438,0.3366511593745534,RIGHT,True,,GAZE,FORWARD,F,150,150,,31.544184227546893
1788177970.798743,logic1,0.17572280462979922,0.3357563986321499,0.3438851408850025,UP,True,,GAZE,FORWARD,F,150,150,,27.85543320892053
1788177970.830991,logic1,0.17300668244207262,0.33985273293963064,0.34301980687958766,RIGHT,True,,GAZE,FORWARD,F,150,150,,31.00965562110929
1788177970.8624432,logic1,0.17161186275114712,0.2894485557597778,0.34539560384170553,UP,True,,GAZE,FORWARD,F,150,150,,31.794299575500304
1788177970.8989973,logic1,0.1662547158911304,0.24032848736660284,0.34589880944223955,UP,True,,GAZE,FORWARD,F,150,150,,27.35671377976637
1788177970.9314795,logic1,0.1576553817945243,0.24162238647874695,0.3421626644760498,UP,True,,GAZE,FORWARD,F,150,150,,30.786368073752744
1788177970.9634364,logic1,0.15156963463816508,0.1926042589173768,0.342875195475787,UP,True,,GAZE,FORWARD,F,150,150,,31.29236921424095
1788177970.9991336,logic1,0.14421053909546352,0.24914963892192987,0.34169915713079,UP,True,,GAZE,FORWARD,F,150,150,,28.013571638481473
1788177971.0319145,logic1,0.14019181671191813,0.29972750876237314,0.33923499398383794,UP,True,,GAZE,FORWARD,F,150,150,,30.50513836866795
1788177971.0629985,logic1,0.1407374282960121,0.3002031414198265,0.34233729521627904,UP,True,,GAZE,FORWARD,F,150,150,,32.170582234596594
1788177971.09872,logic1,0.13963187409522934,0.3016617997622197,0.34186071225954323,UP,True,,GAZE,FORWARD,F,150,150,,27.994126598499612
1788177971.1309452,logic1,0.14072164277321264,0.24585788196412292,0.33991779598383165,UP,True,,GAZE,FORWARD,F,150,150,,31.03213968629772
1788177971.1629786,logic1,0.14204235282117364,0.1962014015499242,0.3431249171198688,UP,True,,GAZE,FORWARD,F,150,150,,31.21760682361172
1788177971.1986802,logic1,0.14117786700726664,0.19648934451013758,0.3416507135123947,UP,True,,GAZE,FORWARD,F,150,150,,28.010017162738826
1788177971.2312093,logic1,0.139272312291313,0.24891181417989985,0.3404314196278674,UP,True,,GAZE,FORWARD,F,150,150,,30.74123967487302
1788177971.2633271,logic1,0.14148969916207338,0.24971728994508602,0.34131259461132357,UP,True,,GAZE,FORWARD,F,150,150,,31.135109454915263
1788177971.2991931,logic1,0.1426992513789771,0.2530640212310251,0.34236791510492104,UP,True,,GAZE,FORWARD,F,150,150,,27.881541948907486
1788177971.3312266,logic1,0.14188046935825632,0.30676515808735005,0.3403087009629521,UP,True,,GAZE,FORWARD,F,150,150,,31.218071526924938
1788177971.3632686,logic1,0.14458172666671992,0.25459874875804794,0.34131890165577905,UP,True,,GAZE,FORWARD,F,150,150,,31.208547873448616
1788177971.3988173,logic1,0.14118278171828139,0.2575378992516201,0.3415498983392974,UP,True,,GAZE,FORWARD,F,150,150,,28.130434199407116
1788177971.4325001,logic1,0.13977606755474395,0.3058795636099612,0.33737259040557244,UP,True,,GAZE,FORWARD,F,150,150,,29.68851263829215
1788177971.4621134,logic1,0.1409684940983626,0.2526336925992564,0.3398031642547453,UP,True,,GAZE,FORWARD,F,150,150,,33.769204138319715
1788177971.4988887,logic1,0.1413293028075793,0.25378807132629894,0.3409082032877674,UP,True,,GAZE,FORWARD,F,150,150,,27.191950624967586
1788177971.5309658,logic1,0.1417902684296281,0.2521291784512551,0.33948713712962597,UP,True,,GAZE,FORWARD,F,150,150,,31.17514493830831
1788177971.5629234,logic1,0.14397458599201493,0.1991657931445765,0.34065934677858123,UP,True,,GAZE,FORWARD,F,150,150,,31.290968502409694
1788177971.5988262,logic1,0.1460915886611482,0.1995875203403853,0.33980848384591944,UP,True,,GAZE,FORWARD,F,150,150,,27.853398412856528
1788177971.6311247,logic1,0.14202643723103414,0.25157225511666115,0.3370960342276402,UP,True,,GAZE,FORWARD,F,150,150,,30.96135647269855
1788177971.6633053,logic1,0.14288007118419924,0.25203025204939233,0.3388487066262149,UP,True,,GAZE,FORWARD,F,150,150,,31.07490331471246
1788177971.699001,logic1,0.1422334323067865,0.255523492162538,0.3394107494202116,UP,True,,GAZE,FORWARD,F,150,150,,28.013945846301812
1788177971.730725,logic1,0.13938002882901473,0.3088564086223434,0.3383059310600819,UP,True,,GAZE,FORWARD,F,150,150,,31.52189989478431
1788177971.7637088,logic1,0.14293099709917936,0.2561036662133392,0.33972518145422853,UP,True,,GAZE,FORWARD,F,150,150,,30.317712963966894
1788177971.7989042,logic1,0.1421593527691942,0.25705129079891076,0.3393807583175361,UP,True,,GAZE,FORWARD,F,150,150,,28.413228739042665
1788177971.8310401,logic1,0.1417459458565118,0.30844633705646574,0.33737400615375746,UP,True,,GAZE,FORWARD,F,150,150,,31.117323243564062
1788177971.863098,logic1,0.14449481814232004,0.25445095795339645,0.33960542295902496,UP,True,,GAZE,FORWARD,F,150,150,,31.19369329168526
1788177971.8987045,logic1,0.14563235097547197,0.2559071387584604,0.34004215672679705,UP,True,,GAZE,FORWARD,F,150,150,,28.084663028558037
1788177971.931478,logic1,0.1469744343835049,0.3090109673655607,0.3401408940586564,UP,True,,GAZE,FORWARD,F,150,150,,30.51268359752948
1788177971.9631505,logic1,0.14719645810537368,0.2542413303883609,0.34084544146556356,UP,True,,GAZE,FORWARD,F,150,150,,31.573866502058852
1788177971.9991705,logic1,0.1452122424308973,0.25487127363434026,0.3406623778815614,UP,True,,GAZE,FORWARD,F,150,150,,27.76177175308773
1788177972.0313375,logic1,0.1437808362507109,0.3030476574566714,0.33676468561693584,UP,True,,GAZE,FORWARD,F,150,150,,31.087801479417127
1788177972.063192,logic1,0.14554634882494477,0.2488117463917872,0.3361694834808294,UP,True,,GAZE,FORWARD,F,150,150,,31.39331611840874
1788177972.0992281,logic1,0.1447430011468678,0.2505509912458832,0.33629263228580664,UP,True,,GAZE,FORWARD,F,150,150,,27.74964935030566
1788177972.1309202,logic1,0.14559331297178674,0.30152118448678333,0.33274725738506516,UP,True,,GAZE,FORWARD,F,150,150,,31.553439105674542
1788177972.1634202,logic1,0.14682404694464002,0.25258025654867133,0.33532760234268005,UP,True,,GAZE,FORWARD,F,150,150,,30.76920368264681
1788177972.1989493,logic1,0.14951657642569455,0.25532770075553274,0.33737759558638486,UP,True,,GAZE,FORWARD,F,150,150,,28.14572442810074
1788177972.2307775,logic1,0.15429737564926999,0.30904339436428563,0.3359948513362382,UP,True,,GAZE,FORWARD,F,150,150,,31.418478179448382
1788177972.263318,logic1,0.15753524728183696,0.2577305197739411,0.3386745828039883,UP,True,,GAZE,FORWARD,F,150,150,,30.731104012191906
1788177972.298997,logic1,0.16116304707185586,0.26017180756053765,0.3406115048070286,UP,True,,GAZE,FORWARD,F,150,150,,28.027985860057335
1788177972.331202,logic1,0.1602616671431976,0.31301512969411205,0.337997616936512,UP,True,,GAZE,FORWARD,F,150,150,,31.0512078296083
1788177972.363494,logic1,0.16047161896251644,0.3120811760032957,0.33888102144388277,UP,True,,GAZE,FORWARD,F,150,150,,30.967528536199996
1788177972.3990731,logic1,0.16183224277044583,0.3142008278642778,0.34112389409718435,UP,True,,GAZE,FORWARD,F,150,150,,28.10687074054963
1788177972.4309685,logic1,0.16043459235319274,0.36496133681741005,0.3382511684738436,RIGHT,True,,GAZE,FORWARD,F,150,150,,31.351781256073313
1788177972.4630687,logic1,0.162071896217207,0.30927143584906996,0.3396370287348188,UP,True,,GAZE,FORWARD,F,150,150,,31.151990493166963
1788177972.4991543,logic1,0.16194079338256828,0.25894630781095584,0.34118455785920676,UP,True,,GAZE,FORWARD,F,150,150,,27.712063850733056
1788177972.530971,logic1,0.16075349562083094,0.31183762555991273,0.33810771289152514,UP,True,,GAZE,FORWARD,F,150,150,,31.430485511101786
1788177972.5629187,logic1,0.16323093667170505,0.30992115961074895,0.3390691427763699,UP,True,,GAZE,FORWARD,F,150,150,,31.30054253326468
1788177972.5986755,logic1,0.1630977140501024,0.36507285711103704,0.3395193952310244,RIGHT,True,,GAZE,FORWARD,F,150,150,,27.967060737599436
1788177972.6309116,logic1,0.16114313817418496,0.4163114901422371,0.33680783813717835,RIGHT,True,,GAZE,FORWARD,F,150,150,,31.021123010472753
1788177972.6623247,logic1,0.16257750357715728,0.41696002834502255,0.3359577810687341,RIGHT,True,,GAZE,FORWARD,F,150,150,,31.833874738152343
1788177972.698807,logic1,0.16269738816741697,0.36625636814927637,0.3371305543602289,RIGHT,True,,GAZE,FORWARD,F,150,150,,27.41034773459505
1788177972.73119,logic1,0.16117408792008192,0.36448091954717493,0.3331453004178828,RIGHT,True,,GAZE,FORWARD,F,150,150,,30.88066086008997
1788177972.7628665,logic1,0.16397643490733144,0.3636790276635817,0.33324859492642794,RIGHT,True,,GAZE,FORWARD,F,150,150,,31.5695888121994
1788177972.798881,logic1,0.16498366358346797,0.3094783973164714,0.33583404952935325,UP,True,,GAZE,FORWARD,F,150,150,,27.765998715733588
1788177972.8310018,logic1,0.16311061406286811,0.361705220869347,0.33300965917020814,RIGHT,True,,GAZE,FORWARD,F,150,150,,31.132567322822958
1788177972.86255,logic1,0.16335181692914758,0.36327209724892484,0.3348253344453805,RIGHT,True,,GAZE,FORWARD,F,150,150,,31.697228016081738
1788177972.8988984,logic1,0.16272608298085367,0.3119500716441852,0.33621353652345437,UP,True,,GAZE,FORWARD,F,150,150,,27.51175100849431
1788177972.9308136,logic1,0.1609994288631898,0.36443234119437656,0.3332548144417555,RIGHT,True,,GAZE,FORWARD,F,150,150,,31.33327855013783
1788177972.968092,logic1,0.1612181473696619,0.36265825467863705,0.33578695396445823,RIGHT,True,,GAZE,FORWARD,F,150,150,,26.824832596780485
1788177972.9962811,logic1,0.16207204870650072,0.3097733102773458,0.3377879444009703,UP,True,,GAZE,FORWARD,F,150,150,,35.47340110624334
1788177973.0255642,logic1,0.1604142586351861,0.36200890814964937,0.3365625606358991,RIGHT,True,,GAZE,FORWARD,F,150,150,,34.15056424953997
1788177973.0611308,logic1,0.16040605689741574,0.36071432990547925,0.3389989550178234,RIGHT,True,,GAZE,FORWARD,F,150,150,,28.115914438359287
1788177973.0939438,logic1,0.1615288918305624,0.31072025383557683,0.33910866903957054,UP,True,,GAZE,FORWARD,F,150,150,,30.475659022873252
1788177973.1294332,logic1,0.16214950870115283,0.3652058346930651,0.3365321700943843,RIGHT,True,,GAZE,FORWARD,F,150,150,,28.177679843065594
1788177973.1607828,logic1,0.16162900999976793,0.36670422742732034,0.33717038752546635,RIGHT,True,,GAZE,FORWARD,F,150,150,,31.898031043949775
1788177973.1967058,logic1,0.1633284544265572,0.316054993954619,0.3367474071286752,UP,True,,GAZE,FORWARD,F,150,150,,27.83750024888665
1788177973.2302845,logic1,0.1629208202501824,0.368671225240308,0.3350840859186133,RIGHT,True,,GAZE,FORWARD,F,150,150,,29.78084195428823
1788177973.2608979,logic1,0.16277787973576946,0.31232687761481415,0.33630425777875333,UP,True,,GAZE,FORWARD,F,150,150,,32.66541019610286
1788177973.2979155,logic1,0.16483716902926623,0.2586304919520906,0.3384396148147813,UP,True,,GAZE,FORWARD,F,150,150,,27.014884805389702
1788177973.3307333,logic1,0.16351310798187557,0.3095583919510867,0.3371296125097908,UP,True,,GAZE,FORWARD,F,150,150,,30.470566868384537
1788177973.3624523,logic1,0.1621478143613459,0.25525111610903767,0.3397496097896173,UP,True,,GAZE,FORWARD,F,150,150,,31.52711255430779
1788177973.3963041,logic1,0.1634746488286642,0.25642256556141885,0.3407011719191754,UP,True,,GAZE,FORWARD,F,150,150,,29.54068064007212
1788177973.4307203,logic1,0.1628431547632893,0.3088885646966829,0.33793575083894745,UP,True,,GAZE,FORWARD,F,150,150,,29.055883840308134
1788177973.4636526,logic1,0.1633191638289999,0.3106299419377309,0.33936862263448997,UP,True,,GAZE,FORWARD,F,150,150,,30.365342291208155
1788177973.4988995,logic1,0.16611813948830717,0.31243387883543683,0.33959783401338217,UP,True,,GAZE,FORWARD,F,150,150,,28.37113848360018
1788177973.530686,logic1,0.16399725239818086,0.36338439564003433,0.33850116199821767,RIGHT,True,,GAZE,FORWARD,F,150,150,,31.45995409609817
1788177973.562305,logic1,0.1640973767390726,0.31089981249486964,0.33942839223415544,UP,True,,GAZE,FORWARD,F,150,150,,31.6269586330664
1788177973.5989974,logic1,0.16520371290358482,0.2585728069038951,0.3409966562482083,UP,True,,GAZE,FORWARD,F,150,150,,27.253614383459283
1788177973.63098,logic1,0.16213697684793887,0.3100322663286919,0.3395376528755749,UP,True,,GAZE,FORWARD,F,150,150,,31.26624325371977
1788177973.6636202,logic1,0.16355819948156697,0.25858514936305443,0.33949290680230426,UP,True,,GAZE,FORWARD,F,150,150,,30.63772096420745
1788177973.7001276,logic1,0.16430477154940765,0.2591170688021378,0.3425835044952982,UP,True,,GAZE,FORWARD,F,150,150,,27.39155194482903
1788177973.731042,logic1,0.163301621065005,0.3112444111131775,0.3410025077733932,UP,True,,GAZE,FORWARD,F,150,150,,32.34823115663152
1788177973.7631602,logic1,0.1636608294249398,0.2580709433581231,0.3412630999676438,UP,True,,GAZE,FORWARD,F,150,150,,31.134416104991242
1788177973.7993255,logic1,0.16436392780402037,0.25857497346983754,0.34245821448710945,UP,True,,GAZE,FORWARD,F,150,150,,27.651409170320072
1788177973.8315568,logic1,0.16362323253972488,0.31026270046211535,0.3383254231606253,UP,True,,GAZE,FORWARD,F,150,150,,31.024794366530564
1788177973.8634417,logic1,0.16258313897109897,0.31040583794421417,0.3383920079920592,UP,True,,GAZE,FORWARD,F,150,150,,31.362799566306503
1788177973.9000037,logic1,0.16466596510907472,0.3114390756121239,0.33860816557841106,UP,True,,GAZE,FORWARD,F,150,150,,27.35047015402272
1788177973.9309134,logic1,0.16340321108140535,0.36650499631543654,0.33731045866107146,RIGHT,True,,GAZE,FORWARD,F,150,150,,32.35247292585851
1788177973.9631467,logic1,0.16367952415211023,0.36477122344339274,0.33757039530957045,RIGHT,True,,GAZE,FORWARD,F,150,150,,31.024105921076963
1788177973.999423,logic1,0.16484932752348097,0.3116892713616847,0.33908952971464584,UP,True,,GAZE,FORWARD,F,150,150,,27.566176373936933
1788177974.0312254,logic1,0.16454096622000342,0.3648872161347695,0.3373327466637735,RIGHT,True,,GAZE,FORWARD,F,150,150,,31.444623539025542
1788177974.0634043,logic1,0.16457006876187047,0.3085411348711815,0.33681600853349136,UP,True,,GAZE,FORWARD,F,150,150,,31.07582425724235
1788177974.0989013,logic1,0.16483469026899078,0.2583635224251282,0.339058472633356,UP,True,,GAZE,FORWARD,F,150,150,,28.171623545847773
1788177974.1304212,logic1,0.16554349234999052,0.3107876535622177,0.33578425770687265,UP,True,,GAZE,FORWARD,F,150,150,,31.725279296860226
1788177974.163237,logic1,0.16463965500368855,0.25599875981093617,0.33669846800761005,UP,True,,GAZE,FORWARD,F,150,150,,30.473223432312064
1788177974.1991684,logic1,0.16479018545621357,0.25905056653737873,0.3392671651492515,UP,True,,GAZE,FORWARD,F,150,150,,27.831219932981654
1788177974.231013,logic1,0.1655553860130911,0.3121046275698732,0.3369333453854487,UP,True,,GAZE,FORWARD,F,150,150,,31.40201245807379
1788177974.2631657,logic1,0.16375065527660188,0.2586149908715384,0.3384155385225767,UP,True,,GAZE,FORWARD,F,150,150,,31.102094085543097
1788177974.2991722,logic1,0.16458326209548424,0.2612198775731565,0.3401062343740343,UP,True,,GAZE,FORWARD,F,150,150,,27.773169116673287
1788177974.3311312,logic1,0.16314725848303036,0.31224561005873336,0.3389358116498019,UP,True,,GAZE,FORWARD,F,150,150,,31.289801338336552
1788177974.363293,logic1,0.16172675409682397,0.2570901277275955,0.3401458750021841,UP,True,,GAZE,FORWARD,F,150,150,,31.092410562054294
1788177974.3992956,logic1,0.16191030506370138,0.25804759509560704,0.3410104789408944,UP,True,,GAZE,FORWARD,F,150,150,,27.77592794940565
1788177974.4309287,logic1,0.1603565653985597,0.30852554565269746,0.33824938552352624,UP,True,,GAZE,FORWARD,F,150,150,,31.612656205248797
1788177974.4634414,logic1,0.16106682453295576,0.25441832695934935,0.3363786039643881,UP,True,,GAZE,FORWARD,F,150,150,,30.757245101490085
1788177974.4990418,logic1,0.1620507133453477,0.25553446568164256,0.3369444896388162,UP,True,,GAZE,FORWARD,F,150,150,,28.08917700792253
1788177974.5312378,logic1,0.1610205170388559,0.3072128034641425,0.3355709336152447,UP,True,,GAZE,FORWARD,F,150,150,,31.05994564533209
1788177974.5628235,logic1,0.16207385652443207,0.3081632853315437,0.3366164547723174,UP,True,,GAZE,FORWARD,F,150,150,,31.660142362185706
1788177974.5991673,logic1,0.1634371056284789,0.30911075820487244,0.3380529189649683,UP,True,,GAZE,FORWARD,F,150,150,,27.514638642342184
1788177974.6309412,logic1,0.16275872910656503,0.3624160893118224,0.335565091856598,RIGHT,True,,GAZE,FORWARD,F,150,150,,31.47270162379566
1788177974.663566,logic1,0.16343826382042048,0.3107728589651494,0.33532815016790185,UP,True,,GAZE,FORWARD,F,150,150,,30.652274637336937
1788177974.6993828,logic1,0.16440016687622203,0.2582001993573347,0.3347572846361974,UP,True,,GAZE,FORWARD,F,150,150,,27.91903135837477
1788177974.7307298,logic1,0.16373401266067383,0.31327490254537027,0.3345903676297909,UP,True,,GAZE,FORWARD,F,150,150,,31.901184989123657
1788177974.763116,logic1,0.16299725806316923,0.25974094214501425,0.335436183036177,UP,True,,GAZE,FORWARD,F,150,150,,30.877478153963942
1788177974.798828,logic1,0.16595362583140594,0.2599169431552017,0.336392164791518,UP,True,,GAZE,FORWARD,F,150,150,,28.00197615264444
1788177974.83099,logic1,0.16372088960310358,0.3122784856041834,0.33596047068127244,UP,True,,GAZE,FORWARD,F,150,150,,31.091949592290586
1788177974.8629806,logic1,0.1630782663947255,0.2563747711227136,0.33630624389433084,UP,True,,GAZE,FORWARD,F,150,150,,31.259485604835405
1788177974.8989928,logic1,0.16399198663446166,0.25731890131625956,0.3369108335230655,UP,True,,GAZE,FORWARD,F,150,150,,27.76820459856866
1788177974.9308493,logic1,0.16083566195271845,0.3095258484371789,0.33542084205713885,UP,True,,GAZE,FORWARD,F,150,150,,31.39073164890432
1788177974.963481,logic1,0.16156682391624702,0.31166159933665416,0.3361854958023844,UP,True,,GAZE,FORWARD,F,150,150,,30.64555583969605
1788177974.9989693,logic1,0.1627471952184913,0.31361895551140795,0.336773864466554,UP,True,,GAZE,FORWARD,F,150,150,,28.178058448102117
1788177975.0308585,logic1,0.1617565296242068,0.36499724806832684,0.3342892928407643,RIGHT,True,,GAZE,FORWARD,F,150,150,,31.358578872997242
1788177975.0632546,logic1,0.16431115050592127,0.365402628778289,0.33436186196098205,RIGHT,True,,GAZE,FORWARD,F,150,150,,30.867479632914094
1788177975.0989428,logic1,0.1650321396995088,0.31237122906548725,0.33613670260010076,UP,True,,GAZE,FORWARD,F,150,150,,28.020496101865895
1788177975.1308124,logic1,0.1624612427898016,0.3641304019139973,0.33397710605932884,RIGHT,True,,GAZE,FORWARD,F,150,150,,31.377815681785876
1788177975.1626625,logic1,0.1622479489111281,0.3645148220626528,0.33645487391484835,RIGHT,True,,GAZE,FORWARD,F,150,150,,31.397311135730753
1788177975.1993067,logic1,0.162642796007598,0.3113952722380832,0.3371727941593685,UP,True,,GAZE,FORWARD,F,150,150,,27.289255553097632
1788177975.230857,logic1,0.1618896061107193,0.36209230572476836,0.33354601755096996,RIGHT,True,,GAZE,FORWARD,F,150,150,,31.695551306949998
1788177975.2630806,logic1,0.16435297767978743,0.3640977423130942,0.33351085876165165,RIGHT,True,,GAZE,FORWARD,F,150,150,,31.03351732098199
1788177975.2991958,logic1,0.1646000928329661,0.31393062355250023,0.3358351970009853,UP,True,,GAZE,FORWARD,F,150,150,,27.689195790807908
1788177975.3320134,logic1,0.16136643379898666,0.36482081483645273,0.3343028803460384,RIGHT,True,,GAZE,FORWARD,F,150,150,,30.471230965942112
1788177975.363497,logic1,0.16183154060037758,0.3673537967033945,0.3353893466407991,RIGHT,True,,GAZE,FORWARD,F,150,150,,31.762998864066642
1788177975.4009054,logic1,0.16165814106841037,0.3143408903027445,0.33665712997851027,UP,True,,GAZE,FORWARD,F,150,150,,26.731827944653702
1788177975.4271133,logic1,0.16242952182117293,0.36518307462594213,0.33258996359077675,RIGHT,True,,GAZE,FORWARD,F,150,150,,38.15674608589649
1788177975.4599493,logic1,0.16192580827308667,0.36681463967359534,0.33404120549814753,RIGHT,True,,GAZE,FORWARD,F,150,150,,30.45397383210142
1788177975.4985592,logic1,0.16219964463866338,0.3139300180253133,0.3350924939078855,UP,True,,GAZE,FORWARD,F,150,150,,25.90051809632022
1788177975.5311074,logic1,0.16188399868410958,0.3660001459091721,0.33366903093540967,RIGHT,True,,GAZE,FORWARD,F,150,150,,30.72345038749469
1788177975.5630474,logic1,0.16062783432707034,0.36542295617716947,0.3352106092029166,RIGHT,True,,GAZE,FORWARD,F,150,150,,31.308019019325368
1788177975.5990033,logic1,0.16362836807270648,0.3126824904474884,0.33526129350368783,UP,True,,GAZE,FORWARD,F,150,150,,27.812027133659132
1788177975.6306748,logic1,0.1616473482399493,0.3620915844880857,0.33436463711637265,RIGHT,True,,GAZE,FORWARD,F,150,150,,31.574341872492266
1788177975.6628366,logic1,0.16107167403732048,0.3616898010382909,0.33565216726850866,RIGHT,True,,GAZE,FORWARD,F,150,150,,31.093332542588996
1788177975.6993525,logic1,0.16348205076383943,0.30843545953432344,0.3358481773127287,UP,True,,GAZE,FORWARD,F,150,150,,27.384756009976364
1788177975.7308652,logic1,0.16247830702360283,0.3600528110494752,0.33518268393731987,RIGHT,True,,GAZE,FORWARD,F,150,150,,31.73368035589989
1788177975.7627726,logic1,0.1626372654596524,0.3621064025665088,0.335237545151188,RIGHT,True,,GAZE,FORWARD,F,150,150,,31.340536501531794
1788177975.798746,logic1,0.16308138042659542,0.31128843064693557,0.3361946374888797,UP,True,,GAZE,FORWARD,F,150,150,,27.798202592720234
1788177975.8312817,logic1,0.16075638364973074,0.3642816933747268,0.3354875333658721,RIGHT,True,,GAZE,FORWARD,F,150,150,,30.735382698860512
1788177975.8627243,logic1,0.16024639853164374,0.3633072711822059,0.3358542376430065,RIGHT,True,,GAZE,FORWARD,F,150,150,,31.80346066938627
1788177975.899206,logic1,0.16273289944374456,0.3647695567493889,0.3374608347574768,RIGHT,True,,GAZE,FORWARD,F,150,150,,27.41124341563517
1788177975.931135,logic1,0.16264508649415155,0.4148753166266192,0.3367643734817556,RIGHT,True,,GAZE,FORWARD,F,150,150,,31.320175929867005
1788177975.9626608,logic1,0.16427824319314818,0.41591057873991844,0.3382161137726565,RIGHT,True,,GAZE,FORWARD,F,150,150,,31.719521141033493
1788177975.9991665,logic1,0.16323418632404033,0.36660154790903643,0.34018707664536785,RIGHT,True,,GAZE,FORWARD,F,150,150,,27.3938776443234
1788177976.0314233,logic1,0.15961807725743227,0.3634893576253059,0.3375242217498225,RIGHT,True,,GAZE,FORWARD,F,150,150,,31.000258686316972
1788177976.0630352,logic1,0.15907735041685178,0.3632526567555057,0.33672136543320635,RIGHT,True,,GAZE,FORWARD,F,150,150,,31.63363752922543
1788177976.0988863,logic1,0.15891579590172691,0.3633758612028978,0.33622762822526814,RIGHT,True,,GAZE,FORWARD,F,150,150,,27.893037886294564
1788177976.130842,logic1,0.1594196123670153,0.4153629235753135,0.3338238707188693,RIGHT,True,,GAZE,FORWARD,F,150,150,,31.293303091798972
1788177976.1631744,logic1,0.16148564499464346,0.41630532563044303,0.3342248499698357,RIGHT,True,,GAZE,FORWARD,F,150,150,,30.928708373890217
1788177976.1987424,logic1,0.1621652931237636,0.36343361588712675,0.33639081354227907,RIGHT,True,,GAZE,FORWARD,F,150,150,,28.115537501424445
1788177976.231152,logic1,0.15992019372646685,0.3619019708959831,0.3359082282610482,RIGHT,True,,GAZE,FORWARD,F,150,150,,30.854309653594626
1788177976.2636127,logic1,0.1590815137629269,0.36157370034470543,0.33543618299022326,RIGHT,True,,GAZE,FORWARD,F,150,150,,30.806719109211233
1788177976.298624,logic1,0.16094229881258643,0.3101358146332802,0.3377857417261152,UP,True,,GAZE,FORWARD,F,150,150,,28.56221398997603
1788177976.3315902,logic1,0.15980857349943384,0.363729150516716,0.33593476507301434,RIGHT,True,,GAZE,FORWARD,F,150,150,,30.334377192284606
1788177976.3634636,logic1,0.16078596846178259,0.36413660688421745,0.3352642036580086,RIGHT,True,,GAZE,FORWARD,F,150,150,,31.374294989752105
1788177976.3991458,logic1,0.16143451518856544,0.31270677839891897,0.3379356870443375,UP,True,,GAZE,FORWARD,F,150,150,,28.024802223647637
1788177976.4315372,logic1,0.16134636351432097,0.3643924439046984,0.33735510112255374,RIGHT,True,,GAZE,FORWARD,F,150,150,,30.872478083895803
1788177976.4630218,logic1,0.16270529800456382,0.36438513646791604,0.33796277046915346,RIGHT,True,,GAZE,FORWARD,F,150,150,,31.761315189652954
1788177976.4988084,logic1,0.16399806938096706,0.3135690456503362,0.34157416790512785,UP,True,,GAZE,FORWARD,F,150,150,,27.943583901291813
1788177976.530885,logic1,0.1637639342112806,0.31058102194257026,0.3404229071366826,UP,True,,GAZE,FORWARD,F,150,150,,31.174681512092878
1788177976.5630531,logic1,0.16302517415791998,0.31119405607243633,0.3400972976053664,UP,True,,GAZE,FORWARD,F,150,150,,31.08664942226307
1788177976.5990338,logic1,0.1634478546493364,0.25998237237776234,0.34267296650915413,UP,True,,GAZE,FORWARD,F,150,150,,27.793044953350297
1788177976.6310391,logic1,0.16273863346147355,0.30818836337495126,0.34042459086724464,UP,True,,GAZE,FORWARD,F,150,150,,31.244582504599936
1788177976.6636908,logic1,0.16392684214328795,0.36004821654653496,0.33980197687409275,RIGHT,True,,GAZE,FORWARD,F,150,150,,30.626535231836435
1788177976.6993842,logic1,0.16376386900730186,0.3076466782992845,0.341864627618527,UP,True,,GAZE,FORWARD,F,150,150,,28.016565580997675
1788177976.731122,logic1,0.16294588147016686,0.3577189054252114,0.3391374228183083,RIGHT,True,,GAZE,FORWARD,F,150,150,,31.50769230769231
1788177976.7629874,logic1,0.16260612040936187,0.35987742670051137,0.3389202842791555,RIGHT,True,,GAZE,FORWARD,F,150,150,,31.383215611157667
1788177976.7990248,logic1,0.1636231885805301,0.31058395710079034,0.3413132811843817,UP,True,,GAZE,FORWARD,F,150,150,,27.748547838628156
1788177976.8311474,logic1,0.16467368818443362,0.362045578517724,0.33931528290190893,RIGHT,True,,GAZE,FORWARD,F,150,150,,31.13025665385129
1788177976.8630059,logic1,0.16323621456805337,0.361106421998649,0.3395073158856722,RIGHT,True,,GAZE,FORWARD,F,150,150,,31.38861739943873
1788177976.8993807,logic1,0.16591494073873791,0.3111273758379596,0.3412675791210466,UP,True,,GAZE,FORWARD,F,150,150,,27.491914921508865
1788177976.9310923,logic1,0.16498887899991244,0.3599395925483448,0.33843788991662216,RIGHT,True,,GAZE,FORWARD,F,150,150,,31.533986421971445
1788177976.9636724,logic1,0.16466879348282973,0.3586275544222587,0.33758280422862247,RIGHT,True,,GAZE,FORWARD,F,150,150,,30.693997028884223
1788177976.9994745,logic1,0.16594643262358605,0.360604855966173,0.3393961347949096,RIGHT,True,,GAZE,FORWARD,F,150,150,,27.93130223420904
1788177977.0312994,logic1,0.16511522979278262,0.411127096645406,0.3370717639892028,RIGHT,True,,GAZE,FORWARD,F,150,150,,31.42177339606245
1788177977.0628512,logic1,0.16676661466242165,0.41170796423694855,0.33700208956913713,RIGHT,True,,GAZE,FORWARD,F,150,150,,31.693635285138924
1788177977.0992317,logic1,0.16688345567928858,0.36072698058549924,0.3390901261874474,RIGHT,True,,GAZE,FORWARD,F,150,150,,27.487410708434368
1788177977.131032,logic1,0.16719438015292626,0.35849117687980225,0.335972369067192,RIGHT,True,,GAZE,FORWARD,F,150,150,,31.44627380416854
1788177977.1628146,logic1,0.16661117870449493,0.35789253738294247,0.3350491239499971,RIGHT,True,,GAZE,FORWARD,F,150,150,,31.46443815968133
1788177977.1993675,logic1,0.16615534620785566,0.30768963734688193,0.3361268486427942,UP,True,,GAZE,FORWARD,F,150,150,,27.359925897417497
1788177977.230696,logic1,0.16536297563730368,0.35944170521608765,0.3345094226413198,RIGHT,True,,GAZE,FORWARD,F,150,150,,31.91599260369663
1788177977.2632885,logic1,0.165318646486604,0.3627846770937676,0.3349679210452775,RIGHT,True,,GAZE,FORWARD,F,150,150,,30.681647940074907
1788177977.2987945,logic1,0.16437111454800263,0.3126888045907174,0.33724986127499745,UP,True,,GAZE,FORWARD,F,150,150,,28.16424595260638
1788177977.3316476,logic1,0.16331130031655255,0.3608097729606894,0.33663381945659854,RIGHT,True,,GAZE,FORWARD,F,150,150,,30.438945091948852
1788177977.3635242,logic1,0.16349983855360578,0.35974549074428597,0.33580879514039264,RIGHT,True,,GAZE,FORWARD,F,150,150,,31.371009723261032
1788177977.3989818,logic1,0.16451955242531763,0.3070485520482703,0.3391339240743958,UP,True,,GAZE,FORWARD,F,150,150,,28.202499983190002
1788177977.4313447,logic1,0.16472973942161365,0.3557185615531773,0.3383350427167689,RIGHT,True,,GAZE,FORWARD,F,150,150,,30.899998526573253
1788177977.4630177,logic1,0.16574728840298159,0.3587416052025383,0.3386518618871822,RIGHT,True,,GAZE,FORWARD,F,150,150,,31.57220281825846
1788177977.4991603,logic1,0.1667721722513102,0.3084663751062747,0.3395589471385723,UP,True,,GAZE,FORWARD,F,150,150,,27.66819048372946
1788177977.5309594,logic1,0.16591637816111526,0.35881798564762335,0.3378144149392205,RIGHT,True,,GAZE,FORWARD,F,150,150,,31.4474526710403
1788177977.5628314,logic1,0.16638743704300477,0.3594912635185023,0.3360090772096372,RIGHT,True,,GAZE,FORWARD,F,150,150,,31.37546846597497
1788177977.5995312,logic1,0.16743306364549654,0.30733920964858336,0.3388299136952121,UP,True,,GAZE,FORWARD,F,150,150,,27.24794875626092
1788177977.6291182,logic1,0.16521298676610624,0.35784719063511605,0.3391331482937447,RIGHT,True,,GAZE,FORWARD,F,150,150,,33.79941012458298
1788177977.6595495,logic1,0.16503798684060866,0.3581551260029621,0.3378014097280423,RIGHT,True,,GAZE,FORWARD,F,150,150,,32.85990504692813
1788177977.6989765,logic1,0.1638220584363717,0.3073914706993292,0.3417942102610473,UP,True,,GAZE,FORWARD,F,150,150,,25.36376280492967
1788177977.730803,logic1,0.16183321775440912,0.36011203162336264,0.3388562496083195,RIGHT,True,,GAZE,FORWARD,F,150,150,,31.42083183507132
1788177977.762654,logic1,0.1604576355972204,0.36161125685568457,0.3395150805865743,RIGHT,True,,GAZE,FORWARD,F,150,150,,31.395666005464275
1788177977.7988927,logic1,0.1626720984771618,0.3114306767356684,0.3417763906210549,UP,True,,GAZE,FORWARD,F,150,150,,27.59483144293271
1788177977.8302987,logic1,0.16436010884882624,0.36294367438486697,0.3398056412946664,RIGHT,True,,GAZE,FORWARD,F,150,150,,31.839916192847546
1788177977.8628154,logic1,0.1632882983050975,0.3620639866142547,0.3392750687238283,RIGHT,True,,GAZE,FORWARD,F,150,150,,30.754087782845243
1788177977.8998353,logic1,0.1663767208335089,0.30891538581906275,0.3389930448904301,UP,True,,GAZE,FORWARD,F,150,150,,27.01244904136585
1788177977.930932,logic1,0.16313534884228736,0.3603775598282116,0.3374455256445579,RIGHT,True,,GAZE,FORWARD,F,150,150,,32.15874257235959
1788177977.9629292,logic1,0.16228961005407005,0.3595701755440828,0.3355442867629708,RIGHT,True,,GAZE,FORWARD,F,150,150,,31.252498006810374
1788177977.9996936,logic1,0.16473705117776996,0.3088311215771921,0.33748801334678974,UP,True,,GAZE,FORWARD,F,150,150,,27.199885864736743
1788177978.0312004,logic1,0.16526235845977194,0.36170084632316585,0.337579954183709,RIGHT,True,,GAZE,FORWARD,F,150,150,,31.739683836939165
1788177978.0633495,logic1,0.16576455319098177,0.3615638291475139,0.3360444900257168,RIGHT,True,,GAZE,FORWARD,F,150,150,,31.10463124327932
1788177978.0989535,logic1,0.18631908177796183,0.3628461115002489,0.3331640915094837,RIGHT,True,,GAZE,FORWARD,F,150,150,,28.086731755661805
1788177978.1309102,logic1,0.22649026532442365,0.4157646579487096,0.3214006487398828,RIGHT,True,,GAZE,FORWARD,F,150,150,,31.29517101414672
1788177978.1630602,logic1,0.2794017652704654,0.408859295186049,0.3070770493470112,RIGHT,True,,GAZE,FORWARD,F,150,150,,31.10140220526624
1788177978.199035,logic1,0.33108761035365175,0.4022558353707993,0.29635392702142493,CENTER,True,,GAZE,FORWARD,F,150,150,,27.797834126426572
1788177978.2308319,logic1,0.365452893681262,0.395370683740384,0.2879947903652888,CENTER,True,,GAZE,FORWARD,F,150,150,,31.449103233159377
1788177978.2635977,logic1,0.37663929391405115,0.38956827159487545,0.28792372987660336,CENTER,True,,GAZE,FORWARD,F,150,150,,30.51956632467438
1788177978.2993898,logic1,0.3780497080151005,0.39232328705035846,0.2902387955397763,CENTER,True,,GAZE,FORWARD,F,150,150,,27.938930484133117
1788177978.331256,logic1,0.3844455870968645,0.39381242352395407,0.29110044553619885,CENTER,True,,GAZE,FORWARD,F,150,150,,31.381806754754816
1788177978.3638117,logic1,0.38481110070600477,0.3995824998109115,0.29313921184995284,CENTER,True,,GAZE,FORWARD,F,150,150,,30.71670035445411
1788177978.399881,logic1,0.38630614300910926,0.40165795842261975,0.2932467970562529,CENTER,True,,GAZE,FORWARD,F,150,150,,27.72397017608799
1788177978.4309871,logic1,0.387189740551535,0.39975896969748714,0.29292397557074157,CENTER,True,,GAZE,FORWARD,F,150,150,,32.14814360609498
1788177978.4631457,logic1,0.3846010847118859,0.4011485328439604,0.29258489845277424,CENTER,True,,GAZE,FORWARD,F,150,150,,31.09586827102007
1788177978.4986393,logic1,0.38569340753169423,0.3975320326484485,0.2931846984717481,CENTER,True,,GAZE,FORWARD,F,150,150,,28.173705104350688
1788177978.5305893,logic1,0.3855301868166805,0.3954331289954607,0.29254133326491966,CENTER,True,,GAZE,FORWARD,F,150,150,,31.29914108964457
1788177978.5628762,logic1,0.38504416722344387,0.39901792980307327,0.29299327776026995,CENTER,True,,GAZE,FORWARD,F,150,150,,30.972788161188607
1788177978.599146,logic1,0.3871066632042386,0.399541338137028,0.29442293465364183,CENTER,True,,GAZE,FORWARD,F,150,150,,27.57125014790371
1788177978.6306832,logic1,0.3925172685583818,0.391667357251928,0.27283614272143886,CENTER,True,,GAZE,FORWARD,F,150,150,,31.708250805122546
1788177978.6627243,logic1,0.3925172685583818,0.391667357251928,0.21564008429831347,CENTER,True,,GAZE,FORWARD,F,150,150,,31.209476754568723
1788177978.699371,logic1,0.3925172685583818,0.391667357251928,0.1547756794139713,CENTER,True,,GAZE,FORWARD,F,150,150,,27.28748015718115
1788177978.7257516,logic1,0.3925172685583818,0.391667357251928,0.0920322980478774,CENTER,True,,GAZE,FORWARD,F,150,150,,37.90775904921144
1788177978.7593715,logic1,0.3925172685583818,0.391667357251928,0.05286122810408796,CENTER,True,,GAZE,FORWARD,F,150,150,,29.743883586026918
1788177978.798213,logic1,0.3925172685583818,0.391667357251928,0.050129647926606874,CENTER,True,,GAZE,FORWARD,F,150,150,,25.74614204161807
1788177978.8306289,logic1,0.3925172685583818,0.391667357251928,0.055452980017523454,CENTER,True,,GAZE,FORWARD,F,150,150,,30.84840951715515
1788177978.8631387,logic1,0.3925172685583818,0.391667357251928,0.07211740210546384,CENTER,True,,GAZE,FORWARD,F,150,150,,30.759951890639208
1788177978.8992953,logic1,0.3925172685583818,0.391667357251928,0.10845104776403323,CENTER,True,,GAZE,FORWARD,F,150,150,,27.657608588139873
1788177978.9319088,logic1,0.40385962899396427,0.37447485166995553,0.15364176442619068,CENTER,True,,GAZE,FORWARD,F,150,150,,30.661910053219486
1788177978.963546,logic1,0.4139619076457075,0.3579611463016991,0.19937194380591322,CENTER,True,,GAZE,FORWARD,F,150,150,,31.60812979946796
1788177978.9993536,logic1,0.4183580302544227,0.3456088543676862,0.2369403718941861,CENTER,True,,GAZE,FORWARD,F,150,150,,27.927396694765157
1788177979.0309033,logic1,0.41988767374868735,0.3418045802651995,0.25367005166314593,CENTER,True,,GAZE,FORWARD,F,150,150,,31.69579082596539
1788177979.063086,logic1,0.4171094753071728,0.3517830992859342,0.26211094699050275,CENTER,True,,GAZE,FORWARD,F,150,150,,31.07306159339764
1788177979.0991135,logic1,0.41131255705068787,0.3622953998926802,0.26720403018088584,CENTER,True,,GAZE,FORWARD,F,150,150,,27.75644393856172
1788177979.1307058,logic1,0.4134000068751158,0.3669023553138696,0.26883118696108516,CENTER,True,,GAZE,FORWARD,F,150,150,,31.65297451493861
1788177979.1639767,logic1,0.4131684196254937,0.37068170997707445,0.25516806467333775,CENTER,True,,GAZE,FORWARD,F,150,150,,30.05613798737361
1788177979.1990776,logic1,0.4131684196254937,0.37068170997707445,0.20287544883847153,CENTER,True,,GAZE,FORWARD,F,150,150,,28.48926805412161
1788177979.2305944,logic1,0.4131684196254937,0.37068170997707445,0.14746118593366597,CENTER,True,,GAZE,FORWARD,F,150,150,,31.730079357274164
1788177979.263085,logic1,0.4131684196254937,0.37068170997707445,0.09364881167563435,CENTER,True,,GAZE,FORWARD,F,150,150,,30.778235186204366
1788177979.2990053,logic1,0.4131684196254937,0.37068170997707445,0.053076962190166256,CENTER,True,,GAZE,FORWARD,F,150,150,,27.839347940077392
1788177979.3308775,logic1,0.4131684196254937,0.37068170997707445,0.05490120294130162,CENTER,True,,GAZE,FORWARD,F,150,150,,31.374529677974344
1788177979.3634062,logic1,0.4131684196254937,0.37068170997707445,0.069174079514849,CENTER,True,,GAZE,FORWARD,F,150,150,,30.74169030394981
1788177979.3989892,logic1,0.4186219574831927,0.3603164872965068,0.10671218317003264,CENTER,False,,GAZE,STOPPED,S,131,131,,28.103857467351904
1788177979.432202,logic1,0.43014566780328006,0.3517214880455071,0.15505339986127264,CENTER,False,,GAZE,STOPPED,S,115,115,,30.10878288647213
1788177979.4636025,logic1,0.43756149482151074,0.35042574899686185,0.20532466899341958,CENTER,False,,GAZE,STOPPED,S,100,100,,31.846927153725836
1788177979.4991949,logic1,0.4411507241709659,0.35225034795031307,0.2512290751094351,CENTER,False,,GAZE,STOPPED,S,88,88,,28.095574296489314
1788177979.5313294,logic1,0.44154715583152915,0.3637879140565026,0.2723645199941094,CENTER,False,,GAZE,STOPPED,S,77,77,,31.119862886651482
1788177979.563071,logic1,0.4364219370138388,0.3754546617386867,0.2836054631038487,CENTER,False,,GAZE,STOPPED,S,67,67,,31.503669152827538
1788177979.5995724,logic1,0.4300218891263461,0.3804688335610974,0.2905267883611785,CENTER,False,,GAZE,STOPPED,S,59,59,,27.396561634529967
1788177979.6308427,logic1,0.42847408395077713,0.3841263295087962,0.2907808396709728,CENTER,False,,GAZE,STOPPED,S,52,52,,31.979261495764618
1788177979.6631677,logic1,0.4262446902746945,0.3875058321659297,0.2912816308403029,CENTER,False,,GAZE,STOPPED,S,45,45,,30.93532375002766
1788177979.7002995,logic1,0.42186663725958684,0.3864090945150902,0.2932579616201107,CENTER,False,,GAZE,STOPPED,S,39,39,,26.93075816724882
1788177979.7313244,logic1,0.42074381702220587,0.3822299274790426,0.292653380574293,CENTER,False,,GAZE,STOPPED,S,35,35,,32.23238835906461
1788177979.762416,logic1,0.41993239028225554,0.3830542389866699,0.2920355976215014,CENTER,False,,GAZE,STOPPED,S,30,30,,32.16342806312593
1788177979.7986865,logic1,0.4164809939769173,0.38290177079192933,0.2940789257567169,CENTER,False,,GAZE,STOPPED,S,26,26,,27.56998152931974
1788177979.831081,logic1,0.4194809493220878,0.3800536412774209,0.29394541960120957,CENTER,False,,GAZE,STOPPED,S,23,23,,30.870433067388937
1788177979.8632622,logic1,0.42053324440265083,0.38483940511136655,0.2927797047746824,CENTER,False,,GAZE,STOPPED,S,20,20,,31.074212643635583
1788177979.8985958,logic1,0.420729013958135,0.37626810831116375,0.28502079919646506,CENTER,False,,GAZE,STOPPED,S,18,18,,28.30088256727214
1788177979.9304833,logic1,0.420729013958135,0.37626810831116375,0.25209219524222715,CENTER,False,,GAZE,STOPPED,S,15,15,,31.35975117384933
1788177979.963548,logic1,0.420729013958135,0.37626810831116375,0.21024564603668414,CENTER,False,,GAZE,STOPPED,S,14,14,,30.24447649264494
1788177979.999395,logic1,0.420729013958135,0.37626810831116375,0.18364943675878306,CENTER,False,,GAZE,STOPPED,S,12,12,,27.896748275701526
1788177980.0310965,logic1,0.41778081261507555,0.3592305648834214,0.17399008589821302,CENTER,False,,GAZE,STOPPED,S,10,10,,31.544184227546893
1788177980.063139,logic1,0.41442358401296897,0.3492433005883948,0.1943719532633445,CENTER,False,,GAZE,STOPPED,S,9,9,,31.208547873448616
1788177980.0988264,logic1,0.40928738251945807,0.33960731519839105,0.22816187404258528,CENTER,False,,GAZE,STOPPED,S,8,8,,28.020870494705548
1788177980.130728,logic1,0.40304873382131967,0.3393737241571563,0.2500081320308646,CENTER,False,,GAZE,STOPPED,S,7,7,,31.346392137812487
1788177980.1630735,logic1,0.40127234337759166,0.3532006848186896,0.26133340717250525,CENTER,False,,GAZE,STOPPED,S,6,6,,30.91616973914069
1788177980.1993222,logic1,0.3955540593127127,0.3594261520387193,0.26742054151323963,CENTER,False,,GAZE,STOPPED,S,5,5,,27.587752820074325
1788177980.2320433,logic1,0.39197799331031424,0.36338501622398517,0.26961913321531406,CENTER,False,,GAZE,STOPPED,S,5,5,,30.560705308025792
1788177980.2627459,logic1,0.39142083896661806,0.3665658498695371,0.2706615327778563,CENTER,False,,GAZE,STOPPED,S,4,4,,32.5705410946139
1788177980.299085,logic1,0.3900052166531936,0.36536067081694623,0.2736345864319072,CENTER,False,,GAZE,STOPPED,S,4,4,,27.518971229865826
1788177980.3307927,logic1,0.3899039291430727,0.3700471354138126,0.2745155598435145,CENTER,False,,GAZE,STOPPED,S,3,3,,31.537780183919455
1788177980.3634846,logic1,0.39377206437039425,0.3701677000170344,0.27450316776698236,CENTER,False,,GAZE,STOPPED,S,3,3,,30.588787841218213
1788177980.3988428,logic1,0.3959158293185577,0.37322650239974486,0.27646797686105834,CENTER,False,,GAZE,STOPPED,S,2,2,,28.281799546876687
1788177980.4313347,logic1,0.3972101444809345,0.3758957326027265,0.2764601559691726,CENTER,False,,GAZE,STOPPED,S,2,2,,30.777105958321105
1788177980.4631157,logic1,0.398747129137889,0.3766998192342289,0.277446172275182,CENTER,False,,GAZE,STOPPED,S,2,2,,31.464910240733378
1788177980.498864,logic1,0.39759174570015715,0.37958519816101594,0.2807065863717687,CENTER,False,,GAZE,STOPPED,S,2,2,,27.97302939156068
1788177980.5306685,logic1,0.39253139093017986,0.3768091700698574,0.2798538656984743,CENTER,False,,GAZE,STOPPED,S,1,1,,31.442973447081577
1788177980.5632148,logic1,0.39131086562408285,0.3728586447636509,0.28112979793992643,CENTER,False,,GAZE,STOPPED,S,1,1,,30.725475975942977
1788177980.5989733,logic1,0.3895673767226663,0.3684175331390729,0.2831988501336132,CENTER,False,,GAZE,STOPPED,S,1,1,,27.96817966619323
1788177980.6307209,logic1,0.3856250007420481,0.36527691901248227,0.2862492692905928,CENTER,False,,GAZE,STOPPED,S,1,1,,31.495625924563157
1788177980.6630201,logic1,0.38554806771034617,0.36484341770674744,0.2895122123433967,CENTER,False,,GAZE,STOPPED,S,1,1,,30.959299664890242
1788177980.698926,logic1,0.38451307503108867,0.36757242128925516,0.29302801073527496,CENTER,False,,GAZE,STOPPED,S,1,1,,27.85062416998672
1788177980.7311852,logic1,0.3780359647556569,0.36833573060570657,0.2942613673835253,CENTER,False,,GAZE,STOPPED,S,1,1,,30.99980044493389
1788177980.7627418,logic1,0.3790926864518133,0.36811342138475145,0.2941483378589506,CENTER,False,,GAZE,STOPPED,S,1,1,,31.688367419406017
1788177980.7991173,logic1,0.3764826047500655,0.36994466771778023,0.2947676011352417,CENTER,False,,GAZE,STOPPED,S,0,0,,27.49119414822146
1788177980.8309133,logic1,0.37494587379692407,0.36820417790160614,0.2947924309528049,CENTER,False,,GAZE,STOPPED,S,0,0,,31.45028231218554
1788177980.862447,logic1,0.3774012235133327,0.36820273922135793,0.294697107908717,CENTER,False,,GAZE,STOPPED,S,0,0,,31.712566157568425
1788177980.899417,logic1,0.37306450410848957,0.36872705411940737,0.29539800072486566,CENTER,False,,GAZE,STOPPED,S,0,0,,27.048682810434332
1788177980.930943,logic1,0.37392859031109243,0.3684225598925265,0.2965674843543055,CENTER,False,,GAZE,STOPPED,S,0,0,,31.719281263234315
1788177980.9629781,logic1,0.37093729987944346,0.36845230363746734,0.29628253380074543,CENTER,False,,GAZE,STOPPED,S,0,0,,31.216212796677656
1788177980.999572,logic1,0.3703168344383217,0.3694039557950804,0.29828948423748014,CENTER,False,,GAZE,STOPPED,S,0,0,,27.327126429292765
1788177981.0309505,logic1,0.370809736963662,0.36995732600813597,0.29833280353471214,CENTER,False,,GAZE,STOPPED,S,0,0,,31.868704981308696
1788177981.063109,logic1,0.3718912629306482,0.37159192710747413,0.2987952927236215,CENTER,False,,GAZE,STOPPED,S,0,0,,31.09586827102007
1788177981.0991008,logic1,0.3715202063671427,0.3719359709597302,0.2993311813353835,CENTER,False,,GAZE,STOPPED,S,0,0,,27.783839641764153
1788177981.1309059,logic1,0.37094081660924083,0.37049218050160054,0.2986570926126634,CENTER,False,,GAZE,STOPPED,S,0,0,,31.441559220389806
1788177981.1627865,logic1,0.3715407658732883,0.37552530060372635,0.29769184721731146,CENTER,False,,GAZE,STOPPED,S,0,0,,31.367021395933204
1788177981.1988456,logic1,0.3707703281755808,0.3750959249747014,0.2977654618575246,CENTER,False,,GAZE,STOPPED,S,0,0,,27.73240237500165
1788177981.2312574,logic1,0.3715059758314955,0.3777008709417802,0.29775107993311056,CENTER,False,,GAZE,STOPPED,S,0,0,,30.853628753438965
1788177981.2637696,logic1,0.3448903276645898,0.37969637170930615,0.2956268522154255,CENTER,False,,GAZE,STOPPED,S,0,0,,30.7701065944788
1788177981.2990956,logic1,0.2999923872040472,0.3718191167120517,0.3015022296159625,RIGHT,False,,GAZE,STOPPED,S,0,0,,28.297254812006233
1788177981.33091,logic1,0.24919927241896214,0.37537693350163753,0.31107247190947246,RIGHT,False,,GAZE,STOPPED,S,0,0,,31.432369846896336
1788177981.3626723,logic1,0.19342052245444463,0.3787608722765403,0.32083336352503145,RIGHT,False,,GAZE,STOPPED,S,0,0,,31.483096138833844
1788177981.3988428,logic1,0.16811443028353235,0.3307673034206868,0.3326244569618017,UP,False,,GAZE,STOPPED,S,0,0,,27.646852547623755
1788177981.4308126,logic1,0.1551010204738276,0.2878994790881942,0.33794244570181947,UP,False,,GAZE,STOPPED,S,0,0,,31.280467159381594
1788177981.4627655,logic1,0.14877539099389953,0.2888596036063067,0.3388129893999663,UP,False,,GAZE,STOPPED,S,0,0,,31.306149562984693
1788177981.4992228,logic1,0.15208379159435503,0.2374670784491984,0.33948856516827164,UP,False,,GAZE,STOPPED,S,0,0,,27.421279043920553
1788177981.5313866,logic1,0.14902006320748487,0.24014909602995743,0.34123116017134925,UP,False,,GAZE,STOPPED,S,0,0,,31.090566765006745
1788177981.5635316,logic1,0.15041408561732453,0.2922183527180341,0.34041293270753226,UP,False,,GAZE,STOPPED,S,0,0,,31.108783848932337
1788177981.5990033,logic1,0.15379268037095842,0.2400113665943715,0.33976832659271894,UP,False,,GAZE,STOPPED,S,0,0,,28.19131603710176
1788177981.6313953,logic1,0.14855087234333486,0.24126079504829676,0.33929895986411085,UP,False,,GAZE,STOPPED,S,0,0,,30.871796381622527
1788177981.6625228,logic1,0.1424993181230475,0.23931683821361643,0.33566074355674164,UP,False,,GAZE,STOPPED,S,0,0,,32.12598232203312
1788177981.6989083,logic1,0.14079221459909733,0.1864924065716288,0.33497790000674266,UP,False,,GAZE,STOPPED,S,0,0,,27.48326813574204
1788177981.7311776,logic1,0.13322962020235482,0.18813075208064858,0.33521728889115526,UP,False,,GAZE,STOPPED,S,0,0,,30.99018050434821
1788177981.7629955,logic1,0.12963973546776072,0.2369507637218219,0.3334363700075333,UP,False,,GAZE,STOPPED,S,0,0,,31.429778943424502
1788177981.798388,logic1,0.13621839968017746,0.23665908318041667,0.33535189179496216,UP,False,,GAZE,STOPPED,S,0,0,,28.252842593091557
1788177981.8307362,logic1,0.1334280976411663,0.2397082154956269,0.3368832286528546,UP,False,,GAZE,STOPPED,S,0,0,,30.913891079549224
1788177981.863033,logic1,0.1331709212589463,0.2885635356580873,0.3351467731719831,UP,False,,GAZE,STOPPED,S,0,0,,30.963184975749478
1788177981.8999352,logic1,0.13755887245819856,0.2375325259352986,0.335480105644119,UP,False,,GAZE,STOPPED,S,0,0,,27.099013419306488
1788177981.931349,logic1,0.13255103233898785,0.23921444711797052,0.33595105934117464,UP,False,,GAZE,STOPPED,S,0,0,,31.832666722322994
1788177981.9630868,logic1,0.1320301303538515,0.23603239085269256,0.3338445884564308,UP,False,,GAZE,STOPPED,S,0,0,,31.5084023828662
1788177981.9990063,logic1,0.13619826323407544,0.18546905225429516,0.33283133513644847,UP,False,,GAZE,STOPPED,S,0,0,,27.839717507749288
1788177982.0310268,logic1,0.1333782048656591,0.18773318965631822,0.3342582711315709,UP,False,,GAZE,STOPPED,S,0,0,,31.23039120787479
1788177982.0628731,logic1,0.13374248721366128,0.18667318552681642,0.3316534616012114,UP,False,,GAZE,STOPPED,S,0,0,,31.400836995500587
1788177982.0989332,logic1,0.13836082954402087,0.18580437057886692,0.3320156233227735,UP,False,,GAZE,STOPPED,S,0,0,,27.73130223209563
1788177982.1308897,logic1,0.13538851067635405,0.1882585916496244,0.3355849022186058,UP,False,,GAZE,STOPPED,S,0,0,,31.292602678404894
1788177982.1630528,logic1,0.1374985310582379,0.1871780622829556,0.3338436832447247,UP,False,,GAZE,STOPPED,S,0,0,,31.091488636195162
1788177982.1988435,logic1,0.1415206986633951,0.24014746173779636,0.333929913010787,UP,False,,GAZE,STOPPED,S,0,0,,27.94004716289852
1788177982.2311926,logic1,0.13857263814506926,0.24416125514113088,0.33769302552836794,UP,False,,GAZE,STOPPED,S,0,0,,30.912979709760393
1788177982.2633762,logic1,0.13767864662364387,0.29255675077455834,0.33517551155016834,UP,False,,GAZE,STOPPED,S,0,0,,31.072140814602996
1788177982.2987158,logic1,0.1392255394807165,0.2921971649002181,0.33587055268532034,UP,False,,GAZE,STOPPED,S,0,0,,28.296300294141457
1788177982.3308468,logic1,0.13772497407325449,0.24176488761315074,0.3381295346134806,UP,False,,GAZE,STOPPED,S,0,0,,31.12355765306501
1788177982.3633428,logic1,0.13405132818262247,0.29063012562404583,0.33513060075769496,UP,False,,GAZE,STOPPED,S,0,0,,30.772589875275127
1788177982.3989563,logic1,0.13709593990283347,0.2395612914581508,0.33398437666130076,UP,False,,GAZE,STOPPED,S,0,0,,28.07883461868038
1788177982.430932,logic1,0.13315809506804044,0.2427700349480938,0.3343117426356212,UP,False,,GAZE,STOPPED,S,0,0,,31.274402928873414
1788177982.4629202,logic1,0.12911377164599805,0.2917819077861164,0.3331833156251121,UP,False,,GAZE,STOPPED,S,0,0,,31.26111649400015
1788177982.499609,logic1,0.1321115424967882,0.2906370284637171,0.32988342356390943,UP,False,,GAZE,STOPPED,S,0,0,,27.256270957344494
1788177982.5312552,logic1,0.129144598706094,0.29332902039761505,0.3316992256923096,UP,False,,GAZE,STOPPED,S,0,0,,31.59955700541689
1788177982.5628986,logic1,0.12802326324241434,0.3443336594480705,0.330316220999942,RIGHT,False,,GAZE,STOPPED,S,0,0,,31.602414086693138
1788177982.5997458,logic1,0.13021954039479638,0.3437401283301398,0.32822136886339714,RIGHT,False,,GAZE,STOPPED,S,0,0,,27.138991517253427
1788177982.629857,logic1,0.13032788739643303,0.29657622027059927,0.33122972822340957,UP,False,,GAZE,STOPPED,S,0,0,,33.209320738881544
1788177982.6626246,logic1,0.13058881593623017,0.3445036311016771,0.32945733886669604,RIGHT,False,,GAZE,STOPPED,S,0,0,,30.518900118603245
1788177982.6986716,logic1,0.13265415598402547,0.34369835908144264,0.32846420352199057,RIGHT,False,,GAZE,STOPPED,S,0,0,,27.741206661640014
1788177982.7310202,logic1,0.13331740968805142,0.2951645350660834,0.3312337144681251,UP,False,,GAZE,STOPPED,S,0,0,,30.913663232064152
1788177982.762857,logic1,0.13289559373722082,0.34373258221957875,0.33073936635376977,RIGHT,False,,GAZE,STOPPED,S,0,0,,31.409537502995448
1788177982.7990563,logic1,0.13177875571918785,0.34688633285360193,0.33159128696748236,RIGHT,False,,GAZE,STOPPED,S,0,0,,27.625911411164168
1788177982.8305182,logic1,0.13191479685139074,0.29825559864827667,0.3352290467671806,UP,False,,GAZE,STOPPED,S,0,0,,31.783457735005495
1788177982.8626857,logic1,0.13346915672594134,0.34779494131806044,0.3344952573652709,RIGHT,False,,GAZE,STOPPED,S,0,0,,31.08687982686293
1788177982.9003067,logic1,0.13392838541329632,0.3490856802906713,0.3332084744120985,RIGHT,False,,GAZE,STOPPED,S,0,0,,26.582063161096922
1788177982.9319203,logic1,0.13353076233083888,0.2988272675825268,0.3350664640981307,UP,False,,GAZE,STOPPED,S,0,0,,31.630297728575307
1788177982.9627888,logic1,0.1325140128174787,0.3481203811210728,0.3339861903072987,RIGHT,False,,GAZE,STOPPED,S,0,0,,32.39445148135562
1788177982.998962,logic1,0.13044453854362142,0.34720510635907137,0.33186760525186665,RIGHT,False,,GAZE,STOPPED,S,0,0,,27.645759181628833
1788177983.030041,logic1,0.1312063290192616,0.2972059091920071,0.33439683110878937,UP,False,,GAZE,STOPPED,S,0,0,,32.17576482862316
1788177983.0614262,logic1,0.13331408517581805,0.34468555619919033,0.3328986954401074,RIGHT,False,,GAZE,STOPPED,S,0,0,,31.862410550145096
1788177983.0995207,logic1,0.13343908487721276,0.34449824240456656,0.33201824323810764,RIGHT,False,,GAZE,STOPPED,S,0,0,,26.25049442984103
1788177983.1315148,logic1,0.13362183018989465,0.2959849720005079,0.3344018801631263,UP,False,,GAZE,STOPPED,S,0,0,,31.25599141528556
1788177983.1629896,logic1,0.13391537496540287,0.34666370335642066,0.3340490480931517,RIGHT,False,,GAZE,STOPPED,S,0,0,,31.77069793513006
1788177983.1995344,logic1,0.13452419675772948,0.34880040284898384,0.33385460637785513,RIGHT,False,,GAZE,STOPPED,S,0,0,,27.36438842349748
1788177983.2314875,logic1,0.1366706521715147,0.29877483413742634,0.33550760393322887,UP,False,,GAZE,STOPPED,S,0,0,,31.295638029577233
1788177983.263024,logic1,0.13556561473717066,0.29795335897085706,0.3352667194159128,UP,False,,GAZE,STOPPED,S,0,0,,31.708730230729685
1788177983.2989004,logic1,0.13594050255627618,0.2978843329170719,0.3336291778134654,UP,False,,GAZE,STOPPED,S,0,0,,27.873945000465195
1788177983.3314838,logic1,0.13565059283069805,0.2481036438491243,0.3355675090186635,UP,False,,GAZE,STOPPED,S,0,0,,30.68995441474533
1788177983.362848,logic1,0.13337128390699532,0.24594432825042348,0.33445678681708824,UP,False,,GAZE,STOPPED,S,0,0,,31.88372481946028
1788177983.3987017,logic1,0.13330648673863024,0.2982845772970283,0.33347713696943665,UP,False,,GAZE,STOPPED,S,0,0,,27.891183061689976
1788177983.4311862,logic1,0.13327999113979078,0.2474346151028954,0.334956981799454,UP,False,,GAZE,STOPPED,S,0,0,,30.78523824902381
1788177983.462311,logic1,0.13256363196156473,0.295628637354671,0.3324903053533757,UP,False,,GAZE,STOPPED,S,0,0,,32.12721270288695
1788177983.4995594,logic1,0.13235886914571418,0.34729143920012995,0.33052401398241504,RIGHT,False,,GAZE,STOPPED,S,0,0,,26.84681017211693
1788177983.5310962,logic1,0.13139180611307294,0.29556244938100074,0.33253110754678283,UP,False,,GAZE,STOPPED,S,0,0,,31.70920967083478
1788177983.5625956,logic1,0.13081812568407986,0.3440181428146931,0.3307707611568576,RIGHT,False,,GAZE,STOPPED,S,0,0,,31.746650721324876
1788177983.5995402,logic1,0.1301466153884553,0.34660740321026007,0.330477414895095,RIGHT,False,,GAZE,STOPPED,S,0,0,,27.067709543354244
1788177983.63156,logic1,0.13148365101705736,0.2964147803893631,0.33324454433318196,UP,False,,GAZE,STOPPED,S,0,0,,31.230158671064682
1788177983.663428,logic1,0.13090539093268794,0.346444520651909,0.33183747212517756,RIGHT,False,,GAZE,STOPPED,S,0,0,,31.379928476305906
1788177983.6991014,logic1,0.12990387035019277,0.3486872800385301,0.3326187786317154,RIGHT,False,,GAZE,STOPPED,S,0,0,,28.03210693400167
1788177983.7310781,logic1,0.13036697077955092,0.29875199252281986,0.3346434626461686,UP,False,,GAZE,STOPPED,S,0,0,,31.272537484808495
1788177983.7629237,logic1,0.1310293880025174,0.2993785462263261,0.33317868619051594,UP,False,,GAZE,STOPPED,S,0,0,,31.401777358518817
1788177983.7988443,logic1,0.13385019844676455,0.24807464824565287,0.332088557421305,UP,False,,GAZE,STOPPED,S,0,0,,27.839163159920883
1788177983.8308363,logic1,0.13410141575984627,0.1981817885794516,0.33309681572387007,UP,False,,GAZE,STOPPED,S,0,0,,31.257388997361872
1788177983.862866,logic1,0.13392308338787495,0.19655107845947362,0.3319930677575227,UP,False,,GAZE,STOPPED,S,0,0,,31.221557242816733
1788177983.8991807,logic1,0.13288241564659353,0.2455409652160535,0.33213198647136155,UP,False,,GAZE,STOPPED,S,0,0,,27.537038374421428
1788177983.9320397,logic1,0.13355312904266753,0.24628573082114602,0.33443326679867746,UP,False,,GAZE,STOPPED,S,0,0,,30.432761097647692
1788177983.9633615,logic1,0.1341088048556302,0.293023919276859,0.33333448377028124,UP,False,,GAZE,STOPPED,S,0,0,,31.926925067746552
1788177983.9992907,logic1,0.13527662302525637,0.34426449526203373,0.33343040641800115,RIGHT,False,,GAZE,STOPPED,S,0,0,,27.831773964512745
1788177984.0320995,logic1,0.13493973968949358,0.2949349741289107,0.3353140022341492,UP,False,,GAZE,STOPPED,S,0,0,,30.4803098679573
1788177984.0631018,logic1,0.1360710671377782,0.29669700839057306,0.3348779248763868,UP,False,,GAZE,STOPPED,S,0,0,,32.25593700012305
1788177984.0990975,logic1,0.13452617366235076,0.298247993073883,0.3346897362052599,UP,False,,GAZE,STOPPED,S,0,0,,27.780711224739864
1788177984.1309097,logic1,0.13292658296437665,0.2490486648298575,0.33543822348985514,UP,False,,GAZE,STOPPED,S,0,0,,31.434489994753804
1788177984.1635816,logic1,0.13439779781898326,0.24889547712807122,0.33401606479844753,UP,False,,GAZE,STOPPED,S,0,0,,30.607314866166554
1788177984.1991127,logic1,0.13257568858834168,0.29800348809372934,0.333108648841679,UP,False,,GAZE,STOPPED,S,0,0,,28.144213542330686
1788177984.2318077,logic1,0.13354000664947965,0.2995315820875941,0.3340952883942414,UP,False,,GAZE,STOPPED,S,0,0,,30.58611109085473
1788177984.2628973,logic1,0.13612445916968566,0.29776756296871765,0.33413295997784925,UP,False,,GAZE,STOPPED,S,0,0,,32.16515464075645
1788177984.29877,logic1,0.1346465063012022,0.3463226243065892,0.33351733511089193,RIGHT,False,,GAZE,STOPPED,S,0,0,,27.887288732862594
1788177984.3315887,logic1,0.13651184030755975,0.29551824374158464,0.33566339893302055,UP,False,,GAZE,STOPPED,S,0,0,,30.456848663524866
1788177984.362912,logic1,0.13650627080276528,0.293941736332918,0.33481308604427185,UP,False,,GAZE,STOPPED,S,0,0,,31.925709979676807
1788177984.3987894,logic1,0.13401038209734836,0.3447415559768273,0.3333995528956893,RIGHT,False,,GAZE,STOPPED,S,0,0,,27.87246315173908
1788177984.431202,logic1,0.13511938047284575,0.295602726353694,0.3341385054664543,UP,False,,GAZE,STOPPED,S,0,0,,30.85204010327402
1788177984.4633296,logic1,0.1348792935699119,0.34294374314411236,0.3318025945429024,RIGHT,False,,GAZE,STOPPED,S,0,0,,31.125636344746724
1788177984.4990191,logic1,0.13630391720266094,0.3446095977284688,0.331553239721167,RIGHT,False,,GAZE,STOPPED,S,0,0,,28.01974734619984
1788177984.531453,logic1,0.1363218940581145,0.2940609603695501,0.3344246757440877,UP,False,,GAZE,STOPPED,S,0,0,,30.832082448157486
1788177984.5633261,logic1,0.13592633052497743,0.3420264338704324,0.3346604223312789,RIGHT,False,,GAZE,STOPPED,S,0,0,,31.37476436970767
1788177984.599668,logic1,0.1341367395339483,0.3471418413444666,0.33520582370261187,RIGHT,False,,GAZE,STOPPED,S,0,0,,27.515902172772122
1788177984.6310577,logic1,0.13554812814040615,0.295310175648254,0.33692605624947514,UP,False,,GAZE,STOPPED,S,0,0,,31.85781234571652
1788177984.6625347,logic1,0.1362505483783212,0.34350600582528934,0.33445280013263556,RIGHT,False,,GAZE,STOPPED,S,0,0,,31.769254075016665
1788177984.6971922,logic1,0.13605512307270504,0.3462181641086884,0.3335329886372168,RIGHT,False,,GAZE,STOPPED,S,0,0,,28.853206023375318
1788177984.730404,logic1,0.13775880962404974,0.29392998832071093,0.33480750251032626,UP,False,,GAZE,STOPPED,S,0,0,,30.111160566858587
1788177984.7627501,logic1,0.1359769566294634,0.343496804812098,0.3342783197317267,RIGHT,False,,GAZE,STOPPED,S,0,0,,30.914574642156936
1788177984.7990022,logic1,0.1359667441768999,0.3445540026976255,0.33494917697563065,RIGHT,False,,GAZE,STOPPED,S,0,0,,27.58539408607808
1788177984.8305407,logic1,0.13823141246588477,0.2944083447989473,0.33712214800138984,UP,False,,GAZE,STOPPED,S,0,0,,31.707052304528926
1788177984.8629863,logic1,0.13828441724668505,0.29602637095896617,0.33731694415385616,UP,False,,GAZE,STOPPED,S,0,0,,30.82052789371583
1788177984.8992074,logic1,0.13543714322427164,0.2989592783380902,0.33638552024503876,UP,False,,GAZE,STOPPED,S,0,0,,27.60845439406007
1788177984.9319363,logic1,0.1386151906561049,0.24965917996217807,0.3368177522466545,UP,False,,GAZE,STOPPED,S,0,0,,30.55380401526851
1788177984.9631326,logic1,0.13626748573460373,0.2993446834814616,0.3358798610680511,UP,False,,GAZE,STOPPED,S,0,0,,32.055026099184545
1788177984.9988477,logic1,0.13602476675660133,0.34874408020092873,0.33433619337916676,RIGHT,False,,GAZE,STOPPED,S,0,0,,27.999172235165318
1788177985.0308306,logic1,0.14076884045654842,0.2963600453046978,0.33531890195272174,UP,False,,GAZE,STOPPED,S,0,0,,31.266010182707287
1788177985.062892,logic1,0.13738592918159098,0.3458702792175594,0.33551829214052376,RIGHT,False,,GAZE,STOPPED,S,0,0,,31.190909631744898
1788177985.098575,logic1,0.14127944299007528,0.3468537483880844,0.33424927270515836,RIGHT,False,,GAZE,STOPPED,S,0,0,,28.02424048053345
1788177985.1307948,logic1,0.1427449399635751,0.29514666861365535,0.33614590495862157,UP,False,,GAZE,STOPPED,S,0,0,,31.036732277638006
1788177985.1629908,logic1,0.1417236496737916,0.29770025874146155,0.3374902395682069,UP,False,,GAZE,STOPPED,S,0,0,,31.06017565426028
1788177985.199097,logic1,0.14336277057988406,0.3001956261893499,0.3376040770566332,UP,False,,GAZE,STOPPED,S,0,0,,27.69687524762936
1788177985.231516,logic1,0.14383185607717994,0.24831183694810244,0.3403236269189754,UP,False,,GAZE,STOPPED,S,0,0,,30.84523345516587
1788177985.2632854,logic1,0.1422064206610257,0.25156752706625923,0.34098399815457714,UP,False,,GAZE,STOPPED,S,0,0,,31.476716872668874
1788177985.2990608,logic1,0.14254882036118732,0.30135946699783567,0.33912077231058135,UP,False,,GAZE,STOPPED,S,0,0,,27.952336523338577
1788177985.330916,logic1,0.14346741080546305,0.2484492550215849,0.3393564034135745,UP,False,,GAZE,STOPPED,S,0,0,,31.39237626207815
1788177985.36299,logic1,0.14265884095900988,0.2504424998496778,0.3400342726803576,UP,False,,GAZE,STOPPED,S,0,0,,31.1779257849667
1788177985.3988743,logic1,0.14237276528637494,0.3003852944439678,0.3373397303954819,UP,False,,GAZE,STOPPED,S,0,0,,27.86690762198363
1788177985.431154,logic1,0.14271358687232905,0.24699929584604735,0.3386477776147104,UP,False,,GAZE,STOPPED,S,0,0,,30.97896478373907
1788177985.462888,logic1,0.14348097104552937,0.2491301494844929,0.33833976208074695,UP,False,,GAZE,STOPPED,S,0,0,,31.512189991059422
1788177985.499314,logic1,0.14225376629478276,0.30046910286090933,0.3359224406257512,UP,False,,GAZE,STOPPED,S,0,0,,27.45286748438952
1788177985.5306442,logic1,0.14380028609876605,0.2477556239375834,0.3373233452485873,UP,False,,GAZE,STOPPED,S,0,0,,31.917692717449206
1788177985.562525,logic1,0.1447389755248831,0.2515292818120989,0.33735004660090484,UP,False,,GAZE,STOPPED,S,0,0,,31.366552247623748
1788177985.599072,logic1,0.1437149458823443,0.30079984817725247,0.33666467451915033,UP,False,,GAZE,STOPPED,S,0,0,,27.363317284482196
1788177985.6311228,logic1,0.1443086141280252,0.2461813274071205,0.3365697968751488,UP,False,,GAZE,STOPPED,S,0,0,,31.199494179343176
1788177985.662842,logic1,0.14443930075018369,0.24642313751377204,0.3364725283541375,UP,False,,GAZE,STOPPED,S,0,0,,31.52663860493085
1788177985.6989753,logic1,0.14405919029023484,0.2956579287277781,0.33635143137134826,UP,False,,GAZE,STOPPED,S,0,0,,27.67512784137772
1788177985.7317436,logic1,0.1441083610270821,0.29484495925233783,0.3367832814198419,UP,False,,GAZE,STOPPED,S,0,0,,30.517789839782303
1788177985.763502,logic1,0.1432388114706824,0.29857124819851844,0.33712213747157743,UP,False,,GAZE,STOPPED,S,0,0,,31.487586802297212
1788177985.7988634,logic1,0.1416878091192745,0.3506203281756771,0.3361010656099861,RIGHT,False,,GAZE,STOPPED,S,0,0,,28.27893931323701
1788177985.8310952,logic1,0.14274523856701352,0.29752593165776176,0.3358313723121146,UP,False,,GAZE,STOPPED,S,0,0,,31.025482842538963
1788177985.8632367,logic1,0.1447521415961447,0.24958198017603725,0.3371031778359211,UP,False,,GAZE,STOPPED,S,0,0,,31.112475984897376
1788177985.8991954,logic1,0.1433678365994533,0.2992915131656507,0.33700262915984747,UP,False,,GAZE,STOPPED,S,0,0,,27.81018306712019
1788177985.93145,logic1,0.1448297066036653,0.2966461109406975,0.33654947178968947,UP,False,,GAZE,STOPPED,S,0,0,,31.002779256105494
1788177985.963283,logic1,0.14466097836218686,0.30038480532680056,0.33740173688600306,UP,False,,GAZE,STOPPED,S,0,0,,31.41447777403288
1788177985.9992304,logic1,0.14204966411929187,0.3494685662921219,0.3360271816627509,RIGHT,False,,GAZE,STOPPED,S,0,0,,27.81792979035264
1788177986.0311053,logic1,0.14591725923562832,0.29726261240293894,0.33633488335488276,UP,False,,GAZE,STOPPED,S,0,0,,31.3731216013045
1788177986.0626683,logic1,0.144891166218685,0.2507536973472838,0.33900647169549364,UP,False,,GAZE,STOPPED,S,0,0,,31.682383333585122
1788177986.0988898,logic1,0.1435590132850145,0.30227603547954063,0.3383200245076361,UP,False,,GAZE,STOPPED,S,0,0,,27.60809094080554
1788177986.1309924,logic1,0.14447615216900322,0.3029109106236333,0.3386074947122711,UP,False,,GAZE,STOPPED,S,0,0,,31.15013962331412
1788177986.1633472,logic1,0.1482552215564914,0.3615242196985689,0.3414199223917467,RIGHT,False,,GAZE,STOPPED,S,0,0,,30.90796813629765
1788177986.1994028,logic1,0.15621599154232585,0.4086736221663446,0.33776400504577264,RIGHT,False,,GAZE,STOPPED,S,0,0,,27.73441953038729
1788177986.2310991,logic1,0.16589326662850745,0.4080041307118135,0.3375687560448615,RIGHT,False,,GAZE,STOPPED,S,0,0,,31.54892964060596
1788177986.263078,logic1,0.17502847015104833,0.41018996512034267,0.3382430048893008,RIGHT,False,,GAZE,STOPPED,S,0,0,,31.270672263268942
1788177986.2991364,logic1,0.17805629203677406,0.404641448631175,0.3350642568821418,RIGHT,False,,GAZE,STOPPED,S,0,0,,27.7327691087014
1788177986.3308983,logic1,0.18034013404801436,0.4097204148939099,0.33810356370348216,RIGHT,False,,GAZE,STOPPED,S,0,0,,31.484750444763055
1788177986.3634017,logic1,0.17953281970819854,0.4146381330343335,0.3394986826580636,RIGHT,False,,GAZE,STOPPED,S,0,0,,30.765818235164673
1788177986.3988268,logic1,0.17810937102988272,0.4158362454966356,0.33814699896151856,RIGHT,False,,GAZE,STOPPED,S,0,0,,28.228313759800788
1788177986.43088,logic1,0.1799238383306579,0.4178789081413667,0.3379218716843427,RIGHT,False,,GAZE,STOPPED,S,0,0,,31.198101769549467
1788177986.463164,logic1,0.18255721051971763,0.4217401537432385,0.3395309648379261,RIGHT,False,,GAZE,STOPPED,S,0,0,,30.974618014784618
1788177986.4987438,logic1,0.18599198248943166,0.42116991959379774,0.3376479154523331,RIGHT,False,,GAZE,STOPPED,S,0,0,,28.10687074054963
1788177986.5311568,logic1,0.19090299954106693,0.42022626368169935,0.3374790433792589,RIGHT,False,,GAZE,STOPPED,S,0,0,,30.85204010327402
1788177986.562691,logic1,0.19191272629636288,0.4244219127210702,0.3399400326514893,RIGHT,False,,GAZE,STOPPED,S,0,0,,31.711127576247865
1788177986.598943,logic1,0.1893933209014164,0.420323660722439,0.33651621562436185,RIGHT,False,,GAZE,STOPPED,S,0,0,,27.58448698808968
1788177986.631062,logic1,0.18972106711882714,0.41623688507877793,0.3368217475722068,RIGHT,False,,GAZE,STOPPED,S,0,0,,31.133953888864145
1788177986.6629407,logic1,0.1867582698771797,0.4193527986308646,0.3388660100902984,RIGHT,False,,GAZE,STOPPED,S,0,0,,31.36960196251477
1788177986.6984293,logic1,0.18536497725539397,0.4161263212344076,0.3362979628752671,RIGHT,False,,GAZE,STOPPED,S,0,0,,28.177301248202937
1788177986.7299168,logic1,0.18760352923018725,0.4168903002879919,0.33605153688038913,RIGHT,False,,GAZE,STOPPED,S,0,0,,31.75818883925191
1788177986.7625856,logic1,0.181601667902906,0.42093875198520364,0.3384801921299436,RIGHT,False,,GAZE,STOPPED,S,0,0,,30.610888921325355
1788177986.7987473,logic1,0.17543655631696403,0.4190829307321167,0.33669398703092457,RIGHT,False,,GAZE,STOPPED,S,0,0,,27.653779207764124
1788177986.8307335,logic1,0.17091606898000872,0.4178340257048585,0.33612066744315555,RIGHT,False,,GAZE,STOPPED,S,0,0,,31.263679663682645
1788177986.863797,logic1,0.16355593017142525,0.4182643684017935,0.33974581677665505,RIGHT,False,,GAZE,STOPPED,S,0,0,,30.245348870749083
1788177986.899149,logic1,0.16118154139113694,0.4172750424968234,0.33882892604953063,RIGHT,False,,GAZE,STOPPED,S,0,0,,28.286758656037982
1788177986.9296372,logic1,0.1639211262429543,0.414259792110742,0.3384597744157585,RIGHT,False,,GAZE,STOPPED,S,0,0,,32.799774781819885
1788177986.9626002,logic1,0.16321226137469236,0.41666207055923643,0.34096223494548406,RIGHT,False,,GAZE,STOPPED,S,0,0,,30.33613238729649
1788177986.9997387,logic1,0.16586713533937442,0.4194503096818689,0.33875808894048354,RIGHT,False,,GAZE,STOPPED,S,0,0,,26.926954534365652
1788177987.0311892,logic1,0.16952525420374778,0.41549472090397166,0.33580753595795804,RIGHT,False,,GAZE,STOPPED,S,0,0,,31.79502262786449
1788177987.062748,logic1,0.16887948136650263,0.42163794930611365,0.3392809019330556,RIGHT,False,,GAZE,STOPPED,S,0,0,,31.686452266013944
1788177987.0988388,logic1,0.17139799048252483,0.42223202911385727,0.3378515903224322,RIGHT,False,,GAZE,STOPPED,S,0,0,,27.708219377171773
1788177987.1311512,logic1,0.17093756257850312,0.41910647331080647,0.33674085719635216,RIGHT,False,,GAZE,STOPPED,S,0,0,,30.94833463689624
1788177987.1631627,logic1,0.1691128978787144,0.4258016936358644,0.3400860495560156,RIGHT,False,,GAZE,STOPPED,S,0,0,,31.23829952036226
1788177987.1990836,logic1,0.17067330750940063,0.4249336343888831,0.33777860634385043,RIGHT,False,,GAZE,STOPPED,S,0,0,,27.838978382217267
1788177987.230552,logic1,0.1717827585469512,0.4209674994273458,0.33612037972033515,RIGHT,False,,GAZE,STOPPED,S,0,0,,31.778159970300106
1788177987.2631533,logic1,0.16983467520914947,0.42358041519302364,0.3385393242540592,RIGHT,False,,GAZE,STOPPED,S,0,0,,30.673570279362295
1788177987.299295,logic1,0.17152932898223808,0.42182570569698313,0.33663925788062904,RIGHT,False,,GAZE,STOPPED,S,0,0,,27.6689205681151
1788177987.3308704,logic1,0.1721848846850898,0.4193301396811418,0.335398497539261,RIGHT,False,,GAZE,STOPPED,S,0,0,,31.67042193965387
1788177987.362905,logic1,0.16946065982860584,0.42337714781566127,0.33784794696393944,RIGHT,False,,GAZE,STOPPED,S,0,0,,31.215980470959483
1788177987.3989,logic1,0.17197423141437537,0.4229521608714709,0.3362651080867043,RIGHT,False,,GAZE,STOPPED,S,0,0,,27.782551384721366
1788177987.4315362,logic1,0.17117851006543233,0.421074936038356,0.3356494150184864,RIGHT,False,,GAZE,STOPPED,S,0,0,,30.63973526382304
1788177987.4630206,logic1,0.16999896044947346,0.4233559440428962,0.33747767574844495,RIGHT,False,,GAZE,STOPPED,S,0,0,,31.763239403554742
1788177987.4989722,logic1,0.17163339091056734,0.42407909977232505,0.3372918344272419,RIGHT,False,,GAZE,STOPPED,S,0,0,,27.814055889335403
1788177987.5306535,logic1,0.17170771624631337,0.42139605638734945,0.33586927955659723,RIGHT,False,,GAZE,STOPPED,S,0,0,,31.56483718270005
1788177987.5636032,logic1,0.17136077528998422,0.42388007864165334,0.33812018012450396,RIGHT,False,,GAZE,STOPPED,S,0,0,,30.348863628141213
1788177987.5988538,logic1,0.1704979081863535,0.4242991150408549,0.33785937492769924,RIGHT,False,,GAZE,STOPPED,S,0,0,,28.368068284038877
1788177987.6314745,logic1,0.1700150672804528,0.421100409647857,0.33609424705919844,RIGHT,False,,GAZE,STOPPED,S,0,0,,30.655411084555734
1788177987.6630816,logic1,0.16829612875221323,0.42405306735576864,0.33879496257020214,RIGHT,False,,GAZE,STOPPED,S,0,0,,31.638648552829093
1788177987.699187,logic1,0.16739508603983513,0.4217098603513552,0.33812620968270013,RIGHT,False,,GAZE,STOPPED,S,0,0,,27.69705814375805
1788177987.7313364,logic1,0.17303605814474649,0.41978709994009944,0.33543281025687033,RIGHT,False,,GAZE,STOPPED,S,0,0,,31.104400575471278
1788177987.7632027,logic1,0.17511550634175138,0.422395354014637,0.338474043137415,RIGHT,False,,GAZE,STOPPED,S,0,0,,31.381571957652163
1788177987.7990205,logic1,0.17856403366863022,0.4197864626812343,0.33736938688288415,RIGHT,False,,GAZE,STOPPED,S,0,0,,27.918659681960687
1788177987.830584,logic1,0.1828390339300165,0.4205922726249111,0.3353873692027866,RIGHT,False,,GAZE,STOPPED,S,0,0,,31.682144017161807
1788177987.8627741,logic1,0.18015377962053952,0.4203714283363729,0.339516575533369,RIGHT,False,,GAZE,STOPPED,S,0,0,,31.065926984808872
1788177987.9001994,logic1,0.17944202098638334,0.42116181555991894,0.336885593083576,RIGHT,False,,GAZE,STOPPED,S,0,0,,26.719737026513943
1788177987.9315143,logic1,0.18091099881967226,0.4224511172682702,0.33513758562352414,RIGHT,False,,GAZE,STOPPED,S,0,0,,31.93324501697806
1788177987.9641051,logic1,0.1904902706952321,0.4108959669638197,0.3251435010576357,RIGHT,False,,GAZE,STOPPED,S,0,0,,30.683668020044625
1788177987.9983885,logic1,0.1904902706952321,0.4108959669638197,0.28127935629884776,RIGHT,False,,GAZE,STOPPED,S,0,0,,29.16883875544181
1788177988.0310428,logic1,0.1904902706952321,0.4108959669638197,0.23058184072589966,RIGHT,False,,GAZE,STOPPED,S,0,0,,30.62340469028358
1788177988.0603514,logic1,0.1904902706952321,0.4108959669638197,0.1946908290244772,RIGHT,False,,GAZE,STOPPED,S,0,0,,34.11861745829029
1788177988.098485,logic1,0.20038544566089728,0.3957349345437928,0.17338477735832894,RIGHT,False,,GAZE,STOPPED,S,0,0,,26.224070125858912
1788177988.1303642,logic1,0.2077220918527349,0.3758866746890365,0.18978867453076886,RIGHT,False,,GAZE,STOPPED,S,0,0,,31.36866352554035
1788177988.1622775,logic1,0.2132646888079486,0.35862077765341194,0.22142565867173772,RIGHT,False,,GAZE,STOPPED,S,0,0,,31.33491714853497
1788177988.19836,logic1,0.2073208482144542,0.357803450319259,0.2424681296537054,RIGHT,False,,GAZE,STOPPED,S,0,0,,27.714261171790856
1788177988.23115,logic1,0.20404584026711675,0.3598058192312961,0.2609369856807751,RIGHT,False,,GAZE,STOPPED,S,0,0,,30.497596870478226
1788177988.2629442,logic1,0.20215603331304416,0.3634356445671447,0.2761111189605505,RIGHT,False,,GAZE,STOPPED,S,0,0,,31.451933171360867
1788177988.298869,logic1,0.19813843027923095,0.3677302127421118,0.28593253290434417,RIGHT,False,,GAZE,STOPPED,S,0,0,,27.8367612410818
1788177988.3306005,logic1,0.19786879685348968,0.36989898514136843,0.2934965386189768,RIGHT,False,,GAZE,STOPPED,S,0,0,,31.514084136656322
1788177988.3644948,logic1,0.19477122487521578,0.37551271376259726,0.30143235053891837,RIGHT,False,,GAZE,STOPPED,S,0,0,,29.50265532788903
1788177988.397043,logic1,0.193505733460963,0.3820991235332569,0.30548193850060823,RIGHT,False,,GAZE,STOPPED,S,0,0,,30.725250897370156
1788177988.4309134,logic1,0.1925087048907963,0.3861072181245241,0.30776839344190654,RIGHT,False,,GAZE,STOPPED,S,0,0,,29.522798620398394
1788177988.462994,logic1,0.19271131080151005,0.38847000749831034,0.3118597347292891,RIGHT,False,,GAZE,STOPPED,S,0,0,,31.171437914325633
1788177988.4984994,logic1,0.1901876801454698,0.3900169469691929,0.31335643980098443,RIGHT,False,,GAZE,STOPPED,S,0,0,,28.16500245099685
1788177988.5310576,logic1,0.1898406980998836,0.39258492781002874,0.31297992850653994,RIGHT,False,,GAZE,STOPPED,S,0,0,,30.714226085428276
1788177988.5630739,logic1,0.1902401023101835,0.39756532503521524,0.31700317657366234,RIGHT,False,,GAZE,STOPPED,S,0,0,,31.233879675620127
1788177988.5991902,logic1,0.18885054847356714,0.3990894937324697,0.3176309363158981,RIGHT,False,,GAZE,STOPPED,S,0,0,,27.68846463606237
1788177988.630831,logic1,0.19052580999016372,0.3999002305742655,0.3171924755919139,RIGHT,False,,GAZE,STOPPED,S,0,0,,31.605509841155015
1788177988.663181,logic1,0.19061014612867339,0.39939810126225017,0.32000701382208524,RIGHT,False,,GAZE,STOPPED,S,0,0,,30.911384941925593
1788177988.7008474,logic1,0.1876927039617316,0.3992897379582879,0.321114825970492,RIGHT,False,,GAZE,STOPPED,S,0,0,,26.548748298889134
1788177988.7307951,logic1,0.18674763395208077,0.3991855439214982,0.319696884181579,RIGHT,False,,GAZE,STOPPED,S,0,0,,33.3914815699387
1788177988.7627144,logic1,0.18646002344312743,0.4001540702611164,0.3221260702697801,RIGHT,False,,GAZE,STOPPED,S,0,0,,31.329533825825198
1788177988.798917,logic1,0.18461852517986582,0.4026614768178171,0.3227644992855701,RIGHT,False,,GAZE,STOPPED,S,0,0,,27.62209080252361
1788177988.8308663,logic1,0.18944808028762689,0.40105437413864176,0.3201424858390629,RIGHT,False,,GAZE,STOPPED,S,0,0,,31.29960822357375
1788177988.8629427,logic1,0.19058900437755394,0.40310713224647654,0.3233721029294896,RIGHT,False,,GAZE,STOPPED,S,0,0,,31.174913223478345
1788177988.8991637,logic1,0.19045433549851876,0.4046010855249216,0.32365098650314506,RIGHT,False,,GAZE,STOPPED,S,0,0,,27.60918132927849
1788177988.9307458,logic1,0.19322772088289403,0.40090189674572346,0.32100824615626095,RIGHT,False,,GAZE,STOPPED,S,0,0,,31.662771386297067
1788177988.9634054,logic1,0.19257186114814395,0.4011445650452632,0.32266999248060624,RIGHT,False,,GAZE,STOPPED,S,0,0,,30.619157121686634
1788177988.999027,logic1,0.19059277280826376,0.40358035512862545,0.3225967352678843,RIGHT,False,,GAZE,STOPPED,S,0,0,,28.07338442488538
1788177989.0305653,logic1,0.19149260491126802,0.4015731777749665,0.3190112224111745,RIGHT,False,,GAZE,STOPPED,S,0,0,,31.707531693894058
1788177989.062905,logic1,0.1905426609403101,0.4046474207355988,0.32208023326555624,RIGHT,False,,GAZE,STOPPED,S,0,0,,30.92118397287036
1788177989.0988412,logic1,0.1870944675045803,0.40728716368174755,0.32337047209428027,RIGHT,False,,GAZE,STOPPED,S,0,0,,27.826973090600287
1788177989.1310546,logic1,0.189160932175645,0.4067654013259437,0.32123809146634896,RIGHT,False,,GAZE,STOPPED,S,0,0,,31.042474928764385
1788177989.1625922,logic1,0.19117423393050012,0.40781844386077076,0.3249080032749613,RIGHT,False,,GAZE,STOPPED,S,0,0,,31.708490516113912
1788177989.198916,logic1,0.18919236806053485,0.41170840017833227,0.32632887759614077,RIGHT,True,,GAZE,TURN_RIGHT,R,19,10,,27.529989366869266
1788177989.231207,logic1,0.19066446597527287,0.41167194445833705,0.32471731415463434,RIGHT,True,,GAZE,TURN_RIGHT,R,35,19,,30.968671780975658
1788177989.262741,logic1,0.19018588861041005,0.4103955667591264,0.32738318238519387,RIGHT,True,,GAZE,TURN_RIGHT,R,50,26,,31.711846850593137
1788177989.299068,logic1,0.1874468211735381,0.415752534393543,0.32964986159252063,RIGHT,True,,GAZE,TURN_RIGHT,R,62,33,,27.527640499583242
1788177989.3307848,logic1,0.1882694976929184,0.41300182295350324,0.32594657105062996,RIGHT,True,,GAZE,TURN_RIGHT,R,73,39,,31.52853448794275
1788177989.3630328,logic1,0.19116057923228807,0.41283986567415387,0.32735454881837467,RIGHT,True,,GAZE,TURN_RIGHT,R,83,44,,31.009884885809978
1788177989.3992968,logic1,0.1889277982319345,0.41812569574353303,0.3284156613709808,RIGHT,True,,GAZE,TURN_RIGHT,R,91,49,,27.575781881775924
1788177989.4316323,logic1,0.1871886987527116,0.414023811026822,0.3249443805457051,RIGHT,True,,GAZE,TURN_RIGHT,R,98,53,,30.926427865685508
1788177989.4629772,logic1,0.18784438773149326,0.41340421583656506,0.32816865656056726,RIGHT,True,,GAZE,TURN_RIGHT,R,105,56,,31.90239821103953
1788177989.49957,logic1,0.18210436687661316,0.4162665736382639,0.32958532340680746,RIGHT,True,,GAZE,TURN_RIGHT,R,111,59,,27.32783862497638
1788177989.5309174,logic1,0.18182277701066862,0.4120978082717216,0.32681622767142726,RIGHT,True,,GAZE,TURN_RIGHT,R,115,62,,31.90021447802741
1788177989.563089,logic1,0.1851855850418852,0.4118677479048505,0.32818091638596325,RIGHT,True,,GAZE,TURN_RIGHT,R,120,64,,31.083424116439524
1788177989.6000216,logic1,0.18279493065924562,0.41482840703758445,0.3282543724673869,RIGHT,True,,GAZE,TURN_RIGHT,R,124,66,,27.076795951040644
1788177989.630802,logic1,0.18781925043230185,0.41379691512304545,0.32523614474454887,RIGHT,True,,GAZE,TURN_RIGHT,R,127,68,,32.48879938032533
1788177989.6632118,logic1,0.19256206157719657,0.414225830785658,0.32572576436759376,RIGHT,True,,GAZE,TURN_RIGHT,R,130,69,,30.854536626991717
1788177989.6997511,logic1,0.1889001096530905,0.4188559974243179,0.3266180634652796,RIGHT,True,,GAZE,TURN_RIGHT,R,132,71,,27.36706663795747
1788177989.731,logic1,0.18977708477555022,0.4170890765029788,0.32351732091997504,RIGHT,True,,GAZE,TURN_RIGHT,R,135,72,,32.001220749692905
1788177989.7633128,logic1,0.1915452227483758,0.41514650157304944,0.32450455425737557,RIGHT,True,,GAZE,TURN_RIGHT,R,136,73,,30.947421235150887
1788177989.7986822,logic1,0.18888951844182453,0.417164712893469,0.3256562993146819,RIGHT,True,,GAZE,TURN_RIGHT,R,138,74,,28.27360175804027
1788177989.8312707,logic1,0.1902624753759657,0.4135584207774727,0.3221599577281453,RIGHT,True,,GAZE,TURN_RIGHT,R,140,74,,30.685014887811015
1788177989.8634417,logic1,0.1921013359768403,0.4138572796794683,0.32351698138883545,RIGHT,True,,GAZE,TURN_RIGHT,R,141,75,,31.083884833438322
1788177989.8990152,logic1,0.18665855269892864,0.41774412444509695,0.32516488044498637,RIGHT,True,,GAZE,TURN_RIGHT,R,142,76,,28.110826642360227
1788177989.9313424,logic1,0.1864741006550504,0.41260335723489866,0.32261498960981305,RIGHT,True,,GAZE,TURN_RIGHT,R,143,76,,30.933954819343754
1788177989.962921,logic1,0.19010319893122346,0.40990553514538364,0.3229588501051281,RIGHT,True,,GAZE,TURN_RIGHT,R,144,77,,31.666835282481824
1788177989.9988668,logic1,0.186555830892278,0.4124768566150343,0.3243467140976318,RIGHT,True,,GAZE,TURN_RIGHT,R,145,77,,27.820143932610353
1788177990.0314703,logic1,0.18547635097888887,0.4092642524007378,0.32117853585694905,RIGHT,True,,GAZE,TURN_RIGHT,R,145,78,,30.6711029535433
1788177990.0628946,logic1,0.1837143286463424,0.41294811089474476,0.32244224831700685,RIGHT,True,,GAZE,TURN_RIGHT,R,146,78,,31.82252300782228
1788177990.09883,logic1,0.1780936369499706,0.4186495785269564,0.3245991421554392,RIGHT,True,,GAZE,TURN_RIGHT,R,146,78,,27.828450106157113
1788177990.131042,logic1,0.17980862047539825,0.4138273340591786,0.32121978522296657,RIGHT,True,,GAZE,TURN_RIGHT,R,147,78,,31.043164189709277
1788177990.1627626,logic1,0.18201147670983933,0.41289605253251105,0.32238505865328637,RIGHT,True,,GAZE,TURN_RIGHT,R,147,79,,31.535646080510066
1788177990.1993585,logic1,0.18166629166738174,0.4128042172182004,0.3220950648863057,RIGHT,True,,GAZE,TURN_RIGHT,R,148,79,,27.31769333975954
1788177990.2305403,logic1,0.1928593355895318,0.4051661682385619,0.3127654506874036,RIGHT,True,,GAZE,TURN_RIGHT,R,148,79,,32.06997690884345
1788177990.263087,logic1,0.23342154939006887,0.3949811080932515,0.294784723539865,RIGHT,True,,GAZE,TURN_RIGHT,R,148,79,,30.725250897370156
1788177990.2991872,logic1,0.2983725334077728,0.37983415340896587,0.26872648486858164,RIGHT,True,,GAZE,TURN_RIGHT,R,148,79,,27.70053362920695
1788177990.3330095,logic1,0.38465329591813957,0.3721275197854548,0.23954860454107624,CENTER,True,,GAZE,TURN_RIGHT,R,149,79,,29.566502185253068
1788177990.3633404,logic1,0.4748040252686984,0.3689419551056456,0.22330338837697733,CENTER,True,,GAZE,TURN_RIGHT,R,149,79,,32.97020005502496
1788177990.399187,logic1,0.5295859742801032,0.3766370711858871,0.2243100534707113,CENTER,True,,GAZE,TURN_RIGHT,R,149,79,,27.896191654362372
1788177990.4311614,logic1,0.560753068555224,0.3923444448957415,0.23618836191844272,CENTER,True,,GAZE,TURN_RIGHT,R,149,79,,31.275568944432845
1788177990.4627721,logic1,0.5650993077615283,0.40187063395185896,0.2512243066245065,CENTER,True,,GAZE,TURN_RIGHT,R,149,80,,31.634353292555076
1788177990.4990149,logic1,0.5380280914794384,0.409029789109954,0.26642194687212073,CENTER,False,,GAZE,STOPPED,S,131,70,,27.591563934900734
1788177990.5317733,logic1,0.5124922992367625,0.41653087925606125,0.27736448286316806,CENTER,False,,GAZE,STOPPED,S,114,61,,30.527118693411744
1788177990.5634956,logic1,0.48873417391367785,0.42031005471149047,0.28682312184665926,CENTER,False,,GAZE,STOPPED,S,100,53,,31.523321358245525
1788177990.5991247,logic1,0.4698070380708752,0.4232604680344171,0.2974992371504584,CENTER,False,,GAZE,STOPPED,S,87,47,,28.067185053333155
1788177990.630751,logic1,0.4698577810412725,0.42979707804507983,0.30296447972746776,CENTER,False,,GAZE,STOPPED,S,77,41,,31.618852335434067
1788177990.6639857,logic1,0.47164890185839203,0.4350764182848351,0.307761122342654,CENTER,False,,GAZE,STOPPED,S,67,36,,30.089559091496046
1788177990.6993957,logic1,0.4713278225734701,0.4362767902757526,0.3098952185327465,CENTER,False,,GAZE,STOPPED,S,59,31,,28.240097493317535
1788177990.7313075,logic1,0.4732144092080971,0.4364230911164694,0.3095642729681759,CENTER,False,,GAZE,STOPPED,S,51,27,,31.336321797860258
1788177990.7632804,logic1,0.4715663548642342,0.43535627948758493,0.31038224677315274,CENTER,False,,GAZE,STOPPED,S,45,24,,31.276268595503524
1788177990.7993467,logic1,0.4711072691653913,0.43198453039348894,0.310536012044557,CENTER,False,,GAZE,STOPPED,S,39,21,,27.72708582610018
1788177990.8310766,logic1,0.47111608632207885,0.43354824108294643,0.3092752940232602,CENTER,False,,GAZE,STOPPED,S,34,18,,31.515741700855084
1788177990.8634977,logic1,0.4709902227838629,0.43349661008297957,0.30938100681981806,CENTER,False,,GAZE,STOPPED,S,30,16,,30.844099305800682
1788177990.8974361,logic1,0.47187355830638855,0.4336246397133386,0.31035017112079566,CENTER,False,,GAZE,STOPPED,S,26,14,,29.464934772987515
1788177990.9296994,logic1,0.47282748849955714,0.4345488983181406,0.3100611034894625,CENTER,False,,GAZE,STOPPED,S,23,12,,30.995676882034303
1788177990.9633865,logic1,0.470715604919093,0.4310551471361366,0.31018431088316223,CENTER,False,,GAZE,STOPPED,S,20,11,,29.68494062026696
1788177990.9993827,logic1,0.46485284113942055,0.428277205164073,0.31046492296811856,CENTER,False,,GAZE,STOPPED,S,18,9,,27.780159224278393
1788177991.0312474,logic1,0.4302980770011373,0.4200227535764999,0.30383376613000423,CENTER,False,,GAZE,STOPPED,S,15,8,,31.38298079297264
1788177991.0630567,logic1,0.38997269880428376,0.4148442541133027,0.3006199787208441,CENTER,False,,GAZE,STOPPED,S,13,7,,31.43731730351227
1788177991.0994983,logic1,0.3537263968011482,0.41268537040458997,0.2983942851340745,CENTER,False,,GAZE,STOPPED,S,12,6,,27.441372361723566
1788177991.1307924,logic1,0.3167571023161322,0.4129243886362721,0.29565303988784514,CENTER,False,,GAZE,STOPPED,S,10,6,,31.95538455677879
1788177991.163164,logic1,0.311040253813373,0.4191551723034024,0.29900394390976986,CENTER,False,,GAZE,STOPPED,S,9,5,,30.891122944239452
1788177991.1993492,logic1,0.3121636151111671,0.42163131910088003,0.2996552504103789,CENTER,False,,GAZE,STOPPED,S,8,4,,27.63574068827378
1788177991.2309303,logic1,0.3096918367817127,0.4222423137086579,0.3000003423543415,RIGHT,False,,GAZE,STOPPED,S,7,4,,31.663488468652098
1788177991.262966,logic1,0.3079436682630577,0.42015487443728294,0.3009622651079944,RIGHT,False,,GAZE,STOPPED,S,6,3,,31.215515829897445
1788177991.2986953,logic1,0.30591151226512747,0.418284768268094,0.3009660155241606,RIGHT,False,,GAZE,STOPPED,S,5,3,,27.987962178285212
1788177991.3292463,logic1,0.30231635014500147,0.41933518659846236,0.30083028217500785,RIGHT,False,,GAZE,STOPPED,S,5,2,,32.73322095273772
1788177991.3631551,logic1,0.29886287256709254,0.42002083739158946,0.30172242699464186,RIGHT,False,,GAZE,STOPPED,S,4,2,,29.490416660807448
1788177991.3979928,logic1,0.3022662046007276,0.42026752113116417,0.30176247540391987,RIGHT,False,,GAZE,STOPPED,S,4,2,,28.70451683547769
1788177991.4297876,logic1,0.30133473330309346,0.42192030863036833,0.30169202810610285,RIGHT,False,,GAZE,STOPPED,S,3,2,,31.45169732372504
1788177991.4612546,logic1,0.30045243399441,0.4190691801601392,0.3029172885267175,RIGHT,False,,GAZE,STOPPED,S,3,1,,31.778882288762276
1788177991.4992707,logic1,0.2983404867796685,0.41693306766778276,0.30176673770178086,RIGHT,False,,GAZE,STOPPED,S,2,1,,26.304822828472876
1788177991.5307305,logic1,0.2879361431021315,0.4174352476163238,0.2998426454983403,RIGHT,False,,GAZE,STOPPED,S,2,1,,31.786589062689462
1788177991.5624332,logic1,0.28335868603602477,0.41840067653300306,0.2987947027432134,RIGHT,False,,GAZE,STOPPED,S,2,1,,31.542523670218767
1788177991.5991745,logic1,0.2808355942118239,0.4189133442910299,0.2978573746134916,RIGHT,False,,GAZE,STOPPED,S,2,1,,27.21771294337517
1788177991.630912,logic1,0.2765422286378912,0.4226869174376084,0.2976298846217946,RIGHT,False,,GAZE,STOPPED,S,1,1,,31.508875784096457
1788177991.6630437,logic1,0.27945121352063684,0.4268165529092717,0.2981488736713279,RIGHT,False,,GAZE,STOPPED,S,1,1,,31.12101740691825
1788177991.6995232,logic1,0.2797668401302034,0.4245681311754883,0.2994023254949353,RIGHT,False,,GAZE,STOPPED,S,1,1,,27.413034953334552
1788177991.731322,logic1,0.2755006397934189,0.4269009110108971,0.29894189626367174,RIGHT,False,,GAZE,STOPPED,S,1,0,,31.44816003359026
1788177991.763302,logic1,0.2782787363733138,0.4272240558698119,0.29849729462274543,RIGHT,False,,GAZE,STOPPED,S,1,0,,31.269972862553306
1788177991.7983027,logic1,0.28205968119289127,0.4232195111024943,0.2992804222240931,RIGHT,False,,GAZE,STOPPED,S,1,0,,28.570190794716872
1788177991.8290482,logic1,0.28138520386102445,0.4258985268076694,0.2978499518117376,RIGHT,False,,GAZE,STOPPED,S,1,0,,32.52482610482564
1788177991.8626056,logic1,0.2834437524260587,0.41849752969307447,0.2910318073300163,RIGHT,False,,GAZE,STOPPED,S,1,0,,29.799249744230988
1788177991.8993044,logic1,0.2834437524260587,0.41849752969307447,0.25809740391292646,RIGHT,False,,GAZE,STOPPED,S,0,0,,27.249187910917076
1788177991.930712,logic1,0.2834437524260587,0.41849752969307447,0.20680925536445516,RIGHT,False,,GAZE,STOPPED,S,0,0,,31.840641321510994
1788177991.963042,logic1,0.2834437524260587,0.41849752969307447,0.1659472757304158,RIGHT,False,,GAZE,STOPPED,S,0,0,,30.930304929759227
1788177991.9997425,logic1,0.2834437524260587,0.41849752969307447,0.14660958520300782,RIGHT,False,,GAZE,STOPPED,S,0,0,,27.24759473277335
1788177992.031353,logic1,0.2827153060059052,0.40046194555996933,0.15915671768665496,RIGHT,False,,GAZE,STOPPED,S,0,0,,31.63554630341977
1788177992.0630996,logic1,0.2854119257618326,0.3886330327983102,0.19566708236067076,RIGHT,False,,GAZE,STOPPED,S,0,0,,31.498700791540877
1788177992.0995417,logic1,0.29057502555348275,0.371318840162589,0.2248006004526879,RIGHT,False,,GAZE,STOPPED,S,0,0,,27.440833764041635
1788177992.1313612,logic1,0.29357027654097895,0.36389604599172076,0.24102868838588848,RIGHT,False,,GAZE,STOPPED,S,0,0,,31.427188467042807
1788177992.1634767,logic1,0.29840770972201014,0.37205550084616323,0.25356471447086104,RIGHT,False,,GAZE,STOPPED,S,0,0,,31.1378831634509
1788177992.198977,logic1,0.3000513215721745,0.3769608436323194,0.2615072678372049,RIGHT,False,,GAZE,STOPPED,S,0,0,,28.16859637340497
1788177992.2310405,logic1,0.30142073228492067,0.3870696836076108,0.26660087688045947,RIGHT,False,,GAZE,STOPPED,S,0,0,,31.188590294611917
1788177992.2627046,logic1,0.302220053068806,0.3961179539802007,0.2712579579706811,RIGHT,False,,GAZE,STOPPED,S,0,0,,31.581474147083405
1788177992.298865,logic1,0.3002648354688049,0.3982815570038896,0.27541666872581655,RIGHT,False,,GAZE,STOPPED,S,0,0,,27.654873208233884
1788177992.3307145,logic1,0.29434517603382315,0.40310376829882005,0.2770388576047068,RIGHT,False,,GAZE,STOPPED,S,0,0,,31.39707610656566
1788177992.3629735,logic1,0.28979698485787586,0.4056219068555649,0.2792441984162813,RIGHT,False,,GAZE,STOPPED,S,0,0,,30.99888400280847
1788177992.398936,logic1,0.2905695283813544,0.40537649503637846,0.28173337900177814,RIGHT,False,,GAZE,STOPPED,S,0,0,,27.807048715160835
1788177992.4308698,logic1,0.2893877634940601,0.41049163680257456,0.28249092050384017,RIGHT,False,,GAZE,STOPPED,S,0,0,,31.314330083170326
1788177992.463368,logic1,0.286653351940461,0.410341266650073,0.28373411680267796,RIGHT,False,,GAZE,STOPPED,S,0,0,,30.771461061589818
1788177992.4991288,logic1,0.29001647093994826,0.40957381958924305,0.286574948661717,RIGHT,False,,GAZE,STOPPED,S,0,0,,27.963145192474364
1788177992.530672,logic1,0.2876217867157203,0.41204115138782227,0.28601233374373025,RIGHT,False,,GAZE,STOPPED,S,0,0,,31.702498828437967
1788177992.5630174,logic1,0.2875469536242886,0.40899903119098363,0.2856884940352372,RIGHT,False,,GAZE,STOPPED,S,0,0,,30.91571398034923
1788177992.5996118,logic1,0.2916370350655051,0.4084829816518806,0.2884292282756532,RIGHT,False,,GAZE,STOPPED,S,0,0,,27.327304474733523
1788177992.6308515,logic1,0.28978111722289823,0.410437494662034,0.2875913958968738,RIGHT,False,,GAZE,STOPPED,S,0,0,,32.01099010127684
1788177992.6629562,logic1,0.2907132168704794,0.4101870830890805,0.28869492234635985,RIGHT,False,,GAZE,STOPPED,S,0,0,,31.147363730877768
1788177992.6988065,logic1,0.2930503303269152,0.4125951600365503,0.29054582931970785,RIGHT,False,,GAZE,STOPPED,S,0,0,,27.893779885214176
1788177992.7311444,logic1,0.2970220180506052,0.41181393024333685,0.28733213648850303,RIGHT,False,,GAZE,STOPPED,S,0,0,,30.92346370774505
1788177992.762789,logic1,0.301144758687209,0.4100315408532395,0.28755693956298234,RIGHT,False,,GAZE,STOPPED,S,0,0,,31.601461668864193
1788177992.799258,logic1,0.3073957411491996,0.4053808607639946,0.28847403573259467,RIGHT,False,,GAZE,STOPPED,S,0,0,,27.420561969639518
1788177992.8316016,logic1,0.31148173427698833,0.4031038643849526,0.2883579314259473,CENTER,False,,GAZE,STOPPED,S,0,0,,30.917765000737138
1788177992.8627377,logic1,0.3096068477971917,0.4066067564876413,0.2899941358354071,RIGHT,False,,GAZE,STOPPED,S,0,0,,32.11737229407395
1788177992.8986723,logic1,0.3096925192554575,0.4056681942110273,0.2909689797705415,RIGHT,False,,GAZE,STOPPED,S,0,0,,27.827711578779756
1788177992.9307086,logic1,0.30823392005781924,0.4079579736900193,0.2906041819841442,RIGHT,False,,GAZE,STOPPED,S,0,0,,31.2150512026673
1788177992.9629328,logic1,0.30442107884406044,0.4094629038509599,0.2907375195555758,RIGHT,False,,GAZE,STOPPED,S,0,0,,31.033058095830004
1788177992.999057,logic1,0.3013042602278101,0.4069695249173571,0.2916202844733964,RIGHT,False,,GAZE,STOPPED,S,0,0,,27.681337900357047
1788177993.0315325,logic1,0.27602140767160654,0.3991060377391923,0.28985652355185487,RIGHT,False,,GAZE,STOPPED,S,0,0,,30.793148764031745
1788177993.0593746,logic1,0.247596574899125,0.39149333413705084,0.28924536219946934,RIGHT,False,,GAZE,STOPPED,S,0,0,,35.91474932568395
1788177993.0989218,logic1,0.22607392906912105,0.3863184689528365,0.29271750753948383,RIGHT,False,,GAZE,STOPPED,S,0,0,,25.287304209422064
1788177993.1312854,logic1,0.20375894407303186,0.38349404737420395,0.29675259613366467,RIGHT,False,,GAZE,STOPPED,S,0,0,,30.8986327204149
1788177993.163258,logic1,0.20264190382194966,0.38917230283265986,0.3024892174291511,RIGHT,False,,GAZE,STOPPED,S,0,0,,31.276501819483386
1788177993.1994503,logic1,0.20430968475618988,0.39422416182548076,0.30886557943738235,RIGHT,False,,GAZE,STOPPED,S,0,0,,27.63046113306983
1788177993.2314434,logic1,0.1999249909158893,0.3992697551253588,0.3128670641384843,RIGHT,False,,GAZE,STOPPED,S,0,0,,31.25692312278296
1788177993.2630093,logic1,0.1965689616443581,0.39984092505201596,0.3147605256645511,RIGHT,False,,GAZE,STOPPED,S,0,0,,31.67951177510234
1788177993.2999363,logic1,0.190112716513389,0.4053087022858477,0.31843261294925096,RIGHT,False,,GAZE,STOPPED,S,0,0,,27.080292347821594
1788177993.3308682,logic1,0.17976561252691464,0.4074646393452195,0.31964251499159285,RIGHT,False,,GAZE,STOPPED,S,0,0,,32.32928154651333
1788177993.363226,logic1,0.16794378041923658,0.40642178996112316,0.32009086744620224,RIGHT,False,,GAZE,STOPPED,S,0,0,,30.90500751569454
1788177993.398996,logic1,0.1583551888964849,0.3555532719688843,0.324251047908658,RIGHT,False,,GAZE,STOPPED,S,0,0,,27.956062706622586
1788177993.4310517,logic1,0.15087454697155556,0.3006064836254976,0.3264204360432378,UP,False,,GAZE,STOPPED,S,0,0,,31.19578136272694
1788177993.4628875,logic1,0.146091782572078,0.24681118152425924,0.328226782576328,UP,False,,GAZE,STOPPED,S,0,0,,31.41118408735181
1788177993.4995613,logic1,0.14967155156210682,0.1937391212615373,0.33003283674669687,UP,False,,GAZE,STOPPED,S,0,0,,27.26761149395397
1788177993.5312545,logic1,0.14969096149011243,0.19411118229467925,0.33010270828783517,UP,False,,GAZE,STOPPED,S,0,0,,31.551777573833633
1788177993.5627985,logic1,0.1496011073047026,0.1935729566810052,0.32931727819033196,UP,False,,GAZE,STOPPED,S,0,0,,31.702259208030053
1788177993.5986366,logic1,0.15221968872675323,0.19507121264979593,0.3304079289911842,UP,False,,GAZE,STOPPED,S,0,0,,27.90324383299183
1788177993.6305091,logic1,0.15037353645259677,0.19565646755561855,0.33102365577414017,UP,False,,GAZE,STOPPED,S,0,0,,31.374529677974344
1788177993.662521,logic1,0.14910458079822247,0.24905945578370045,0.3285806021753045,UP,False,,GAZE,STOPPED,S,0,0,,31.23853217842061
1788177993.6991704,logic1,0.15230300180451645,0.3043577924722196,0.3263964151499172,UP,False,,GAZE,STOPPED,S,0,0,,27.28570499225855
1788177993.7307992,logic1,0.15155752175162157,0.3526569034894991,0.312610291486626,RIGHT,False,,GAZE,STOPPED,S,0,0,,31.616707246289415
1788177993.7628355,logic1,0.15155752175162157,0.3526569034894991,0.2710395273444606,RIGHT,False,,GAZE,STOPPED,S,0,0,,31.21458658926844
1788177993.798975,logic1,0.15155752175162157,0.3526569034894991,0.21195780185867769,RIGHT,False,,GAZE,STOPPED,S,0,0,,27.670563398865287
1788177993.8310137,logic1,0.15155752175162157,0.3526569034894991,0.15184995057256226,RIGHT,False,,GAZE,STOPPED,S,0,0,,31.212263729721684
1788177993.8633487,logic1,0.15155752175162157,0.3526569034894991,0.1253846579064033,RIGHT,False,,GAZE,STOPPED,S,0,0,,30.926199833361597
1788177993.9000738,logic1,0.14966680239748753,0.39508958838954156,0.14260848150318078,RIGHT,False,,GAZE,STOPPED,S,0,0,,27.229198179658134
1788177993.9280171,logic1,0.15602126222754525,0.3754045558880321,0.19336524427573532,RIGHT,False,,GAZE,STOPPED,S,0,0,,35.787271439663485
1788177993.9629772,logic1,0.1552449549904122,0.3635186064453295,0.25002820138336557,RIGHT,False,,GAZE,STOPPED,S,0,0,,28.603703072254238
1788177993.9983318,logic1,0.15846837099406902,0.358720458316799,0.28872120160396786,RIGHT,False,,GAZE,STOPPED,S,0,0,,28.285804846138802
1788177994.0303075,logic1,0.16200783154062456,0.35708776171277173,0.31338891732934515,RIGHT,False,,GAZE,STOPPED,S,0,0,,31.272537484808495
1788177994.0600953,logic1,0.15864388603963747,0.3657699828011338,0.32334971209681823,RIGHT,False,,GAZE,STOPPED,S,0,0,,33.57135196138854
1788177994.0991795,logic1,0.15887227823834615,0.36541601914685273,0.33045527474252306,RIGHT,False,,GAZE,STOPPED,S,0,0,,25.585476993649845
1788177994.1308029,logic1,0.15631053001204098,0.3650991023810898,0.3356564419951649,RIGHT,False,,GAZE,STOPPED,S,0,0,,31.6221897193866
1788177994.1627772,logic1,0.15496363250383632,0.36942931419958935,0.3353658756592449,RIGHT,False,,GAZE,STOPPED,S,0,0,,31.27533573436533
1788177994.1992452,logic1,0.1563511283956882,0.36947916789550156,0.33650968098329753,RIGHT,False,,GAZE,STOPPED,S,0,0,,27.42109977183428
1788177994.2312698,logic1,0.15667270189698815,0.37066888334921366,0.33947433525306314,RIGHT,False,,GAZE,STOPPED,S,0,0,,31.22643855299697
1788177994.2639875,logic1,0.1584993760378931,0.36851630172113214,0.3362699273695299,RIGHT,False,,GAZE,STOPPED,S,0,0,,30.564713941134034
1788177994.29928,logic1,0.16408466068389815,0.3580749476980899,0.3374890369182766,RIGHT,False,,GAZE,STOPPED,S,0,0,,28.334914136705713
1788177994.3308759,logic1,0.16616093376115765,0.31008031836147454,0.34106249681397005,UP,False,,GAZE,STOPPED,S,0,0,,31.64843655680309
1788177994.3611596,logic1,0.16812969008224557,0.30211356781178794,0.3370586930217513,UP,False,,GAZE,STOPPED,S,0,0,,33.02133555873971
1788177994.3963995,logic1,0.1706861915802475,0.2956880352779189,0.33767810451348057,UP,False,,GAZE,STOPPED,S,0,0,,28.376704914483653
1788177994.4302847,logic1,0.16940277775734824,0.2951331742414422,0.340239025822435,UP,False,,GAZE,STOPPED,S,0,0,,29.511996735199336
1788177994.4621723,logic1,0.16965114444860735,0.3342386632809229,0.33602940994668506,UP,False,,GAZE,STOPPED,S,0,0,,31.359985644537822
1788177994.498964,logic1,0.16925108834919636,0.33333393943402057,0.33751615603649765,UP,False,,GAZE,STOPPED,S,0,0,,27.180144509606972
1788177994.5306778,logic1,0.16979825987511238,0.29369514617968334,0.34156439445199316,UP,False,,GAZE,STOPPED,S,0,0,,31.53137874003909
1788177994.5626853,logic1,0.16894298958103043,0.2960117852300662,0.338213976018502,UP,False,,GAZE,STOPPED,S,0,0,,31.242720616168462
1788177994.5994227,logic1,0.16892516418199227,0.2976065850915507,0.3369859665373134,UP,False,,GAZE,STOPPED,S,0,0,,27.22124583014239
1788177994.6314576,logic1,0.17186402116695476,0.29705626684163805,0.33978757704216606,UP,False,,GAZE,STOPPED,S,0,0,,31.215283514553423
1788177994.6627321,logic1,0.1712916314152046,0.33796289277809805,0.33442725095020887,UP,False,,GAZE,STOPPED,S,0,0,,31.974385753600096
1788177994.6992579,logic1,0.1737696759694202,0.33771180434786713,0.33304704385434025,UP,False,,GAZE,STOPPED,S,0,0,,27.378142154974903
1788177994.7313755,logic1,0.1758286790172075,0.33628787713857317,0.33787061980051153,UP,False,,GAZE,STOPPED,S,0,0,,31.135571705354426
1788177994.7630608,logic1,0.17519845220965216,0.33675210250787174,0.3341499209374025,UP,False,,GAZE,STOPPED,S,0,0,,31.55984951091046
1788177994.7990072,logic1,0.17735675756968786,0.33667950254210866,0.33336502093920384,UP,False,,GAZE,STOPPED,S,0,0,,27.822358427361312
1788177994.830967,logic1,0.1773171124482415,0.33472514927255365,0.3376392572086888,UP,False,,GAZE,STOPPED,S,0,0,,31.285833631698292
1788177994.862527,logic1,0.1756646254189611,0.3360575425485406,0.3352029017788204,UP,False,,GAZE,STOPPED,S,0,0,,31.686212888116643
1788177994.8991516,logic1,0.17637430457369263,0.3353066508947289,0.334439699259622,UP,False,,GAZE,STOPPED,S,0,0,,27.303644778898168
1788177994.9313207,logic1,0.17638689272026534,0.33592251726336597,0.33989073122905866,UP,False,,GAZE,STOPPED,S,0,0,,31.08664942226307
1788177994.9634032,logic1,0.1743828502450403,0.33590802029413147,0.3377355326882208,UP,False,,GAZE,STOPPED,S,0,0,,31.168889846693467
1788177994.9989052,logic1,0.17462214757400776,0.336567595188651,0.33480283114528653,UP,False,,GAZE,STOPPED,S,0,0,,28.1667047209724
1788177995.031012,logic1,0.17541132399394535,0.33556679393413613,0.33694096354832137,UP,False,,GAZE,STOPPED,S,0,0,,31.147363730877768
1788177995.0633693,logic1,0.17332493183379943,0.3344005382088962,0.33347377250385074,UP,False,,GAZE,STOPPED,S,0,0,,30.904324376100618
1788177995.098639,logic1,0.1731013783175187,0.33536277335353815,0.32977870999989,UP,False,,GAZE,STOPPED,S,0,0,,28.353302237544785
1788177995.130859,logic1,0.17525851751722066,0.33334188847018537,0.33446331876430635,UP,False,,GAZE,STOPPED,S,0,0,,31.036272957333768
1788177995.162613,logic1,0.17262509884784613,0.3354630351422439,0.33491056990183,UP,False,,GAZE,STOPPED,S,0,0,,31.491842296920872
1788177995.1990106,logic1,0.1737811489996473,0.3351473256288602,0.3328712947344341,UP,False,,GAZE,STOPPED,S,0,0,,27.474626787457176
1788177995.2309926,logic1,0.1770843618358668,0.3324097255257086,0.3375849488545509,UP,False,,GAZE,STOPPED,S,0,0,,31.267641752769453
1788177995.2628455,logic1,0.1741727020240694,0.3344193741512789,0.3351867293193981,UP,False,,GAZE,STOPPED,S,0,0,,31.394726008428208
1788177995.2991142,logic1,0.17627926839428423,0.3355792589403547,0.33070991565610375,UP,False,,GAZE,STOPPED,S,0,0,,27.57125014790371
1788177995.3308246,logic1,0.17761400653049725,0.33612255526767665,0.33309625796997744,UP,False,,GAZE,STOPPED,S,0,0,,31.535646080510066
1788177995.3630333,logic1,0.17552246735163773,0.33765382257544635,0.3298488320398748,UP,False,,GAZE,STOPPED,S,0,0,,31.047300398241223
1788177995.3999722,logic1,0.1765580173103776,0.3386001827063537,0.32690757043292484,RIGHT,False,,GAZE,STOPPED,S,0,0,,27.07207724729073
1788177995.4310777,logic1,0.17788035790297355,0.33601806203266416,0.3309874437840295,UP,False,,GAZE,STOPPED,S,0,0,,32.14814360609498
1788177995.4624982,logic1,0.17637446328878542,0.3352695595816125,0.32956783899156483,UP,False,,GAZE,STOPPED,S,0,0,,31.826869522328035
1788177995.498836,logic1,0.17604035383931485,0.3391894886876279,0.32842025966260313,RIGHT,False,,GAZE,STOPPED,S,0,0,,27.519332340417154
1788177995.5307662,logic1,0.17785603715625808,0.33716582730720746,0.3338567060039414,UP,False,,GAZE,STOPPED,S,0,0,,31.331406076089312
1788177995.5628693,logic1,0.1743916093293687,0.33850767149004213,0.3329130796621786,RIGHT,False,,GAZE,STOPPED,S,0,0,,31.13672739150446
1788177995.5999207,logic1,0.17390864788299387,0.34229280659809264,0.33192158376026104,RIGHT,False,,GAZE,STOPPED,S,0,0,,26.99002586839294
1788177995.6312017,logic1,0.17551072444260812,0.33950355454324643,0.3365855580769035,RIGHT,False,,GAZE,STOPPED,S,0,0,,31.967318567748425
1788177995.663032,logic1,0.17391526560757575,0.34120964734391307,0.3359968165216354,RIGHT,False,,GAZE,STOPPED,S,0,0,,31.41683083030598
1788177995.698823,logic1,0.17415690778421025,0.3431758683064028,0.33299620187141604,RIGHT,False,,GAZE,STOPPED,S,0,0,,27.94060553575592
1788177995.7313519,logic1,0.1756022034895104,0.3406862736193411,0.33638993002893114,RIGHT,False,,GAZE,STOPPED,S,0,0,,30.74123967487302
1788177995.7626798,logic1,0.17370197616408678,0.33992766298057864,0.33524726328133475,RIGHT,False,,GAZE,STOPPED,S,0,0,,31.92060761959847
1788177995.7986777,logic1,0.1733726398791319,0.3396312913759655,0.3304959384296652,RIGHT,False,,GAZE,STOPPED,S,0,0,,27.779055289162052
1788177995.831195,logic1,0.1749459376482259,0.33812202423911575,0.33443640626555476,UP,False,,GAZE,STOPPED,S,0,0,,30.752734844707746
1788177995.8628502,logic1,0.17193171756970013,0.33786965324089047,0.3333316461411001,UP,False,,GAZE,STOPPED,S,0,0,,31.590988860351437
1788177995.8987432,logic1,0.17341837492480247,0.3420097301181424,0.33129071310117447,RIGHT,False,,GAZE,STOPPED,S,0,0,,27.860428969026284
1788177995.931433,logic1,0.17302037959609667,0.3406001190699114,0.33663606712358496,RIGHT,False,,GAZE,STOPPED,S,0,0,,30.59034949530311
1788177995.9632897,logic1,0.17117769604576719,0.33995911560392456,0.33582776320400276,RIGHT,False,,GAZE,STOPPED,S,0,0,,31.39049671823196
1788177995.9988294,logic1,0.17290450907545268,0.341444724765616,0.33252951585592366,RIGHT,False,,GAZE,STOPPED,S,0,0,,28.137605323887726
1788177996.030985,logic1,0.17416408810753795,0.33898412146254414,0.3347655882396762,RIGHT,False,,GAZE,STOPPED,S,0,0,,31.098865574256692
1788177996.062842,logic1,0.1731964683323054,0.3386195017949442,0.33160838740015425,RIGHT,False,,GAZE,STOPPED,S,0,0,,31.39049671823196
1788177996.09899,logic1,0.17375406038227156,0.3422227660572663,0.33067513281396904,RIGHT,False,,GAZE,STOPPED,S,0,0,,27.66381078638939
1788177996.130942,logic1,0.1746191140640581,0.34404360200060885,0.33567560747202485,RIGHT,False,,GAZE,STOPPED,S,0,0,,31.296805629136603
1788177996.1626272,logic1,0.17317759432453603,0.3438909788133175,0.3366671980279975,RIGHT,False,,GAZE,STOPPED,S,0,0,,31.560799422104502
1788177996.1989598,logic1,0.17461979708813805,0.34493500806826677,0.334890482811264,RIGHT,False,,GAZE,STOPPED,S,0,0,,27.52348579303104
1788177996.2307858,logic1,0.17578218643507015,0.341354773497896,0.33541244721431474,RIGHT,False,,GAZE,STOPPED,S,0,0,,31.421067220028917
1788177996.2635965,logic1,0.1746437001485599,0.33943483127208524,0.333949200486306,RIGHT,False,,GAZE,STOPPED,S,0,0,,30.47765206839172
1788177996.2990007,logic1,0.17605726409680217,0.34155131344759,0.32873985319372234,RIGHT,False,,GAZE,STOPPED,S,0,0,,28.245422404794773
1788177996.330791,logic1,0.17694884029531502,0.35130683065393287,0.33502008984840564,RIGHT,False,,GAZE,STOPPED,S,0,0,,31.456414948588915
1788177996.3633733,logic1,0.17438811804620663,0.3693282035758812,0.3375948288977415,RIGHT,False,,GAZE,STOPPED,S,0,0,,30.69130183446631
1788177996.3987167,logic1,0.17450545736339937,0.38307831497235567,0.33628512693652074,RIGHT,False,,GAZE,STOPPED,S,0,0,,28.293246269663527
1788177996.4312615,logic1,0.17213197367895783,0.3944849103249509,0.34029786755714414,RIGHT,False,,GAZE,STOPPED,S,0,0,,30.727501831501833
1788177996.462787,logic1,0.17198706781002998,0.4018010207336815,0.33891780124424636,RIGHT,False,,GAZE,STOPPED,S,0,0,,31.720960484023443
1788177996.4990203,logic1,0.173340761366371,0.39687354102691025,0.33524964673955726,RIGHT,False,,GAZE,STOPPED,S,0,0,,27.598281318883778
1788177996.5312583,logic1,0.17240020555854757,0.39758445189793923,0.33679162377241434,RIGHT,False,,GAZE,STOPPED,S,0,0,,31.019287658265295
1788177996.5630357,logic1,0.17027837076949143,0.395798625445797,0.3372449067969406,RIGHT,False,,GAZE,STOPPED,S,0,0,,31.468687399182205
1788177996.5992177,logic1,0.16748233178411126,0.3904153657199591,0.33317859923384985,RIGHT,False,,GAZE,STOPPED,S,0,0,,27.63865441006886
1788177996.6313286,logic1,0.16785029439451696,0.38806084403267294,0.33653668444985185,RIGHT,False,,GAZE,STOPPED,S,0,0,,31.141350994164203
1788177996.6629694,logic1,0.16705969577375238,0.3368084090236273,0.339570957303103,UP,False,,GAZE,STOPPED,S,0,0,,31.605509841155015
1788177996.6989489,logic1,0.16731490955103417,0.33656112914038344,0.3383393904531347,UP,False,,GAZE,STOPPED,S,0,0,,27.793413292691007
1788177996.7306774,logic1,0.16894233241392725,0.336072188310691,0.34230335436205095,UP,False,,GAZE,STOPPED,S,0,0,,31.516925782042517
1788177996.763162,logic1,0.16659452439758501,0.33815015154543093,0.3436551817935342,UP,False,,GAZE,STOPPED,S,0,0,,30.78388256880734
1788177996.7989368,logic1,0.16623115290343093,0.38610538852436116,0.34002552920760676,RIGHT,False,,GAZE,STOPPED,S,0,0,,27.952895387506747
1788177996.83075,logic1,0.16512381519592642,0.38530890779692306,0.3416172146398799,RIGHT,False,,GAZE,STOPPED,S,0,0,,31.432369846896336
1788177996.862808,logic1,0.16396414947299814,0.38470296149702654,0.34183234080381586,RIGHT,False,,GAZE,STOPPED,S,0,0,,31.194621288748735
1788177996.899373,logic1,0.1645428865287894,0.38510959341312223,0.3391364934348967,RIGHT,False,,GAZE,STOPPED,S,0,0,,27.348508460209306
1788177996.931283,logic1,0.16557163964782096,0.3824379801438397,0.34009559127792455,RIGHT,False,,GAZE,STOPPED,S,0,0,,31.338194859533772
1788177996.963019,logic1,0.16678080664258021,0.38357954115823634,0.3410582692535852,RIGHT,False,,GAZE,STOPPED,S,0,0,,31.508875784096457
1788177996.9990625,logic1,0.16398187859625446,0.385430217977423,0.33924713495676284,RIGHT,False,,GAZE,STOPPED,S,0,0,,27.744876764523
1788177997.0306745,logic1,0.1649432834691401,0.3817080998527018,0.3395952482532839,RIGHT,False,,GAZE,STOPPED,S,0,0,,31.63339894864659
1788177997.0632174,logic1,0.1655181326499892,0.3359049974845197,0.34145133101348824,UP,False,,GAZE,STOPPED,S,0,0,,30.729077681639353
1788177997.0987396,logic1,0.16666475312162454,0.33601642881305754,0.3388832353007243,UP,False,,GAZE,STOPPED,S,0,0,,28.151013806017733
1788177997.130551,logic1,0.17083728595609507,0.2848121797731482,0.33942973024310524,UP,False,,GAZE,STOPPED,S,0,0,,31.43519677426608
1788177997.163032,logic1,0.17062545797474182,0.28853053869621664,0.34058728222293655,UP,False,,GAZE,STOPPED,S,0,0,,30.787271993246964
1788177997.1984599,logic1,0.16717294739396776,0.3371126633987389,0.33798766164408944,UP,False,,GAZE,STOPPED,S,0,0,,28.226604035156196
1788177997.2309058,logic1,0.16799948102116893,0.33466638018558664,0.3378790536574217,UP,False,,GAZE,STOPPED,S,0,0,,30.820301420394006
1788177997.2628512,logic1,0.16755341710429356,0.3845217891573501,0.33948310897600226,RIGHT,False,,GAZE,STOPPED,S,0,0,,31.304046691445375
1788177997.2992668,logic1,0.1644213570797936,0.3838593008841028,0.33626795259818,RIGHT,False,,GAZE,STOPPED,S,0,0,,27.46077596930692
1788177997.3305535,logic1,0.16661871485647106,0.33189364834049917,0.3368923469538343,UP,False,,GAZE,STOPPED,S,0,0,,31.96171577928659
1788177997.3629012,logic1,0.1654515508058174,0.3331926726657343,0.3389978617444637,UP,False,,GAZE,STOPPED,S,0,0,,30.914118930392995
1788177997.3991024,logic1,0.16230145227665904,0.3341186558895644,0.33728925747036503,UP,False,,GAZE,STOPPED,S,0,0,,27.623546147868122
1788177997.4311333,logic1,0.16470173619896708,0.33154263840801423,0.33934056192172624,UP,False,,GAZE,STOPPED,S,0,0,,31.21969809747819
1788177997.462501,logic1,0.16371250720140135,0.38431110591453366,0.34147993453537206,RIGHT,False,,GAZE,STOPPED,S,0,0,,31.879605068140187
1788177997.4986215,logic1,0.16268951460779396,0.38494820028870014,0.3403746068820814,RIGHT,False,,GAZE,STOPPED,S,0,0,,27.68554040317364
1788177997.5312197,logic1,0.1651662072198551,0.3815470794798911,0.34064609386211253,RIGHT,False,,GAZE,STOPPED,S,0,0,,30.676486721715534
1788177997.562707,logic1,0.1642831256776009,0.38259918918845337,0.3423763645808636,RIGHT,False,,GAZE,STOPPED,S,0,0,,31.75866977617591
1788177997.5990288,logic1,0.16427533780642686,0.3827480130160044,0.33941876119007997,RIGHT,False,,GAZE,STOPPED,S,0,0,,27.532157907865198
1788177997.6310256,logic1,0.1657188808098638,0.3824772841529032,0.3405726640335154,RIGHT,False,,GAZE,STOPPED,S,0,0,,31.25319662603201
1788177997.6626403,logic1,0.16670612185411027,0.3860216047349735,0.3427066361238781,RIGHT,False,,GAZE,STOPPED,S,0,0,,31.629820671764474
1788177997.699341,logic1,0.16465160556268585,0.38611890135392984,0.34048832466071377,RIGHT,False,,GAZE,STOPPED,S,0,0,,27.24759473277335
1788177997.7309403,logic1,0.16759608391047917,0.3833845214160147,0.3394880458726036,RIGHT,False,,GAZE,STOPPED,S,0,0,,31.64628745180591
1788177997.7630026,logic1,0.16738685749011428,0.38327926111296273,0.33946684549835215,RIGHT,False,,GAZE,STOPPED,S,0,0,,31.18974992006068
1788177997.798558,logic1,0.16430743113988933,0.3837612007371854,0.33764083692962443,RIGHT,False,,GAZE,STOPPED,S,0,0,,28.12458677824492
1788177997.8312051,logic1,0.16950696753724404,0.38508116622509847,0.33739875417228954,RIGHT,False,,GAZE,STOPPED,S,0,0,,30.63167965412227
1788177997.8631992,logic1,0.16822764939471185,0.33701595609352,0.34124806724105666,UP,False,,GAZE,STOPPED,S,0,0,,31.255059763331246
1788177997.8990633,logic1,0.16665237938125702,0.33866060689269717,0.34070718000614386,RIGHT,False,,GAZE,STOPPED,S,0,0,,27.883210126043718
1788177997.9313533,logic1,0.1688959675680397,0.33805111144292077,0.33957978531898414,UP,False,,GAZE,STOPPED,S,0,0,,30.969129102521507
1788177997.9631848,logic1,0.1670638983344041,0.28946448855152285,0.34217058003210465,UP,False,,GAZE,STOPPED,S,0,0,,31.416360190851417
1788177997.9993198,logic1,0.16441645669370047,0.3389446442181147,0.34077490491766815,RIGHT,False,,GAZE,STOPPED,S,0,0,,27.67348446860732
1788177998.030806,logic1,0.16689178415078348,0.33747530506751,0.33983482961876027,UP,False,,GAZE,STOPPED,S,0,0,,31.75939120887442
1788177998.0631914,logic1,0.1655706041581401,0.3358533810042516,0.34128361462039947,UP,False,,GAZE,STOPPED,S,0,0,,30.878160107189657
1788177998.0988426,logic1,0.16518714198830337,0.3844755808495277,0.33987272860480805,RIGHT,False,,GAZE,STOPPED,S,0,0,,28.049916404734837
1788177998.1306179,logic1,0.16647353212061716,0.3844149593192325,0.33895215177001636,RIGHT,False,,GAZE,STOPPED,S,0,0,,31.471520863190594
1788177998.1629448,logic1,0.16719912403316756,0.33636162088457244,0.34197189435376174,UP,False,,GAZE,STOPPED,S,0,0,,30.933498536038528
1788177998.1991942,logic1,0.1646203410026914,0.33903368239975606,0.34183088453253896,RIGHT,False,,GAZE,STOPPED,S,0,0,,27.587208461042636
1788177998.230872,logic1,0.16578570432583312,0.33955722038504554,0.3408874233733439,RIGHT,False,,GAZE,STOPPED,S,0,0,,31.56697523895537
1788177998.263005,logic1,0.1694873326752689,0.29136470045431156,0.34395596838986375,UP,False,,GAZE,STOPPED,S,0,0,,31.12101740691825
1788177998.2989502,logic1,0.16593376945174057,0.34104135327784246,0.3412653254701497,RIGHT,False,,GAZE,STOPPED,S,0,0,,27.820512990587876
1788177998.3313744,logic1,0.16908326508561825,0.3386064267064363,0.3401020552470475,RIGHT,False,,GAZE,STOPPED,S,0,0,,30.840243821736603
1788177998.3624659,logic1,0.16802372728898401,0.2885797965362536,0.3429787345353594,UP,False,,GAZE,STOPPED,S,0,0,,32.1626881580259
1788177998.398339,logic1,0.16315929920444766,0.33755117921560707,0.3407071791442601,UP,False,,GAZE,STOPPED,S,0,0,,27.876353340732816
1788177998.4314017,logic1,0.1651344081995491,0.33662153884232615,0.3395274711920466,UP,False,,GAZE,STOPPED,S,0,0,,30.245348870749083
1788177998.463053,logic1,0.16409974814677897,0.3363115252226947,0.34122995038936377,UP,False,,GAZE,STOPPED,S,0,0,,31.594558356057068
1788177998.4992597,logic1,0.163790040985439,0.3866624671761849,0.33728282526220144,RIGHT,False,,GAZE,STOPPED,S,0,0,,27.619544317134203
1788177998.5310037,logic1,0.16572028168052205,0.38460560119079423,0.33478818319717996,RIGHT,False,,GAZE,STOPPED,S,0,0,,31.501303071041782
1788177998.563548,logic1,0.1653414344299827,0.38244424476935096,0.3382236748446853,RIGHT,False,,GAZE,STOPPED,S,0,0,,30.72795205790561
1788177998.599353,logic1,0.1655908735145704,0.3847185430538229,0.33710155167817285,RIGHT,False,,GAZE,STOPPED,S,0,0,,27.929256339228637
1788177998.630953,logic1,0.16659622192435342,0.3842440635381543,0.337568962747931,RIGHT,False,,GAZE,STOPPED,S,0,0,,31.64533238771399
1788177998.663132,logic1,0.1668767982157688,0.3851423881744461,0.3420255652976478,RIGHT,False,,GAZE,STOPPED,S,0,0,,31.07582425724235
1788177998.6990879,logic1,0.16491516596541334,0.3882745178807123,0.34027637716289,RIGHT,False,,GAZE,STOPPED,S,0,0,,27.811658300787077
1788177998.7312026,logic1,0.16707828774489208,0.3869544575500876,0.3390752575452182,RIGHT,False,,GAZE,STOPPED,S,0,0,,31.138576667805015
1788177998.7626185,logic1,0.1674300330326976,0.3858456978339771,0.3411733338724606,RIGHT,False,,GAZE,STOPPED,S,0,0,,31.83145879817252
1788177998.7988813,logic1,0.1674306075887372,0.3861249131381502,0.33987351023294987,RIGHT,False,,GAZE,STOPPED,S,0,0,,27.576507097444395
1788177998.8311508,logic1,0.17086884219849258,0.3857776827152378,0.33894433566364285,RIGHT,False,,GAZE,STOPPED,S,0,0,,30.988577761359437
1788177998.8626547,logic1,0.1700813302691871,0.3863234079907,0.3417657436908932,RIGHT,False,,GAZE,STOPPED,S,0,0,,31.742806544871115
1788177998.8990595,logic1,0.16946925154751752,0.3882026195737868,0.34167599154572653,RIGHT,False,,GAZE,STOPPED,S,0,0,,27.468149341506383
1788177998.9312875,logic1,0.1689943388878167,0.38761169351885744,0.3395929509976251,RIGHT,False,,GAZE,STOPPED,S,0,0,,31.02892568097415
1788177998.9632158,logic1,0.16836270401165196,0.3849580870556275,0.34195556212714623,RIGHT,False,,GAZE,STOPPED,S,0,0,,31.321345361132686
1788177998.998926,logic1,0.16826314445119606,0.3854624160681487,0.3413932724065721,RIGHT,False,,GAZE,STOPPED,S,0,0,,28.00272395882015
1788177999.0310345,logic1,0.16821943988991395,0.3827780962175045,0.3390680110891195,RIGHT,False,,GAZE,STOPPED,S,0,0,,31.14412581493087
1788177999.0635862,logic1,0.1702354494130587,0.3832899928258878,0.341697672398415,RIGHT,False,,GAZE,STOPPED,S,0,0,,30.72052500897232
1788177999.098751,logic1,0.1702311376731004,0.3838563649347472,0.3401072100200277,RIGHT,False,,GAZE,STOPPED,S,0,0,,28.437694503393427
1788177999.1308622,logic1,0.1696915843145541,0.38332373595548797,0.33934026381318916,RIGHT,False,,GAZE,STOPPED,S,0,0,,31.14088857210739
1788177999.1630845,logic1,0.1717122835082041,0.33570366847760946,0.34207598430403074,UP,False,,GAZE,STOPPED,S,0,0,,31.035124716049932
1788177999.1989477,logic1,0.17111586418202954,0.3366241319615069,0.341035415500055,UP,False,,GAZE,STOPPED,S,0,0,,27.88469311775343
1788177999.230729,logic1,0.17148326889858967,0.3376277654019884,0.3391142653755329,UP,False,,GAZE,STOPPED,S,0,0,,31.463730064663256
1788177999.26345,logic1,0.1739803116469959,0.3383140894971419,0.3397979469124791,RIGHT,False,,GAZE,STOPPED,S,0,0,,30.562486792920275
1788177999.298933,logic1,0.17100580318738715,0.38689021239496296,0.3394022850468566,RIGHT,False,,GAZE,STOPPED,S,0,0,,28.182223775096084
1788177999.3310776,logic1,0.17041998507397266,0.3852309695799462,0.3382548894928669,RIGHT,False,,GAZE,STOPPED,S,0,0,,31.108553119530068
1788177999.3629882,logic1,0.17179720333797435,0.3360695472741895,0.3413264599749692,UP,False,,GAZE,STOPPED,S,0,0,,31.337726573123533
1788177999.3992548,logic1,0.16770925736897752,0.3349113164296024,0.341828223106913,UP,False,,GAZE,STOPPED,S,0,0,,27.573606463615864
1788177999.431439,logic1,0.16838229504543442,0.33575443297733815,0.33935288288058335,UP,False,,GAZE,STOPPED,S,0,0,,31.070989917846376
1788177999.4629486,logic1,0.17098182817267754,0.28868489596040364,0.3411519088542041,UP,False,,GAZE,STOPPED,S,0,0,,31.73632160773602
1788177999.4986997,logic1,0.1672548612786539,0.3380396251015759,0.34143979370823235,UP,False,,GAZE,STOPPED,S,0,0,,27.97116391354509
1788177999.5305877,logic1,0.16742780530442158,0.3390385652966861,0.34008675087909485,RIGHT,False,,GAZE,STOPPED,S,0,0,,31.359516706666966
1788177999.5628304,logic1,0.16878767947030066,0.3368723310709273,0.3427842017725956,UP,False,,GAZE,STOPPED,S,0,0,,31.015158909741633
1788177999.5985548,logic1,0.166259402920788,0.3857789048929622,0.34209396286519544,RIGHT,False,,GAZE,STOPPED,S,0,0,,27.991137449614264
1788177999.631593,logic1,0.1669836795806065,0.38665509507436974,0.33901606785400035,RIGHT,False,,GAZE,STOPPED,S,0,0,,30.26935900581672
1788177999.663025,logic1,0.17099324719211018,0.38483075410460166,0.3402201627247794,RIGHT,False,,GAZE,STOPPED,S,0,0,,31.815040126219337
1788177999.6989837,logic1,0.16955981662623432,0.386287541834345,0.33989053768863187,RIGHT,False,,GAZE,STOPPED,S,0,0,,27.809076744571524
1788177999.730437,logic1,0.16818509630248996,0.38605999578189026,0.3385896292856487,RIGHT,False,,GAZE,STOPPED,S,0,0,,31.793576556021314
1788177999.7628615,logic1,0.16909493341060913,0.3836669359958843,0.34045601144570176,RIGHT,False,,GAZE,STOPPED,S,0,0,,30.84069735806881
1788177999.798741,logic1,0.16767877692196503,0.38587311267969393,0.3403673025599286,RIGHT,False,,GAZE,STOPPED,S,0,0,,27.870796260241477
1788177999.8307648,logic1,0.16802887903606947,0.3861835273188431,0.33914786668768687,RIGHT,False,,GAZE,STOPPED,S,0,0,,31.226903519286463
1788177999.862533,logic1,0.17005946209395115,0.3858491284354129,0.34154310491873313,RIGHT,False,,GAZE,STOPPED,S,0,0,,31.477425552353505
1788177999.8988647,logic1,0.16976983372685295,0.3878529602713441,0.34303549558217794,RIGHT,False,,GAZE,STOPPED,S,0,0,,27.52511139840269
1788177999.930601,logic1,0.16804723354415083,0.38756942524315613,0.3412330998607553,RIGHT,False,,GAZE,STOPPED,S,0,0,,31.50934919955226
1788177999.9618642,logic1,0.16918004133905487,0.3384845462496581,0.34290778050950776,RIGHT,False,,GAZE,STOPPED,S,0,0,,31.9858461069168
1788177999.9986494,logic1,0.16914175281089341,0.3380528416334713,0.3418097242304219,UP,False,,GAZE,STOPPED,S,0,0,,27.185253360641926
1788178000.0318496,logic1,0.16931972763092715,0.3378502623520089,0.3389106788494335,UP,False,,GAZE,STOPPED,S,0,0,,30.12024243816965
1788178000.062847,logic1,0.17175095069507348,0.33762868525881495,0.33999937335077124,UP,False,,GAZE,STOPPED,S,0,0,,32.26065085799112
1788178000.0989385,logic1,0.17229314059424483,0.3880315076462767,0.341182776810262,RIGHT,False,,GAZE,STOPPED,S,0,0,,27.707487217429218
1788178000.1305132,logic1,0.16844449635834208,0.38684125866661867,0.34002320135135655,RIGHT,False,,GAZE,STOPPED,S,0,0,,31.67042193965387
1788178000.1628036,logic1,0.16747021307835824,0.3859121915357523,0.3425227143018763,RIGHT,False,,GAZE,STOPPED,S,0,0,,30.969357768359497
1788178000.1984131,logic1,0.1661055886175501,0.3865096514401484,0.3435285488523077,RIGHT,False,,GAZE,STOPPED,S,0,0,,28.081842528119978
1788178000.2305377,logic1,0.1624392404188822,0.38505494020606224,0.3411621849233102,RIGHT,False,,GAZE,STOPPED,S,0,0,,31.12933248229898
1788178000.2635005,logic1,0.16638846519414355,0.3858332083505188,0.3431142985984257,RIGHT,False,,GAZE,STOPPED,S,0,0,,30.337229487327857
1788178000.2989864,logic1,0.16761551494561627,0.3881840529900302,0.3420912281505664,RIGHT,False,,GAZE,STOPPED,S,0,0,,28.180330291995325
1788178000.3307755,logic1,0.1697398233503964,0.3870140613599052,0.33647344833805487,RIGHT,False,,GAZE,STOPPED,S,0,0,,31.4559431224173
1788178000.362985,logic1,0.17790824617807524,0.37425554053186405,0.317286242761176,RIGHT,False,,GAZE,STOPPED,S,0,0,,31.047989873492682
1788178000.3977609,logic1,0.16782074303875952,0.3745765890516792,0.28180500653718166,RIGHT,False,,GAZE,STOPPED,S,0,0,,28.76179635052013
1788178000.431097,logic1,0.16662890290717683,0.3665559010098069,0.25025568534946596,RIGHT,False,,GAZE,STOPPED,S,0,0,,29.990590186909206
1788178000.4630802,logic1,0.16852184519374508,0.35644722093311076,0.23245535347800222,RIGHT,False,,GAZE,STOPPED,S,0,0,,31.266709406169397
1788178000.4991343,logic1,0.16666942863151554,0.36037188304977746,0.23700851975486775,RIGHT,False,,GAZE,STOPPED,S,0,0,,27.73551992064804
1788178000.5306811,logic1,0.1796435498785238,0.35869649918956387,0.2609745302229597,RIGHT,False,,GAZE,STOPPED,S,0,0,,31.70034237516155
1788178000.5628555,logic1,0.18244476499924997,0.3625793636896984,0.2875454567569656,RIGHT,False,,GAZE,STOPPED,S,0,0,,31.07996917422491
1788178000.5993016,logic1,0.18088731670818825,0.3719399000675233,0.30598989482215183,RIGHT,False,,GAZE,STOPPED,S,0,0,,27.437602621887
1788178000.6317048,logic1,0.17704055791246615,0.38151491755606787,0.31651509033166825,RIGHT,False,,GAZE,STOPPED,S,0,0,,30.86089323817232
1788178000.662594,logic1,0.17540619052609324,0.38226192770619344,0.32436728626120026,RIGHT,False,,GAZE,STOPPED,S,0,0,,32.37419822935079
1788178000.698733,logic1,0.1758229907155877,0.38392278851117256,0.3273554920285683,RIGHT,False,,GAZE,STOPPED,S,0,0,,27.670563398865287
1788178000.730477,logic1,0.17399938290011646,0.38679602748576053,0.32836998335270406,RIGHT,False,,GAZE,STOPPED,S,0,0,,31.502722677462238
1788178000.7627804,logic1,0.1767544467993753,0.3861200355672112,0.3311201412561924,RIGHT,False,,GAZE,STOPPED,S,0,0,,30.956557679533546
1788178000.7987022,logic1,0.17616549234475282,0.38668787441154306,0.33205701109467517,RIGHT,False,,GAZE,STOPPED,S,0,0,,27.8378697675036
1788178000.8310888,logic1,0.17487617076427509,0.3899198439331244,0.33242648822683496,RIGHT,False,,GAZE,STOPPED,S,0,0,,30.876796230859835
1788178000.862777,logic1,0.17666771036552467,0.38814998932018296,0.33434428873060146,RIGHT,False,,GAZE,STOPPED,S,0,0,,31.557949860053572
1788178000.8982406,logic1,0.17453302048961186,0.38853856428734157,0.33656929526963364,RIGHT,False,,GAZE,STOPPED,S,0,0,,28.19757037116715
1788178000.9316144,logic1,0.17246281613125836,0.3897575206658815,0.3373794237299667,RIGHT,False,,GAZE,STOPPED,S,0,0,,29.964022917887096
1788178000.9633167,logic1,0.1745502474711727,0.38614213909332196,0.33882099446015573,RIGHT,False,,GAZE,STOPPED,S,0,0,,31.543235316236746
1788178000.9993124,logic1,0.17327302492896846,0.38788083272749185,0.34062965023139735,RIGHT,False,,GAZE,STOPPED,S,0,0,,27.781631274259144
1788178001.0314205,logic1,0.17182059284020398,0.38794295127135797,0.33856503378383584,RIGHT,False,,GAZE,STOPPED,S,0,0,,31.14412581493087
1788178001.0631394,logic1,0.17535366417012027,0.38826694048302646,0.3392651456739785,RIGHT,False,,GAZE,STOPPED,S,0,0,,31.52711255430779
1788178001.09933,logic1,0.1725561998108934,0.3909056499715463,0.3395016452831496,RIGHT,False,,GAZE,STOPPED,S,0,0,,27.63137125728779
1788178001.1309521,logic1,0.1709934685747927,0.38956247128818333,0.33706048867704724,RIGHT,False,,GAZE,STOPPED,S,0,0,,31.62338181297264
1788178001.1626375,logic1,0.17228368296306124,0.3922275319286579,0.3391690004709411,RIGHT,False,,GAZE,STOPPED,S,0,0,,31.560086983348256
1788178001.1991498,logic1,0.17032495950064555,0.3922905675004123,0.33970685500173103,RIGHT,False,,GAZE,STOPPED,S,0,0,,27.388332397382822
1788178001.2309563,logic1,0.17081616296388186,0.3911296076335676,0.33797397051842626,RIGHT,False,,GAZE,STOPPED,S,0,0,,31.439673782681698
1788178001.2626932,logic1,0.17210628749566903,0.3417236236360164,0.33953111949248027,RIGHT,False,,GAZE,STOPPED,S,0,0,,31.50958591261494
1788178001.2993023,logic1,0.17152049164290506,0.3389717935348936,0.33981376068920255,RIGHT,False,,GAZE,STOPPED,S,0,0,,27.31520266750026
1788178001.3308957,logic1,0.16897978441475983,0.339529898707316,0.33972287207539087,RIGHT,False,,GAZE,STOPPED,S,0,0,,31.65273564259301
1788178001.3629196,logic1,0.16849123321764997,0.33880094361380936,0.3407803148753449,RIGHT,False,,GAZE,STOPPED,S,0,0,,31.22620607504467
1788178001.3987937,logic1,0.16860127087901827,0.3892246658964157,0.34189658187506405,RIGHT,False,,GAZE,STOPPED,S,0,0,,27.875241747359887
1788178001.431113,logic1,0.1657681491282567,0.39008372326958574,0.3398172485150077,RIGHT,False,,GAZE,STOPPED,S,0,0,,30.941713695547932
1788178001.4632096,logic1,0.16878147057575563,0.3907032124277254,0.3392988436615948,RIGHT,False,,GAZE,STOPPED,S,0,0,,31.155230044716475
1788178001.498814,logic1,0.1717010977727452,0.40082896543780605,0.3388372803042057,RIGHT,False,,GAZE,STOPPED,S,0,0,,28.086919836874635
1788178001.5308273,logic1,0.17381278200398687,0.40879493658106963,0.3356751749750714,RIGHT,False,,GAZE,STOPPED,S,0,0,,31.237368922783602
1788178001.5630803,logic1,0.18341284795727364,0.4155098942205796,0.3348106892958278,RIGHT,False,,GAZE,STOPPED,S,0,0,,31.00415428512293
1788178001.5980492,logic1,0.18587122920615878,0.42250564882340336,0.33459270920167306,RIGHT,False,,GAZE,STOPPED,S,0,0,,28.596877343696733
1788178001.631458,logic1,0.18654010932293472,0.42098188076610477,0.33391248271455487,RIGHT,False,,GAZE,STOPPED,S,0,0,,29.932375148081015
1788178001.6629841,logic1,0.18979016509878038,0.4177852626821512,0.3339055885075789,RIGHT,False,,GAZE,STOPPED,S,0,0,,31.720000907516507
1788178001.6992295,logic1,0.1871292160575302,0.4184233255733515,0.33558973739796394,RIGHT,False,,GAZE,STOPPED,S,0,0,,27.589567505344515
1788178001.730862,logic1,0.18544217047142614,0.42065657241903187,0.33450430022789124,RIGHT,False,,GAZE,STOPPED,S,0,0,,31.612894473043557
1788178001.7628438,logic1,0.18466795268514716,0.42250820703888137,0.3343306092236106,RIGHT,False,,GAZE,STOPPED,S,0,0,,31.26787484810759
1788178001.7988174,logic1,0.1813210162715218,0.4282876852339671,0.3356287311431141,RIGHT,False,,GAZE,STOPPED,S,0,0,,27.798386829530166
1788178001.8311553,logic1,0.1818089603264246,0.43026913047242765,0.33460878790174275,RIGHT,False,,GAZE,STOPPED,S,0,0,,30.92369169972131
1788178001.8626366,logic1,0.18399756484570234,0.4295304505510426,0.33495932491187086,RIGHT,False,,GAZE,STOPPED,S,0,0,,31.764201597940097
1788178001.8992789,logic1,0.1831320160426564,0.4318048235173959,0.3365671643596394,RIGHT,False,,GAZE,STOPPED,S,0,0,,27.291031180053096
1788178001.9312534,logic1,0.18199831988986032,0.43126900166386894,0.3345671350853011,RIGHT,False,,GAZE,STOPPED,S,0,0,,31.274869324663896
1788178001.9631612,logic1,0.18202069806693694,0.42867683609262003,0.33376886088045205,RIGHT,False,,GAZE,STOPPED,S,0,0,,31.34077068497859
1788178001.9991982,logic1,0.18019901627881751,0.4287724708821813,0.33450288976828324,RIGHT,False,,GAZE,STOPPED,S,0,0,,27.74909858353567
1788178002.0302575,logic1,0.181532422277939,0.42760239478251755,0.33396105966567163,RIGHT,False,,GAZE,STOPPED,S,0,0,,32.19552335042525
1788178002.0625222,logic1,0.1860925752312906,0.4211722645558598,0.33425084946313993,RIGHT,False,,GAZE,STOPPED,S,0,0,,30.993615511941357
1788178002.0984375,logic1,0.18493405720195927,0.4243116440457113,0.33616743187386733,RIGHT,False,,GAZE,STOPPED,S,0,0,,27.843598560788113
1788178002.131188,logic1,0.18506158788083815,0.42218702821526854,0.3333649951421941,RIGHT,False,,GAZE,STOPPED,S,0,0,,30.534007935063517
1788178002.162733,logic1,0.18578016063048078,0.4167408440415161,0.3300109680698686,RIGHT,False,,GAZE,STOPPED,S,0,0,,31.701061160322883
1788178002.1988244,logic1,0.18736519205907298,0.41803058488710865,0.32574933777490833,RIGHT,False,,GAZE,STOPPED,S,0,0,,27.70730418353933
1788178002.2310393,logic1,0.19349430720718808,0.4099050160503298,0.3201076353624947,RIGHT,False,,GAZE,STOPPED,S,0,0,,31.04224518191776
1788178002.263102,logic1,0.20520649302023974,0.3983640200136761,0.3169102244036791,RIGHT,False,,GAZE,STOPPED,S,0,0,,31.188590294611917
1788178002.2990057,logic1,0.21730766235284688,0.3886571772100656,0.3175349287134308,RIGHT,False,,GAZE,STOPPED,S,0,0,,27.851918747883367
1788178002.3308067,logic1,0.21951521733269974,0.3771963737950108,0.31849337960942486,RIGHT,False,,GAZE,STOPPED,S,0,0,,31.445330774305763
1788178002.3632777,logic1,0.2207066129398828,0.37217651545155855,0.3193347237124831,RIGHT,False,,GAZE,STOPPED,S,0,0,,30.797670883845246
1788178002.3973954,logic1,0.21682708789744878,0.3756718444137998,0.3227756824140203,RIGHT,False,,GAZE,STOPPED,S,0,0,,29.309686030341783
1788178002.4308727,logic1,0.21102924940686152,0.38078261236041694,0.32171404252138885,RIGHT,False,,GAZE,STOPPED,S,0,0,,29.8711942626395
1788178002.4628954,logic1,0.21363810905592912,0.38657706826908783,0.32301248434235674,RIGHT,False,,GAZE,STOPPED,S,0,0,,31.2276009946841
1788178002.4988494,logic1,0.2190943121525933,0.39139916632271665,0.32608266126127483,RIGHT,False,,GAZE,STOPPED,S,0,0,,27.81350256298035
1788178002.530706,logic1,0.2216594316609025,0.3910384659878028,0.3261783635517852,RIGHT,False,,GAZE,STOPPED,S,0,0,,31.39049671823196
1788178002.5626907,logic1,0.2250335484627789,0.39217586160123896,0.3283806984078791,RIGHT,False,,GAZE,STOPPED,S,0,0,,31.26461182960009
1788178002.5987248,logic1,0.22522078148131053,0.39452703013256224,0.33148661428052645,RIGHT,False,,GAZE,STOPPED,S,0,0,,27.751852636036418
1788178002.6311028,logic1,0.22182725901297845,0.39453349807583327,0.33079647878709356,RIGHT,False,,GAZE,STOPPED,S,0,0,,30.885436149688516
1788178002.6629834,logic1,0.21758589219716856,0.39625422409327454,0.329411106448004,RIGHT,False,,GAZE,STOPPED,S,0,0,,31.36678682002423
1788178002.6989942,logic1,0.21768658223804302,0.39786328902477086,0.3298773559396443,RIGHT,False,,GAZE,STOPPED,S,0,0,,27.769307671426965
1788178002.7307143,logic1,0.22203866297236097,0.3913697310238016,0.3256149450370305,RIGHT,False,,GAZE,STOPPED,S,0,0,,31.525927707583264
1788178002.7624714,logic1,0.23443513065727942,0.3803391669686331,0.32111480817172283,RIGHT,False,,GAZE,STOPPED,S,0,0,,31.488532368375612
1788178002.798837,logic1,0.2527883509685038,0.3666126009300672,0.31825684842614055,RIGHT,False,,GAZE,STOPPED,S,0,0,,27.498403582269603
1788178002.830845,logic1,0.26526226666674096,0.35468850270655616,0.3137608446433039,RIGHT,False,,GAZE,STOPPED,S,0,0,,31.242255178732375
1788178002.862598,logic1,0.2742287476767676,0.3514591231525497,0.31368923878291527,RIGHT,False,,GAZE,STOPPED,S,0,0,,31.493733997101646
1788178002.899332,logic1,0.2783156228801135,0.3551529690010748,0.3159190870146387,RIGHT,False,,GAZE,STOPPED,S,0,0,,27.22283592842354
1788178002.9306145,logic1,0.27824623286639233,0.3603256703075861,0.3165870312266226,RIGHT,False,,GAZE,STOPPED,S,0,0,,31.965856781391945
1788178002.9633067,logic1,0.2730446015511694,0.3625408842617802,0.3153924694460567,RIGHT,False,,GAZE,STOPPED,S,0,0,,30.589010924896805
1788178002.999052,logic1,0.2541805228251745,0.3740294061067565,0.31618286279154373,RIGHT,False,,GAZE,STOPPED,S,0,0,,27.975454885011473
1788178003.0309503,logic1,0.22826186219117572,0.38322551354634915,0.3164413054976912,RIGHT,False,,GAZE,STOPPED,S,0,0,,31.34967225000187
1788178003.062245,logic1,0.20713766116131885,0.39306017810185523,0.3184987226157889,RIGHT,False,,GAZE,STOPPED,S,0,0,,31.95343699290737
1788178003.0994303,logic1,0.19069679481636898,0.4000797060678146,0.3227588691484815,RIGHT,True,,GAZE,TURN_RIGHT,R,19,10,,26.89328742442021
1788178003.1314335,logic1,0.18838284318882792,0.39976575869961317,0.3237980843901141,RIGHT,True,,GAZE,TURN_RIGHT,R,35,19,,31.24621183902737
1788178003.1615458,logic1,0.1885425786424459,0.3983634834510749,0.32381836621131854,RIGHT,True,,GAZE,TURN_RIGHT,R,50,26,,33.20800608056752
1788178003.1991036,logic1,0.18893875417028433,0.40152795582764034,0.32446465434835126,RIGHT,True,,GAZE,TURN_RIGHT,R,62,33,,26.626444224372158
1788178003.230832,logic1,0.19033712482236714,0.40370498414601563,0.32253581345464843,RIGHT,True,,GAZE,TURN_RIGHT,R,73,39,,31.517399439430715
1788178003.2622669,logic1,0.19121463864304977,0.4025614098880349,0.32066108314963127,RIGHT,True,,GAZE,TURN_RIGHT,R,83,44,,31.812385756001365
1788178003.298647,logic1,0.19572874081027475,0.40394786381694064,0.3220813203330355,RIGHT,True,,GAZE,TURN_RIGHT,R,91,49,,27.487230570610325
1788178003.3311412,logic1,0.19563871759533635,0.401200351084093,0.3213914679481341,RIGHT,True,,GAZE,TURN_RIGHT,R,98,53,,30.77529936604837
1788178003.3626332,logic1,0.19638679594314573,0.40235986892101916,0.3211073672677426,RIGHT,True,,GAZE,TURN_RIGHT,R,105,56,,31.75338027102733
1788178003.399137,logic1,0.19842267743804376,0.4041224979186645,0.3231456990318332,RIGHT,True,,GAZE,TURN_RIGHT,R,111,59,,27.394235479299063
1788178003.430666,logic1,0.19705864450143143,0.4030486984203753,0.32193651412619073,RIGHT,True,,GAZE,TURN_RIGHT,R,115,62,,31.717362371445855
1788178003.4630506,logic1,0.19753001334316933,0.4040357180351449,0.3213871365886819,RIGHT,True,,GAZE,TURN_RIGHT,R,120,64,,30.878842090538978
1788178003.4986851,logic1,0.19957422151371737,0.40383820611275417,0.32288810053123074,RIGHT,True,,GAZE,TURN_RIGHT,R,124,66,,28.06249038223507
1788178003.530361,logic1,0.19892940092763828,0.40104736491651494,0.3225095028838848,RIGHT,True,,GAZE,TURN_RIGHT,R,127,68,,31.570301680014452
1788178003.562928,logic1,0.2024109570010001,0.39706531255964905,0.32092756185860594,RIGHT,True,,GAZE,TURN_RIGHT,R,130,69,,30.70590646871065
1788178003.599688,logic1,0.20462237147947449,0.3930827789313357,0.3224990257126391,RIGHT,True,,GAZE,TURN_RIGHT,R,132,71,,27.202884827416238
1788178003.630986,logic1,0.20481054413330374,0.3874240328698241,0.32190209049908575,RIGHT,True,,GAZE,TURN_RIGHT,R,135,72,,31.951489666415277
1788178003.6624937,logic1,0.20554234464232576,0.3854349498506488,0.3209612115129863,RIGHT,True,,GAZE,TURN_RIGHT,R,136,73,,31.738242794336866
1788178003.699033,logic1,0.20431887210132862,0.38695821239406913,0.3240351305479443,RIGHT,True,,GAZE,TURN_RIGHT,R,138,74,,27.367780917021733
1788178003.730718,logic1,0.2049256044518618,0.38451871317032665,0.3234417671400257,RIGHT,True,,GAZE,TURN_RIGHT,R,140,74,,31.560086983348256
1788178003.7626815,logic1,0.2060060200278785,0.3841466041760654,0.32332407491850246,RIGHT,True,,GAZE,TURN_RIGHT,R,141,75,,31.286066998351522
1788178003.7988787,logic1,0.20776116216149976,0.3839214669555823,0.32507068895691027,RIGHT,True,,GAZE,TURN_RIGHT,R,142,76,,27.626457298678716
1788178003.8309515,logic1,0.20726726790785582,0.38302406134320865,0.3240528171022987,RIGHT,True,,GAZE,TURN_RIGHT,R,143,76,,31.179084617500354
1788178003.8629253,logic1,0.20640550937011315,0.38458227491462726,0.3219291964152846,RIGHT,True,,GAZE,TURN_RIGHT,R,144,77,,31.27580215797833
1788178003.899669,logic1,0.20566834090823322,0.3864890125361269,0.32278691387075786,RIGHT,True,,GAZE,TURN_RIGHT,R,145,77,,27.215770246507432
1788178003.9295716,logic1,0.20367958154115118,0.3866476804831983,0.3206439066179101,RIGHT,True,,GAZE,TURN_RIGHT,R,145,78,,33.44126675330681
1788178003.9630437,logic1,0.20284987481572597,0.3856118622168923,0.318974661125229,RIGHT,True,,GAZE,TURN_RIGHT,R,146,78,,29.876513662136365
1788178003.998879,logic1,0.20384123744436047,0.3867520382058165,0.3214552347138409,RIGHT,True,,GAZE,TURN_RIGHT,R,146,78,,27.904914608102086
1788178004.0309768,logic1,0.20145920359877184,0.3847295653047644,0.32101720291254154,RIGHT,True,,GAZE,TURN_RIGHT,R,147,78,,31.15453579837925
1788178004.0627766,logic1,0.2007646905136046,0.38230336996774555,0.32097690649062527,RIGHT,True,,GAZE,TURN_RIGHT,R,147,79,,31.446509570472113
1788178004.098609,logic1,0.2012006195223746,0.3815159081479873,0.32216108167057794,RIGHT,True,,GAZE,TURN_RIGHT,R,148,79,,27.90825675864501
1788178004.1306481,logic1,0.1988624792724433,0.38007094262252195,0.32112419559102173,RIGHT,True,,GAZE,TURN_RIGHT,R,148,79,,31.211334682700322
1788178004.162716,logic1,0.1994630477627245,0.37917023189930893,0.3189278782772588,RIGHT,True,,GAZE,TURN_RIGHT,R,148,79,,31.18418450420443
1788178004.1989028,logic1,0.20260439229067473,0.37716401114898584,0.32031293919142023,RIGHT,True,,GAZE,TURN_RIGHT,R,148,79,,27.63464820097907
1788178004.2312028,logic1,0.20161719413811993,0.377571681883112,0.32065003773868983,RIGHT,True,,GAZE,TURN_RIGHT,R,149,79,,30.960213767955477
1788178004.2628417,logic1,0.20219690806303672,0.37715356506048386,0.3187838094213973,RIGHT,True,,GAZE,TURN_RIGHT,R,149,79,,31.605748001235806
1788178004.2988508,logic1,0.20324831105497526,0.37678950396317173,0.3200571491567219,RIGHT,True,,GAZE,TURN_RIGHT,R,149,79,,27.770410831926373
1788178004.3303566,logic1,0.20099251659067158,0.3774079809106025,0.3195475179394939,RIGHT,True,,GAZE,TURN_RIGHT,R,149,79,,31.739203474865494
1788178004.3626857,logic1,0.20065997514751244,0.37655465353173323,0.31845801469598245,RIGHT,True,,GAZE,TURN_RIGHT,R,149,80,,30.932814136318715
1788178004.398406,logic1,0.19918356321966202,0.37765236539001934,0.3213481536677309,RIGHT,True,,GAZE,TURN_RIGHT,R,149,80,,27.995247693930132
1788178004.4305444,logic1,0.19848923228475424,0.3795337266285542,0.3227013438953966,RIGHT,True,,GAZE,TURN_RIGHT,R,149,80,,31.115938158402326
1788178004.4626114,logic1,0.19935759164114422,0.3805695496431126,0.32034360065413825,RIGHT,True,,GAZE,TURN_RIGHT,R,149,80,,31.18418450420443
1788178004.4988904,logic1,0.20063559920648147,0.3818792214747556,0.32187711799460916,RIGHT,True,,GAZE,TURN_RIGHT,R,150,80,,27.564183616468963
1788178004.53061,logic1,0.20159294488948254,0.3809718934669243,0.32227275188514715,RIGHT,True,,GAZE,TURN_RIGHT,R,150,80,,31.52616466980352
1788178004.5626311,logic1,0.20217160080736457,0.37997820150604006,0.3207864664035995,RIGHT,True,,GAZE,TURN_RIGHT,R,150,80,,31.229926137717417
1788178004.5991726,logic1,0.20394286149762275,0.3798167464016672,0.32235202654936834,RIGHT,True,,GAZE,TURN_RIGHT,R,150,80,,27.365816739306315
1788178004.6310256,logic1,0.21225281217927153,0.3674998583500471,0.3025410023772643,RIGHT,True,,GAZE,TURN_RIGHT,R,150,80,,31.39449101796407
1788178004.6624923,logic1,0.21225281217927153,0.3674998583500471,0.2584465456882223,RIGHT,True,,GAZE,TURN_RIGHT,R,150,80,,31.78008622583896
1788178004.6988258,logic1,0.21225281217927153,0.3674998583500471,0.22328266121159634,RIGHT,True,,GAZE,TURN_RIGHT,R,150,80,,27.52258276190164
1788178004.7307007,logic1,0.21938032772262142,0.36756855773802055,0.19979830262460535,RIGHT,True,,GAZE,TURN_RIGHT,R,150,80,,31.372652270500325
1788178004.7629488,logic1,0.2220816698874294,0.3700582507754575,0.20093344567027605,RIGHT,True,,GAZE,TURN_RIGHT,R,150,80,,31.010343425381688
1788178004.7989573,logic1,0.2238105863263324,0.36251017229590504,0.22909150046720989,RIGHT,True,,GAZE,TURN_RIGHT,R,150,80,,27.770226965756507
1788178004.8310113,logic1,0.21742351062186063,0.36239998607854795,0.2539718570486372,RIGHT,True,,GAZE,TURN_RIGHT,R,150,80,,31.197637660569907
1788178004.8626566,logic1,0.21462988157006868,0.35442191579906307,0.270365067982384,RIGHT,True,,GAZE,TURN_RIGHT,R,150,80,,31.59955700541689
1788178004.8993652,logic1,0.2134847824882039,0.3450807219660988,0.2829855817521033,RIGHT,True,,GAZE,TURN_RIGHT,R,150,80,,27.241754673109646
1788178004.9313467,logic1,0.21151098944336058,0.34750702406399514,0.2937306861379457,RIGHT,True,,GAZE,TURN_RIGHT,R,150,80,,31.268807264214946
1788178004.9630353,logic1,0.21113630196450822,0.3561386094882958,0.2995319360252216,RIGHT,True,,GAZE,TURN_RIGHT,R,150,80,,31.556762694394077
1788178004.9993036,logic1,0.21020872163356086,0.3592393224248423,0.3045025193961891,RIGHT,True,,GAZE,TURN_RIGHT,R,150,80,,27.572337628188272
1788178005.0314019,logic1,0.20781366239289653,0.36191431365836374,0.30725073447620566,RIGHT,True,,GAZE,TURN_RIGHT,R,150,80,,31.154072984676635
1788178005.0624568,logic1,0.20661303194568093,0.36507982843190345,0.30738213236277623,RIGHT,True,,GAZE,TURN_RIGHT,R,150,80,,32.20120841746447
1788178005.098826,logic1,0.20638711156164907,0.3657511480763567,0.30988432457143,RIGHT,True,,GAZE,TURN_RIGHT,R,150,80,,27.496060101480246
1788178005.131016,logic1,0.20330234149281623,0.3691293843120627,0.3117772717161834,RIGHT,True,,GAZE,TURN_RIGHT,R,150,80,,31.065466799985188
1788178005.1629634,logic1,0.2015359111718055,0.3708999254014872,0.31114744599919575,RIGHT,True,,GAZE,TURN_RIGHT,R,150,80,,31.301009709027678
1788178005.1982927,logic1,0.1999222182586157,0.37439282557934317,0.3111181721928239,RIGHT,True,,GAZE,TURN_RIGHT,R,150,80,,28.30451125282586
1788178005.2307746,logic1,0.1999222182586157,0.37439282557934317,0.2592830445423929,RIGHT,True,,GAZE,TURN_RIGHT,R,150,80,,30.78772397289937
1788178005.26245,logic1,0.1999222182586157,0.37439282557934317,0.19331260681160348,RIGHT,True,,GAZE,TURN_RIGHT,R,150,80,,31.570301680014452
1788178005.298984,logic1,0.1999222182586157,0.37439282557934317,0.13141098301073306,RIGHT,True,,GAZE,TURN_RIGHT,R,150,80,,27.37188874531762
1788178005.331103,logic1,0.1999222182586157,0.37439282557934317,0.07385581607241884,RIGHT,True,,GAZE,TURN_RIGHT,R,150,80,,31.133722785947047
1788178005.3628778,logic1,0.1999222182586157,0.37439282557934317,0.07463674206408494,RIGHT,True,,GAZE,TURN_RIGHT,R,150,80,,31.471520863190594
1788178005.3991663,logic1,0.19964773978356465,0.37139820900209597,0.1181607973311924,RIGHT,True,,GAZE,TURN_RIGHT,R,150,80,,27.556939653756448
1788178005.430709,logic1,0.20250848621842243,0.3623016766499252,0.1697628407191815,RIGHT,True,,GAZE,TURN_RIGHT,R,150,80,,31.702498828437967
1788178005.4628017,logic1,0.20799810461760468,0.3576297436940099,0.22158709759896753,RIGHT,True,,GAZE,TURN_RIGHT,R,150,80,,31.161248142644872
1788178005.498687,logic1,0.21343613354463603,0.35119155220126325,0.26984430667504034,RIGHT,True,,GAZE,TURN_RIGHT,R,150,80,,27.865611650356435
1788178005.5308478,logic1,0.21430673592286922,0.34870560009473384,0.28899609999935516,RIGHT,True,,GAZE,TURN_RIGHT,R,150,80,,31.0935630462663
1788178005.5630012,logic1,0.2157353170565628,0.3534378497849937,0.2971380834091977,RIGHT,True,,GAZE,TURN_RIGHT,R,150,80,,31.101171585347767
1788178005.5987303,logic1,0.2150981096562512,0.35659180286452735,0.30430377170058087,RIGHT,True,,GAZE,TURN_RIGHT,R,150,80,,27.988148939009744
1788178005.6305544,logic1,0.21144977801520803,0.35970366194629455,0.3075092879162131,RIGHT,True,,GAZE,TURN_RIGHT,R,150,80,,31.423421263588484
1788178005.6627135,logic1,0.21151660224442564,0.3634987263309246,0.308142609331597,RIGHT,True,,GAZE,TURN_RIGHT,R,150,80,,31.094946140102458
1788178005.6988506,logic1,0.2096953574007391,0.36507024544963906,0.31137117038189877,RIGHT,True,,GAZE,TURN_RIGHT,R,150,80,,27.672206424711852
1788178005.7307863,logic1,0.20840175177822956,0.3697058438748395,0.3130091894888403,RIGHT,True,,GAZE,TURN_RIGHT,R,150,80,,31.31316117568889
1788178005.7630756,logic1,0.20703487468391812,0.37157092829201377,0.3129579505259541,RIGHT,True,,GAZE,TURN_RIGHT,R,150,80,,30.970043786134635
1788178005.7989292,logic1,0.20593091870678137,0.37429410988905853,0.3140005570338534,RIGHT,True,,GAZE,TURN_RIGHT,R,150,80,,27.89155400687596
1788178005.8313851,logic1,0.21032066435193858,0.3639824085356278,0.30188903268076195,RIGHT,True,,GAZE,TURN_RIGHT,R,150,80,,30.811697899755377
1788178005.8627205,logic1,0.21032066435193858,0.3639824085356278,0.2494672222854371,RIGHT,True,,GAZE,TURN_RIGHT,R,150,80,,31.911864509944156
1788178005.8986363,logic1,0.21032066435193858,0.3639824085356278,0.1947952147241359,RIGHT,True,,GAZE,TURN_RIGHT,R,150,80,,27.842674402395065
1788178005.9310408,logic1,0.21032066435193858,0.3639824085356278,0.1451324642579237,RIGHT,True,,GAZE,TURN_RIGHT,R,150,80,,30.860439107657896
1788178005.962455,logic1,0.2098471655597478,0.3575368186833781,0.12923073326497891,RIGHT,False,,GAZE,STOPPED,S,131,70,,31.831941956831912
1788178005.9993625,logic1,0.21664250464953286,0.3532365435382544,0.16241756911413865,RIGHT,False,,GAZE,STOPPED,S,115,61,,27.09498708010336
1788178006.0312233,logic1,0.2186623133645455,0.3452712038787681,0.205634659365467,RIGHT,False,,GAZE,STOPPED,S,100,54,,31.38650343475463
1788178006.0629153,logic1,0.21739580285944868,0.35039669664040196,0.24647890032901015,RIGHT,False,,GAZE,STOPPED,S,88,47,,31.553913861199923
1788178006.098903,logic1,0.22276699752710477,0.3484597914902198,0.2692975121347937,RIGHT,False,,GAZE,STOPPED,S,77,41,,27.786968763456887
1788178006.1306705,logic1,0.2203136444353775,0.34644107812265124,0.28451670529711587,RIGHT,False,,GAZE,STOPPED,S,67,36,,31.479079262389206
1788178006.1624792,logic1,0.22102888077940827,0.3535382242833143,0.29316896568280393,RIGHT,False,,GAZE,STOPPED,S,59,31,,31.437552935532953
1788178006.1990829,logic1,0.21976650849927032,0.35986628269365206,0.30069329611350637,RIGHT,False,,GAZE,STOPPED,S,52,27,,27.3198285632401
1788178006.2308292,logic1,0.21853022208898795,0.362803943899247,0.3047997420862822,RIGHT,False,,GAZE,STOPPED,S,45,24,,31.500593315809237
1788178006.2637825,logic1,0.2177613247748161,0.36735054835549913,0.30489654316263537,RIGHT,False,,GAZE,STOPPED,S,39,21,,30.34578959172895
1788178006.299514,logic1,0.21763616001351138,0.37028267331724407,0.30621750472236603,RIGHT,False,,GAZE,STOPPED,S,35,18,,27.986094708115647
1788178006.3295596,logic1,0.21614265368786412,0.3709343015074825,0.30803554130282473,RIGHT,False,,GAZE,STOPPED,S,30,16,,33.28310810274641
1788178006.3604255,logic1,0.2129920660350051,0.37309786214228724,0.30754617202373924,RIGHT,False,,GAZE,STOPPED,S,26,14,,32.397454118519434
1788178006.3946738,logic1,0.21062178106908339,0.37420115691865186,0.30898858443288135,RIGHT,False,,GAZE,STOPPED,S,23,12,,29.19889171992259
1788178006.4303744,logic1,0.20875178444226855,0.37183713676742725,0.31065859779439176,RIGHT,False,,GAZE,STOPPED,S,20,11,,28.01057833578202
1788178006.4625936,logic1,0.20607337518933547,0.37133593834207473,0.3090513167493951,RIGHT,False,,GAZE,STOPPED,S,18,9,,31.037421283586287
1788178006.499104,logic1,0.2047724251064138,0.3756749793691633,0.30926970185298214,RIGHT,False,,GAZE,STOPPED,S,15,8,,27.389405495768468
1788178006.5310006,logic1,0.2037093955482313,0.3768768572699006,0.3100014314834692,RIGHT,False,,GAZE,STOPPED,S,14,7,,31.351546908052594
1788178006.5630336,logic1,0.20026364478770547,0.38143447090836935,0.30912998914569273,RIGHT,False,,GAZE,STOPPED,S,12,6,,31.217374477143156
1788178006.5986512,logic1,0.20164933187338738,0.38880495108057833,0.30914359426415305,RIGHT,False,,GAZE,STOPPED,S,10,6,,28.07639116668563
1788178006.6309292,logic1,0.20083823986701743,0.3894758766180244,0.3084761685908769,RIGHT,False,,GAZE,STOPPED,S,9,5,,30.98079536725167
1788178006.6628847,logic1,0.19788410131665546,0.3913479408321421,0.3059254212732613,RIGHT,False,,GAZE,STOPPED,S,8,4,,31.293303091798972
1788178006.6993492,logic1,0.19779834365251658,0.38994037361962014,0.3039398358863371,RIGHT,False,,GAZE,STOPPED,S,7,4,,27.423968406530538
1788178006.7291157,logic1,0.19529291678096877,0.3863219706330505,0.3032851353609153,RIGHT,False,,GAZE,STOPPED,S,6,3,,33.59555295681915
1788178006.7630699,logic1,0.194788470137887,0.38688095593315,0.3025650453497287,RIGHT,False,,GAZE,STOPPED,S,5,3,,29.451279710704632
1788178006.7987745,logic1,0.197371590250909,0.3879960121981695,0.3037256422916042,RIGHT,False,,GAZE,STOPPED,S,5,2,,28.007211634770762
1788178006.8314023,logic1,0.19919081434687202,0.3868089306087204,0.3055924890631202,RIGHT,False,,GAZE,STOPPED,S,4,2,,30.648243005268426
1788178006.8622725,logic1,0.19907543661291574,0.38804789643332005,0.3056514880039569,RIGHT,False,,GAZE,STOPPED,S,4,2,,32.39420128671502
1788178006.8990095,logic1,0.19948136228072696,0.38695760634914533,0.30744947289825997,RIGHT,False,,GAZE,STOPPED,S,3,2,,27.220715838660478
1788178006.9313536,logic1,0.19909431974575081,0.38681015607438557,0.3089809941135286,RIGHT,False,,GAZE,STOPPED,S,3,1,,30.917765000737138
1788178006.9628093,logic1,0.19956837206584618,0.3888257359876034,0.30827188241043246,RIGHT,False,,GAZE,STOPPED,S,2,1,,31.78996195182586
1788178006.9988573,logic1,0.20062846981285434,0.38961319254396554,0.30905908340926297,RIGHT,False,,GAZE,STOPPED,S,2,1,,27.7417571151722
1788178007.0309842,logic1,0.20156067909015446,0.3911433732218016,0.30849043687794153,RIGHT,False,,GAZE,STOPPED,S,2,1,,31.125636344746724
1788178007.062565,logic1,0.20383195964894846,0.39165164372894895,0.3080306353395871,RIGHT,False,,GAZE,STOPPED,S,2,1,,31.665161787132526
1788178007.099035,logic1,0.20729386333290634,0.38824099525094874,0.3081477038289131,RIGHT,False,,GAZE,STOPPED,S,1,1,,27.41948642853407
1788178007.1310337,logic1,0.21010764402022886,0.38102057049945603,0.3083332753466659,RIGHT,False,,GAZE,STOPPED,S,1,1,,31.25133371084553
1788178007.162847,logic1,0.20952637249383413,0.37296562541104694,0.3035612343464906,RIGHT,False,,GAZE,STOPPED,S,1,1,,31.433076531071077
1788178007.1988804,logic1,0.20952637249383413,0.37296562541104694,0.267909921042876,RIGHT,False,,GAZE,STOPPED,S,1,1,,27.75221988434105
1788178007.2308366,logic1,0.20952637249383413,0.37296562541104694,0.21334010814098553,RIGHT,False,,GAZE,STOPPED,S,1,0,,31.29306961718383
1788178007.262672,logic1,0.20952637249383413,0.37296562541104694,0.1569009688117361,RIGHT,False,,GAZE,STOPPED,S,1,0,,31.41188981921124
1788178007.298719,logic1,0.20952637249383413,0.37296562541104694,0.10630054347206361,RIGHT,False,,GAZE,STOPPED,S,1,0,,27.741940604537337
1788178007.3307433,logic1,0.20952637249383413,0.37296562541104694,0.08940885002488659,RIGHT,False,,GAZE,STOPPED,S,1,0,,31.225276197849976
1788178007.3626409,logic1,0.20952637249383413,0.37296562541104694,0.11627967764626809,RIGHT,False,,GAZE,STOPPED,S,0,0,,31.350609551002712
1788178007.398865,logic1,0.21386759699004002,0.3751215751503975,0.15698554949544968,RIGHT,False,,GAZE,STOPPED,S,0,0,,27.60627381806454
1788178007.4334614,logic1,0.21408062212624823,0.3728387035742293,0.20515176604208651,RIGHT,False,,GAZE,STOPPED,S,0,0,,28.90450626770221
1788178007.4642217,logic1,0.21640391374531498,0.36973106876888623,0.2525260290022274,RIGHT,False,,GAZE,STOPPED,S,0,0,,32.51020423981708
1788178007.4991133,logic1,0.21209900808379334,0.36954605640106963,0.28148264673097284,RIGHT,False,,GAZE,STOPPED,S,0,0,,28.65920970816735
1788178007.5309703,logic1,0.20517310292297897,0.3595670153415961,0.3034844902718251,RIGHT,False,,GAZE,STOPPED,S,0,0,,31.390261791076053
1788178007.562626,logic1,0.2012782289397786,0.3562012419394208,0.31707807918542563,RIGHT,False,,GAZE,STOPPED,S,0,0,,31.590275057994155
1788178007.5986476,logic1,0.19874400413872348,0.3515686345831661,0.32856963024034197,RIGHT,False,,GAZE,STOPPED,S,0,0,,27.761404251939318
1788178007.6309776,logic1,0.19861771774407802,0.34976768597853103,0.3342637323187856,RIGHT,False,,GAZE,STOPPED,S,0,0,,30.9305330226247
1788178007.662668,logic1,0.20256490233758478,0.3410621645816053,0.3370621202070845,RIGHT,False,,GAZE,STOPPED,S,0,0,,31.55486341511123
1788178007.6988869,logic1,0.20507571627047888,0.338040093991968,0.34213006029221,UP,False,,GAZE,STOPPED,S,0,0,,27.609908302778564
1788178007.7310088,logic1,0.19342278819477185,0.347552798058966,0.3460261423388986,RIGHT,False,,GAZE,STOPPED,S,0,0,,31.133029497780615
1788178007.7626133,logic1,0.1980433739948232,0.34654020219478965,0.3505585448975979,RIGHT,False,,GAZE,STOPPED,S,0,0,,31.639603213517898
1788178007.7991238,logic1,0.19305449212347697,0.3553137831447114,0.35414122364611184,RIGHT,False,,GAZE,STOPPED,S,0,0,,27.389226640197993
1788178007.8311646,logic1,0.17943746255179985,0.3646680195790962,0.3573435727451839,RIGHT,False,,GAZE,STOPPED,S,0,0,,31.21063793372871
1788178007.8626745,logic1,0.17871156108845068,0.36881660065859323,0.3625161761915401,RIGHT,False,,GAZE,STOPPED,S,0,0,,31.73584134742704
1788178007.8991349,logic1,0.17802748045842579,0.3805209802822256,0.3627577037430269,RIGHT,False,,GAZE,STOPPED,S,0,0,,27.42701698860887
1788178007.931043,logic1,0.17082819878247968,0.3874947349674436,0.3633571803713482,RIGHT,False,,GAZE,STOPPED,S,0,0,,31.341004871925158
1788178007.962888,logic1,0.1740429491778244,0.3918541172965653,0.3617462964316924,RIGHT,False,,GAZE,STOPPED,S,0,0,,31.400836995500587
1788178007.9988234,logic1,0.18473408592118418,0.3949124350226631,0.34972870370346476,RIGHT,False,,GAZE,STOPPED,S,0,0,,27.827896206949173
1788178008.0307145,logic1,0.22303631828189588,0.38466331924671204,0.3268666520919147,RIGHT,False,,GAZE,STOPPED,S,0,0,,31.3564689523183
1788178008.062738,logic1,0.22303631828189588,0.38466331924671204,0.274088685710197,RIGHT,False,,GAZE,STOPPED,S,0,0,,31.2276009946841
1788178008.0988839,logic1,0.22303631828189588,0.38466331924671204,0.22176115344564645,RIGHT,False,,GAZE,STOPPED,S,0,0,,27.665817975541867
1788178008.1308274,logic1,0.22303631828189588,0.38466331924671204,0.1882035454407895,RIGHT,False,,GAZE,STOPPED,S,0,0,,31.304981266140228
1788178008.1628416,logic1,0.31463467871205925,0.37374230557850285,0.18408117020135778,CENTER,False,,GAZE,STOPPED,S,0,0,,31.236438380648814
1788178008.1990469,logic1,0.401614290071618,0.36750004510091333,0.21589057824050967,CENTER,False,,GAZE,STOPPED,S,0,0,,27.620089953047934
1788178008.2311692,logic1,0.47894751052215295,0.3667351583061473,0.2508220622011229,CENTER,False,,GAZE,STOPPED,S,0,0,,31.130718760205443
1788178008.2630544,logic1,0.5135117686324742,0.3782581781748637,0.2743899097979222,CENTER,False,,GAZE,STOPPED,S,0,0,,31.362799566306503
1788178008.2984326,logic1,0.5110559656996879,0.39566748965507414,0.2832452667971709,CENTER,False,,GAZE,STOPPED,S,0,0,,28.265599202097192
1788178008.3303664,logic1,0.5099325202517109,0.40670315973765675,0.283146724222009,CENTER,False,,GAZE,STOPPED,S,0,0,,31.31503146954957
1788178008.362138,logic1,0.510491185837176,0.4101650869098388,0.2795830144595014,CENTER,False,,GAZE,STOPPED,S,0,0,,31.474591025063784
1788178008.3987381,logic1,0.5139771403822928,0.4154806271737621,0.2772927557793502,CENTER,False,,GAZE,STOPPED,S,0,0,,27.321964120536236
1788178008.4274728,logic1,0.5119106861749746,0.41422691776919024,0.27615872725432133,CENTER,False,,GAZE,STOPPED,S,0,0,,34.80143709395043
1788178008.4628227,logic1,0.5124118105253832,0.41365696225009785,0.27539434011378056,CENTER,False,,GAZE,STOPPED,S,0,0,,28.28866646882672
1788178008.498079,logic1,0.5069752533999443,0.40516206595222326,0.27554193673489336,CENTER,False,,GAZE,STOPPED,S,0,0,,28.363656036138387
1788178008.525268,logic1,0.5036611431332193,0.39116095378444293,0.2813347145960279,CENTER,False,,GAZE,STOPPED,S,0,0,,36.779880390746946
1788178008.5591602,logic1,0.4977055087400051,0.38396805520163146,0.2910541328560807,CENTER,False,,GAZE,STOPPED,S,0,0,,29.503900507171448
1788178008.594702,logic1,0.4879981176058515,0.378625860670409,0.30050301535512286,CENTER,False,,GAZE,STOPPED,S,0,0,,28.136850296508975
1788178008.6305945,logic1,0.48910215837732746,0.3818902958834381,0.3134723623363779,CENTER,False,,GAZE,STOPPED,S,0,0,,27.861909538392045
1788178008.6616561,logic1,0.4882648171978142,0.3888066627934325,0.32108186995033894,CENTER,False,,GAZE,STOPPED,S,0,0,,32.1925580252978
1788178008.692894,logic1,0.4897507331055987,0.39092284238280944,0.32313094930560826,CENTER,False,,GAZE,STOPPED,S,0,0,,32.01270035109144
1788178008.7267132,logic1,0.49159051448189917,0.39293852439432847,0.3256722951127024,CENTER,False,,GAZE,STOPPED,S,0,0,,29.56983728603254
1788178008.7619593,logic1,0.4863068546510857,0.3944820641650308,0.3243531541389788,CENTER,False,,GAZE,STOPPED,S,0,0,,28.37171422000352
1788178008.7982118,logic1,0.46856765575871795,0.38808690067892715,0.32026431915326875,CENTER,False,,GAZE,STOPPED,S,0,0,,27.58394275793129
1788178008.8301895,logic1,0.45148755556195536,0.3876146154390076,0.32031568909354413,CENTER,False,,GAZE,STOPPED,S,0,0,,31.27207115856341
1788178008.8626432,logic1,0.43500071795795725,0.38208747579702385,0.3187177640693315,CENTER,False,,GAZE,STOPPED,S,0,0,,30.813735141568344
1788178008.899321,logic1,0.4203985809394581,0.37847482703262764,0.31762951069597134,CENTER,False,,GAZE,STOPPED,S,0,0,,27.2638893402929
1788178008.9311204,logic1,0.424678626963347,0.3828606900865222,0.3201219159746711,CENTER,False,,GAZE,STOPPED,S,0,0,,31.4474526710403
1788178008.96196,logic1,0.42504263400435083,0.3845624757231617,0.31750940246042636,CENTER,False,,GAZE,STOPPED,S,0,0,,32.42450292216828
1788178008.9988112,logic1,0.4267262707141978,0.3891808239583807,0.31658987343888234,CENTER,False,,GAZE,STOPPED,S,0,0,,27.137235618760474
1788178009.0313635,logic1,0.4327012545866596,0.39446963884441716,0.3145134925385487,CENTER,False,,GAZE,STOPPED,S,0,0,,30.71940001171852
1788178009.0628731,logic1,0.43173151692458606,0.3975578755702603,0.3104317809781724,CENTER,False,,GAZE,STOPPED,S,0,0,,31.73680188258083
1788178009.100149,logic1,0.43276649214322915,0.3994300827236291,0.30697031755545834,CENTER,False,,GAZE,STOPPED,S,0,0,,26.826891465778044
1788178009.1313574,logic1,0.4350749402696351,0.3988635525159489,0.3047758082295314,CENTER,False,,GAZE,STOPPED,S,0,0,,32.0422921489087
1788178009.1630282,logic1,0.43191481197589426,0.39571463009892927,0.30027444126787217,CENTER,False,,GAZE,STOPPED,S,0,0,,31.574817257240078
1788178009.1999314,logic1,0.4316315559756927,0.3971301446724368,0.29635791848894366,CENTER,False,,GAZE,STOPPED,S,0,0,,27.098313100445147
1788178009.231988,logic1,0.4319931690412979,0.3982827773353961,0.29495693597678607,CENTER,False,,GAZE,STOPPED,S,0,0,,31.19531732278194
1788178009.2631516,logic1,0.4275878627871179,0.4032539562961782,0.29374102669273316,CENTER,False,,GAZE,STOPPED,S,0,0,,32.087641721621246
1788178009.300218,logic1,0.4229893806280404,0.4069655446275752,0.29365765066494887,CENTER,False,,GAZE,STOPPED,S,0,0,,26.97874146925071
1788178009.3307748,logic1,0.42725566141957516,0.4072456511357391,0.29325817308444213,CENTER,False,,GAZE,STOPPED,S,0,0,,32.72581437990091
1788178009.3636084,logic1,0.45895140939631707,0.4019934904550874,0.294540364151324,CENTER,False,,GAZE,STOPPED,S,0,0,,30.457512163241596
1788178009.3989625,logic1,0.5161589327497713,0.3943783442884675,0.29268872163071635,CENTER,False,,GAZE,STOPPED,S,0,0,,28.28485110056107
1788178009.430878,logic1,0.590354714943761,0.3825202914251323,0.2915337075124721,CENTER,False,,GAZE,STOPPED,S,0,0,,31.332108227630616
1788178009.4628363,logic1,0.6766864291141197,0.36914914264552584,0.29282579003059794,LEFT,False,,GAZE,STOPPED,S,0,0,,31.29120194567334
1788178009.499076,logic1,0.7443155532372808,0.36005402239904205,0.29238835951023917,LEFT,False,,GAZE,STOPPED,S,0,0,,27.59446834826774
1788178009.5315373,logic1,0.7860290906827749,0.350024276248208,0.2942653243841976,LEFT,False,,GAZE,STOPPED,S,0,0,,30.805135285995476
1788178009.5635304,logic1,0.8089793995843968,0.3462554997229499,0.29992382843117515,LEFT,False,,GAZE,STOPPED,S,0,0,,31.256457262091065
1788178009.5997963,logic1,0.8145488485542022,0.3473323231674279,0.29993550874232977,LEFT,False,,GAZE,STOPPED,S,0,0,,27.574694129790213
1788178009.6312003,logic1,0.8081242293872398,0.34772473975071494,0.3007083288380947,LEFT,False,,GAZE,STOPPED,S,0,0,,31.842575159429092
1788178009.663209,logic1,0.8037958437107788,0.34589263824388206,0.3028433183772176,LEFT,False,,GAZE,STOPPED,S,0,0,,31.24202246521467
1788178009.6990438,logic1,0.8090027703103193,0.3484826410301075,0.30187709002824525,LEFT,False,,GAZE,STOPPED,S,0,0,,27.90584290295538
1788178009.7310243,logic1,0.8077951284785788,0.3482569334668756,0.304235854836965,LEFT,False,,GAZE,STOPPED,S,0,0,,31.268807264214946
1788178009.7627935,logic1,0.807298797856087,0.3463031882034716,0.30487188118730335,LEFT,False,,GAZE,STOPPED,S,0,0,,31.476716872668874
1788178009.7992954,logic1,0.8142643373111578,0.3487641040475797,0.3032791344147543,LEFT,False,,GAZE,STOPPED,S,0,0,,27.39566691269162
1788178009.8310127,logic1,0.8141710360473937,0.3450553222444235,0.30109943554018975,LEFT,False,,GAZE,STOPPED,S,0,0,,31.52900849432459
1788178009.8627064,logic1,0.8143306693823291,0.33747813826976614,0.3034655655683226,UP,False,,GAZE,STOPPED,S,0,0,,31.55154022642645
1788178009.90044,logic1,0.8188936447629555,0.3369790774693412,0.30422370283266115,UP,False,,GAZE,STOPPED,S,0,0,,26.50161121150468
1788178009.93112,logic1,0.8190742643134425,0.33871813271599027,0.30581135240019064,LEFT,False,,GAZE,STOPPED,S,0,0,,32.59559983524639
1788178009.9633327,logic1,0.8183616838558285,0.33362324375199937,0.3087428823425095,UP,False,,GAZE,STOPPED,S,0,0,,31.04293443266007
1788178009.9989717,logic1,0.822107166621083,0.3381790319792414,0.3058481450094393,UP,False,,GAZE,STOPPED,S,0,0,,28.058548072034466
1788178010.0312188,logic1,0.8243677774738394,0.34193193526929033,0.3062969651116789,LEFT,False,,GAZE,STOPPED,S,0,0,,31.011489833641406
1788178010.0634363,logic1,0.8226651817977467,0.33488416017073774,0.30640868344142536,UP,False,,GAZE,STOPPED,S,0,0,,31.039258782348718
1788178010.099618,logic1,0.8261584234704443,0.3395502863863663,0.30638392954550875,LEFT,False,,GAZE,STOPPED,S,0,0,,27.63774380600949
1788178010.1314137,logic1,0.8258657305784902,0.3419090754730262,0.30828801389516547,LEFT,False,,GAZE,STOPPED,S,0,0,,31.45122563906448
1788178010.1638856,logic1,0.8228718450360264,0.33530064175553875,0.30873863268577295,UP,False,,GAZE,STOPPED,S,0,0,,30.796087990836735
1788178010.1990185,logic1,0.8259737324187721,0.3407546644680883,0.3080079696313206,LEFT,False,,GAZE,STOPPED,S,0,0,,28.46297502714441
1788178010.2321534,logic1,0.8255454354934765,0.344233017676404,0.3061903981026712,LEFT,False,,GAZE,STOPPED,S,0,0,,30.18049419315843
1788178010.2631853,logic1,0.8242201931845357,0.3363129832961543,0.3054921709134155,UP,False,,GAZE,STOPPED,S,0,0,,32.22421634910879
1788178010.2994094,logic1,0.8144780688807021,0.3418389093762405,0.3057062763750733,LEFT,False,,GAZE,STOPPED,S,0,0,,27.605910422220028
1788178010.3312058,logic1,0.799238966478135,0.3407316654811155,0.306175251427945,LEFT,False,,GAZE,STOPPED,S,0,0,,31.45004648930746
1788178010.3633244,logic1,0.781769520141769,0.34012948451810293,0.3086381483124844,LEFT,False,,GAZE,STOPPED,S,0,0,,31.134184995212184
1788178010.3999443,logic1,0.7688383077712607,0.3501098247361455,0.31019349485352554,LEFT,False,,GAZE,STOPPED,S,0,0,,27.30791116782666
1788178010.431267,logic1,0.7668157963861879,0.3520578391711683,0.31076657552445797,LEFT,False,,GAZE,STOPPED,S,0,0,,31.925466973161413
1788178010.4631884,logic1,0.7619647219402426,0.35153096597244504,0.3132792720847347,LEFT,False,,GAZE,STOPPED,S,0,0,,31.32742781172042
1788178010.4989178,logic1,0.7604121840474491,0.3545511778036162,0.3138446394922243,LEFT,False,,GAZE,STOPPED,S,0,0,,27.987962178285212
1788178010.5308583,logic1,0.7578421361694914,0.3538372748051608,0.31456454288755237,LEFT,False,,GAZE,STOPPED,S,0,0,,31.30778532507278
1788178010.5635283,logic1,0.7540470340099393,0.35184757961825147,0.3148688802271842,LEFT,False,,GAZE,STOPPED,S,0,0,,30.60887841259879
1788178010.5999148,logic1,0.7592112455654325,0.35762730315863345,0.31438494435216274,LEFT,False,,GAZE,STOPPED,S,0,0,,27.483808400498003
1788178010.6294277,logic1,0.7647988962922059,0.35060365636233065,0.31304359775535534,LEFT,False,,GAZE,STOPPED,S,0,0,,33.88159265871253
1788178010.6628778,logic1,0.7593364601697064,0.34847465334704236,0.31390470416399996,LEFT,False,,GAZE,STOPPED,S,0,0,,29.895892285651154
1788178010.6989503,logic1,0.7290667088532541,0.3562768453392389,0.31725348114374397,LEFT,False,,GAZE,STOPPED,S,0,0,,27.722504230118442
1788178010.7314725,logic1,0.6725431681475825,0.3584069199406259,0.32195097584915655,LEFT,False,,GAZE,STOPPED,S,0,0,,30.7477750898028
1788178010.7629879,logic1,0.5742936947942339,0.36201518675981004,0.32189085122917993,CENTER,False,,GAZE,STOPPED,S,0,0,,31.731039543662952
1788178010.798605,logic1,0.45198937936684447,0.36498733802979055,0.32098124447369425,CENTER,False,,GAZE,STOPPED,S,0,0,,28.07545149068905
1788178010.8312883,logic1,0.3392045738006792,0.3677497503598961,0.3229480975461102,CENTER,False,,GAZE,STOPPED,S,0,0,,30.597267309109213
1788178010.863359,logic1,0.24973404201048582,0.3765548117866466,0.325002432452518,RIGHT,False,,GAZE,STOPPED,S,0,0,,31.18186616707927
1788178010.8996184,logic1,0.19894265987099063,0.3958418304555647,0.33358166409003315,RIGHT,False,,GAZE,STOPPED,S,0,0,,27.578501637231568
1788178010.9334555,logic1,0.1854950878307241,0.4085402283280378,0.3404469659711564,RIGHT,False,,GAZE,STOPPED,S,0,0,,29.55441874885497
1788178010.9597244,logic1,0.1887165649960839,0.4146795164166881,0.3429530843900735,RIGHT,False,,GAZE,STOPPED,S,0,0,,38.063943516258135
1788178010.9916174,logic1,0.18520581667170213,0.41658786135056586,0.3426640636516016,RIGHT,False,,GAZE,STOPPED,S,0,0,,31.353890545924813
1788178011.0286975,logic1,0.1862434730622585,0.4105465077980764,0.34147974582364427,RIGHT,False,,GAZE,STOPPED,S,0,0,,26.970067581036158
1788178011.0626016,logic1,0.1851591315115136,0.41385621359223385,0.34208300848899376,RIGHT,False,,GAZE,STOPPED,S,0,0,,29.494771632502374
1788178011.0993028,logic1,0.18096049796956018,0.4123774985514971,0.3411921756100962,RIGHT,False,,GAZE,STOPPED,S,0,0,,27.24794875626092
1788178011.130937,logic1,0.1835843324997925,0.40967820690768386,0.3419591574717171,RIGHT,False,,GAZE,STOPPED,S,0,0,,31.610750192183048
1788178011.1629999,logic1,0.1850239135783951,0.41194526684246036,0.34391211378420905,RIGHT,False,,GAZE,STOPPED,S,0,0,,31.18928605953346
1788178011.1995034,logic1,0.18299629441650087,0.4078437520965341,0.3435684091633674,RIGHT,False,,GAZE,STOPPED,S,0,0,,27.39477224929134
1788178011.231499,logic1,0.18492700786414787,0.40665155225334476,0.34281542778368485,RIGHT,False,,GAZE,STOPPED,S,0,0,,31.2536623895322
1788178011.263322,logic1,0.18499229135925177,0.4090886496509919,0.34326919077876367,RIGHT,False,,GAZE,STOPPED,S,0,0,,31.42365668734454
1788178011.2977252,logic1,0.18275622295025062,0.40957423168973933,0.34221034803362427,RIGHT,False,,GAZE,STOPPED,S,0,0,,29.066555786555785
1788178011.330167,logic1,0.1847528283945209,0.40914290394678227,0.34154908702003595,RIGHT,False,,GAZE,STOPPED,S,0,0,,30.82505805920569
1788178011.3572922,logic1,0.18474206659752507,0.4119890034547292,0.34319837339962256,RIGHT,False,,GAZE,STOPPED,S,0,0,,36.86457600900014
1788178011.3979595,logic1,0.1839632835296112,0.4120018454721587,0.3421004682779244,RIGHT,False,,GAZE,STOPPED,S,0,0,,24.590072052952177
1788178011.430968,logic1,0.18469997193448626,0.4114885067257117,0.3411987265641253,RIGHT,False,,GAZE,STOPPED,S,0,0,,30.295595394594283
1788178011.462514,logic1,0.18503666193538518,0.41309861336741327,0.3415943908652745,RIGHT,False,,GAZE,STOPPED,S,0,0,,31.699384045648642
1788178011.4994073,logic1,0.18307379781014876,0.35840121768173805,0.33596371109889145,RIGHT,False,,GAZE,STOPPED,S,0,0,,27.10566825428625
1788178011.5315003,logic1,0.17090909427965512,0.36351996612884674,0.33088356349204306,RIGHT,False,,GAZE,STOPPED,S,0,0,,31.159164691811096
1788178011.5634499,logic1,0.15630351664387027,0.3720473360034062,0.3236565810072296,RIGHT,False,,GAZE,STOPPED,S,0,0,,31.29890752790878
1788178011.5993714,logic1,0.14218485274413417,0.3813922794586742,0.31301462314352313,RIGHT,False,,GAZE,STOPPED,S,0,0,,27.839347940077392
1788178011.630992,logic1,0.13369798331690377,0.44588933086510096,0.30644934534891055,RIGHT,False,,GAZE,STOPPED,S,0,0,,31.625289349670123
1788178011.6625855,logic1,0.14763657966487437,0.4403397743196501,0.30569298163543784,RIGHT,False,,GAZE,STOPPED,S,0,0,,31.651063637118256
1788178011.6992297,logic1,0.1692343708161928,0.4294548720912967,0.3065002185547635,RIGHT,False,,GAZE,STOPPED,S,0,0,,27.289610660004165
1788178011.7316024,logic1,0.188250292471676,0.41521132341726763,0.30967977900425964,RIGHT,False,,GAZE,STOPPED,S,0,0,,30.889757922567625
1788178011.7633436,logic1,0.20634537056934082,0.4019579639373573,0.3151067772785126,RIGHT,False,,GAZE,STOPPED,S,0,0,,31.505562274185188
1788178011.7994208,logic1,0.2121381243474641,0.4011809750777809,0.31420874711331226,RIGHT,False,,GAZE,STOPPED,S,0,0,,27.718107322231035
1788178011.8314016,logic1,0.21433066226279013,0.4071548071841006,0.3146139682326017,RIGHT,False,,GAZE,STOPPED,S,0,0,,31.269506612790195
1788178011.8628755,logic1,0.2245292384847268,0.41405217604742794,0.3149390052264821,RIGHT,False,,GAZE,STOPPED,S,0,0,,31.77238260447993
1788178011.8994286,logic1,0.2300312981710132,0.41822446293663385,0.31271961596944653,RIGHT,False,,GAZE,STOPPED,S,0,0,,27.357784401844594
1788178011.931966,logic1,0.23944687272672108,0.42139842746329803,0.31155326529945027,RIGHT,False,,GAZE,STOPPED,S,0,0,,30.73628362682378
1788178011.9631553,logic1,0.24473382946325403,0.42067221817177314,0.3123970240661792,RIGHT,False,,GAZE,STOPPED,S,0,0,,32.058701235171824
1788178011.9988759,logic1,0.24089757490222694,0.418661174211301,0.3117302509223172,RIGHT,False,,GAZE,STOPPED,S,0,0,,27.994500286999585
1788178012.0311406,logic1,0.24044060407080373,0.41907743617272314,0.31170616679679275,RIGHT,False,,GAZE,STOPPED,S,0,0,,30.994073570489043
1788178012.062952,logic1,0.24047593095773329,0.4186300054010754,0.3138785199078934,RIGHT,False,,GAZE,STOPPED,S,0,0,,31.436139196390428
1788178012.098927,logic1,0.23906180359563856,0.4182048030470036,0.3113503495639805,RIGHT,False,,GAZE,STOPPED,S,0,0,,27.79636035892746
1788178012.131591,logic1,0.24095657863093167,0.41961597926797806,0.3113989525320414,RIGHT,False,,GAZE,STOPPED,S,0,0,,30.61424035619138
1788178012.1626346,logic1,0.2428975384116351,0.42110487835529387,0.3122754470739794,RIGHT,False,,GAZE,STOPPED,S,0,0,,32.213821600282635
1788178012.1989925,logic1,0.2439585101166132,0.4229461176559687,0.30668091929356456,RIGHT,False,,GAZE,STOPPED,S,0,0,,27.503813139758293
1788178012.2310967,logic1,0.2700788066719528,0.41715901764942476,0.30177196639733506,RIGHT,False,,GAZE,STOPPED,S,0,0,,31.148982941338105
1788178012.2628431,logic1,0.32989085633363413,0.4084678226793153,0.2929263747120555,CENTER,False,,GAZE,STOPPED,S,0,0,,31.49964702524896
1788178012.2991161,logic1,0.4136707281655795,0.3979245660901289,0.2875144006754652,CENTER,False,,GAZE,STOPPED,S,0,0,,27.5683506198157
1788178012.3313503,logic1,0.5233972428876015,0.388683516887084,0.28993969178907386,CENTER,False,,GAZE,STOPPED,S,0,0,,31.022958579881657
1788178012.3631184,logic1,0.622968463510966,0.3823077694903294,0.29158680641243084,CENTER,False,,GAZE,STOPPED,S,0,0,,31.47860675607724
1788178012.3990724,logic1,0.6889095725516826,0.38050555205437425,0.2983227587233016,LEFT,False,,GAZE,STOPPED,S,0,0,,27.81313369097432
1788178012.4310691,logic1,0.7227232704950604,0.3808756761050549,0.3033234046863331,LEFT,False,,GAZE,STOPPED,S,0,0,,31.25319662603201
1788178012.463548,logic1,0.7290164984732064,0.37876557091781693,0.3061282867041275,LEFT,False,,GAZE,STOPPED,S,0,0,,30.789306006195588
1788178012.499111,logic1,0.7260103776664641,0.38298504902322816,0.31358340125333795,LEFT,False,,GAZE,STOPPED,S,0,0,,28.119307325641422
1788178012.5310874,logic1,0.7205461888497915,0.3865388254815591,0.3185383711366425,LEFT,False,,GAZE,STOPPED,S,0,0,,31.272537484808495
1788178012.5640125,logic1,0.7195764987708175,0.38461316899096365,0.3207606086716906,LEFT,False,,GAZE,STOPPED,S,0,0,,30.37237863515236
1788178012.598036,logic1,0.7413852490478816,0.37930464515743284,0.3188123401288575,LEFT,False,,GAZE,STOPPED,S,0,0,,29.390812007736077
1788178012.6315196,logic1,0.762510435467179,0.37058122885653794,0.3143101285903952,LEFT,False,,GAZE,STOPPED,S,0,0,,29.865664096155626
1788178012.6629102,logic1,0.7802249348268774,0.35935712202343206,0.3107519025055152,LEFT,False,,GAZE,STOPPED,S,0,0,,31.856360556876268
1788178012.6995218,logic1,0.7993029642778453,0.3529151059032819,0.3079316421551037,LEFT,False,,GAZE,STOPPED,S,0,0,,27.31395750167688
1788178012.7309523,logic1,0.7984218248552639,0.35161187803030997,0.3074162387996884,LEFT,False,,GAZE,STOPPED,S,0,0,,31.81697085552167
1788178012.7634919,logic1,0.7920704556656863,0.34919001509695097,0.3085450239037331,LEFT,False,,GAZE,STOPPED,S,0,0,,30.730878851155804
1788178012.7985687,logic1,0.7902220564363791,0.35130608991273504,0.30956212421245105,LEFT,False,,GAZE,STOPPED,S,0,0,,28.509213504530283
1788178012.8296585,logic1,0.7938133603524954,0.3530875036418574,0.31015315771694557,LEFT,False,,GAZE,STOPPED,S,0,0,,32.16466131394698
1788178012.8609076,logic1,0.7934054675080217,0.3494903469902389,0.3104362682962991,LEFT,False,,GAZE,STOPPED,S,0,0,,32.000488288700694
1788178012.8955076,logic1,0.8014574699560493,0.3467185177892111,0.30999578022421126,LEFT,False,,GAZE,STOPPED,S,0,0,,28.902713653716287
1788178012.9298441,logic1,0.8137628857779863,0.34784344574013704,0.3081902201286951,LEFT,False,,GAZE,STOPPED,S,0,0,,29.12245960714608
1788178012.9633796,logic1,0.8190954982304326,0.34419455251877584,0.30709504200652943,LEFT,False,,GAZE,STOPPED,S,0,0,,29.81958821522011
1788178012.9992912,logic1,0.8228810175426176,0.34064260903260435,0.3068795574449835,LEFT,False,,GAZE,STOPPED,S,0,0,,27.84637140410163
1788178013.0309877,logic1,0.8268018578924473,0.34803776086904714,0.3067106812528385,LEFT,False,,GAZE,STOPPED,S,0,0,,31.548455035051298
1788178013.0610373,logic1,0.823543400323556,0.3408685470246294,0.3066845958975648,LEFT,False,,GAZE,STOPPED,S,0,0,,33.27835476883772
1788178013.0948749,logic1,0.8195779395392999,0.3362508048351386,0.3070278270236332,UP,False,,GAZE,STOPPED,S,0,0,,29.55316930187988
1788178013.1299918,logic1,0.8250483331002819,0.3441276111170397,0.3064125289130696,LEFT,False,,GAZE,STOPPED,S,0,0,,28.475922141581744
1788178013.1620808,logic1,0.8194290532191567,0.33961261328589476,0.30602801057067597,LEFT,False,,GAZE,STOPPED,S,0,0,,31.163563414815364
1788178013.1977057,logic1,0.8171829642005435,0.3426097868805579,0.3064413852293807,LEFT,False,,GAZE,STOPPED,S,0,0,,28.070190467267203
1788178013.2297487,logic1,0.824056162620816,0.3495983997805965,0.30590770665664163,LEFT,False,,GAZE,STOPPED,S,0,0,,31.208083453622823
1788178013.2561393,logic1,0.8222567584751682,0.3457239864829227,0.3062881310892619,LEFT,False,,GAZE,STOPPED,S,0,0,,37.89166335417194
1788178013.2974777,logic1,0.8211918939583434,0.34337371334698186,0.30761912171046507,LEFT,False,,GAZE,STOPPED,S,0,0,,24.19083652470816
1788178013.3295765,logic1,0.8250860056868622,0.3463297941471839,0.30831150664963947,LEFT,False,,GAZE,STOPPED,S,0,0,,31.15384158298176
1788178013.3575425,logic1,0.8223338368201638,0.34380563850094736,0.3085920819496954,LEFT,False,,GAZE,STOPPED,S,0,0,,35.75798187506927
1788178013.391933,logic1,0.8176092616351833,0.33917996776896925,0.3104705030662761,LEFT,False,,GAZE,STOPPED,S,0,0,,29.077840326114085
1788178013.4299123,logic1,0.8266450479303713,0.34356687063408714,0.30966630043507093,LEFT,False,,GAZE,STOPPED,S,0,0,,26.329757248946947
1788178013.4619086,logic1,0.8247998186168625,0.3422577967265127,0.3085672493946473,LEFT,False,,GAZE,STOPPED,S,0,0,,31.2536623895322
1788178013.4981387,logic1,0.8208183887404652,0.3375812944594545,0.31191663328704433,UP,False,,GAZE,STOPPED,S,0,0,,27.601732057542215
1788178013.5301788,logic1,0.826971328419039,0.3439020040639694,0.31019690263475386,LEFT,False,,GAZE,STOPPED,S,0,0,,31.210870179929458
1788178013.5633028,logic1,0.8216534256974143,0.3422016850940979,0.3098556669575363,LEFT,False,,GAZE,STOPPED,S,0,0,,30.18983524195464
1788178013.5994818,logic1,0.8187992638846098,0.3387292806218041,0.31234551773825914,LEFT,False,,GAZE,STOPPED,S,0,0,,27.64065795023197
1788178013.6305969,logic1,0.8267183108579168,0.34367828353170066,0.3085181758806997,LEFT,False,,GAZE,STOPPED,S,0,0,,32.13853663021907
1788178013.6633708,logic1,0.8224742560906867,0.34157629227185016,0.30801847068507615,LEFT,False,,GAZE,STOPPED,S,0,0,,30.512239657216853
1788178013.6991775,logic1,0.8185351996341446,0.33905087066999506,0.3089585166936508,LEFT,False,,GAZE,STOPPED,S,0,0,,27.927210743939224
1788178013.7312381,logic1,0.8239487651179154,0.3443847591719036,0.3072197520571532,LEFT,False,,GAZE,STOPPED,S,0,0,,31.190909631744898
1788178013.7632747,logic1,0.8204307774030482,0.3429673233958824,0.3064060912451638,LEFT,False,,GAZE,STOPPED,S,0,0,,31.21458658926844
1788178013.7989771,logic1,0.8179435088108196,0.340494028741092,0.30782314662258436,LEFT,False,,GAZE,STOPPED,S,0,0,,28.00964305986844
1788178013.8308141,logic1,0.827874324503472,0.34446839944593954,0.3065107173255133,LEFT,False,,GAZE,STOPPED,S,0,0,,31.40930229075088
1788178013.8626704,logic1,0.8269636877218413,0.345428117715912,0.30485043412625296,LEFT,False,,GAZE,STOPPED,S,0,0,,31.391671406759873
1788178013.8997319,logic1,0.8216582029811381,0.34456173491089614,0.30752541474929185,LEFT,False,,GAZE,STOPPED,S,0,0,,26.98186543496581
1788178013.9318326,logic1,0.8270265366812175,0.3531845496028457,0.3073206389489167,LEFT,False,,GAZE,STOPPED,S,0,0,,31.152453244997698
1788178013.963143,logic1,0.8241142920379445,0.3541373147270336,0.30712890035843965,LEFT,False,,GAZE,STOPPED,S,0,0,,31.938108219240668
1788178013.9998853,logic1,0.8183018952888934,0.3472282765654848,0.3095409923210317,LEFT,False,,GAZE,STOPPED,S,0,0,,27.217359705134196
1788178014.03133,logic1,0.8241158533046935,0.3512994717436388,0.30769423110435346,LEFT,False,,GAZE,STOPPED,S,0,0,,31.800808230914452
1788178014.0632806,logic1,0.8223724497566192,0.34714284997057876,0.30626550208453307,LEFT,False,,GAZE,STOPPED,S,0,0,,31.297973315822464
1788178014.0989158,logic1,0.8166395613421769,0.3391442114575506,0.30910372035741485,LEFT,False,,GAZE,STOPPED,S,0,0,,28.062302628057594
1788178014.1312573,logic1,0.8235748990957599,0.34540424922798324,0.30825663514875856,LEFT,False,,GAZE,STOPPED,S,0,0,,30.91936042697176
1788178014.163038,logic1,0.821982160253764,0.34577984647519366,0.30761644186914516,LEFT,False,,GAZE,STOPPED,S,0,0,,31.466562635977613
1788178014.1990204,logic1,0.8173651759535993,0.3432652246485551,0.3098306323665152,LEFT,False,,GAZE,STOPPED,S,0,0,,27.79120340308239
1788178014.231574,logic1,0.8214032966092886,0.3515761040832643,0.3087649025991009,LEFT,False,,GAZE,STOPPED,S,0,0,,30.718275096857354
1788178014.2641134,logic1,0.8206458723889163,0.3528267663769737,0.3084933839842156,LEFT,False,,GAZE,STOPPED,S,0,0,,30.732229866865964
1788178014.2992835,logic1,0.8184784810292458,0.3505728209146608,0.3119565520200265,LEFT,False,,GAZE,STOPPED,S,0,0,,28.433260571877923
1788178014.3308735,logic1,0.8257325242902896,0.3539900879624275,0.31119753984360715,LEFT,False,,GAZE,STOPPED,S,0,0,,31.655363436705183
1788178014.363488,logic1,0.82574052288138,0.35478435479050874,0.30968810498819616,LEFT,False,,GAZE,STOPPED,S,0,0,,30.661013479926314
1788178014.3990285,logic1,0.8196976953854607,0.34577696187203316,0.31081702129641164,LEFT,False,,GAZE,STOPPED,S,0,0,,28.137039049554897
1788178014.4313674,logic1,0.8237761519622624,0.34724593974487195,0.308845873669645,LEFT,False,,GAZE,STOPPED,S,0,0,,30.923235719130613
1788178014.4631665,logic1,0.823852303353058,0.34609835321030874,0.3068915596002392,LEFT,False,,GAZE,STOPPED,S,0,0,,31.446509570472113
1788178014.4993474,logic1,0.8175067286380308,0.33915582928930227,0.30830672640757556,LEFT,False,,GAZE,STOPPED,S,0,0,,27.639200801307396
1788178014.531029,logic1,0.8248296795461147,0.3450584312208469,0.30833957774390064,LEFT,False,,GAZE,STOPPED,S,0,0,,31.56388702843855
1788178014.5638895,logic1,0.8240765561991331,0.344120030982201,0.30779081349925563,LEFT,False,,GAZE,STOPPED,S,0,0,,30.432098675857066
1788178014.600128,logic1,0.8180699051999017,0.34075645609841365,0.3104529363931403,LEFT,False,,GAZE,STOPPED,S,0,0,,27.59483144293271
1788178014.6316025,logic1,0.8277584774092885,0.34481150653643244,0.308908874887839,LEFT,False,,GAZE,STOPPED,S,0,0,,31.77190125214941
1788178014.6634557,logic1,0.8251167079592046,0.34491214370306544,0.30774993896519454,LEFT,False,,GAZE,STOPPED,S,0,0,,31.393081149050193
1788178014.6992974,logic1,0.8188300627621872,0.34315068444086866,0.31013249174605406,LEFT,False,,GAZE,STOPPED,S,0,0,,27.901387650838842
1788178014.7308815,logic1,0.825117985363776,0.34833143514077247,0.31048308674599195,LEFT,False,,GAZE,STOPPED,S,0,0,,31.66109832043782
1788178014.7630394,logic1,0.8249370740175263,0.3528203831988991,0.31142226470395035,LEFT,False,,GAZE,STOPPED,S,0,0,,31.096329356988754
1788178014.7991934,logic1,0.8206795606876865,0.3476263719220448,0.31411898991214543,LEFT,False,,GAZE,STOPPED,S,0,0,,27.659797281701938
1788178014.8312187,logic1,0.8314999952898476,0.3524421349990069,0.3140915621222158,LEFT,False,,GAZE,STOPPED,S,0,0,,31.224578826297023
1788178014.8632722,logic1,0.8315005447484962,0.354715432862824,0.3137316305501761,LEFT,False,,GAZE,STOPPED,S,0,0,,31.19856589233779
1788178014.8991334,logic1,0.8225939786713626,0.3488457730913643,0.31656252347259045,LEFT,False,,GAZE,STOPPED,S,0,0,,27.88469311775343
1788178014.9312391,logic1,0.8284794788821941,0.35470260108075435,0.3157122799705393,LEFT,False,,GAZE,STOPPED,S,0,0,,31.14713242883983
1788178014.963565,logic1,0.8252921993446145,0.3531297833916536,0.31391632860972385,LEFT,False,,GAZE,STOPPED,S,0,0,,30.936236437796413
1788178014.9992578,logic1,0.8185775145258603,0.34630321638351924,0.31610893884625246,LEFT,False,,GAZE,STOPPED,S,0,0,,28.015817035374585
1788178015.03121,logic1,0.8215275284634278,0.34922296740698083,0.31499975051641904,LEFT,False,,GAZE,STOPPED,S,0,0,,31.297039159503342
1788178015.0637004,logic1,0.8222597305384702,0.34748741458067994,0.31387127525300396,LEFT,False,,GAZE,STOPPED,S,0,0,,30.778235186204366
1788178015.0990744,logic1,0.8166630221535519,0.34372275996724416,0.3158510234770959,LEFT,False,,GAZE,STOPPED,S,0,0,,28.269218844779942
1788178015.1311595,logic1,0.8226785880525693,0.3481985891170071,0.314511259260922,LEFT,False,,GAZE,STOPPED,S,0,0,,31.1675001671955
1788178015.1632605,logic1,0.8237613402291041,0.34531038222700006,0.31275718435635264,LEFT,False,,GAZE,STOPPED,S,0,0,,31.15152775508385
1788178015.1985931,logic1,0.8151012257868453,0.3429906309883304,0.31540448105910374,LEFT,False,,GAZE,STOPPED,S,0,0,,28.302410321466166
1788178015.2308278,logic1,0.8178740269878999,0.3465853290866856,0.3151700063616318,LEFT,False,,GAZE,STOPPED,S,0,0,,31.02272912182602
1788178015.2633321,logic1,0.8176399310498157,0.346175743406256,0.31299111832545967,LEFT,False,,GAZE,STOPPED,S,0,0,,30.76468991821616
1788178015.2998543,logic1,0.8147462904865989,0.34655409694332756,0.31623256691073176,LEFT,False,,GAZE,STOPPED,S,0,0,,27.381001808294656
1788178015.3312323,logic1,0.820428228793006,0.34864386414511983,0.3155545223724666,LEFT,False,,GAZE,STOPPED,S,0,0,,31.869189271331965
1788178015.3628957,logic1,0.8265959384425152,0.35217729423889205,0.31415797004512336,LEFT,False,,GAZE,STOPPED,S,0,0,,31.582425360490944
1788178015.39883,logic1,0.822473793797691,0.35233090978873,0.3177972092353651,LEFT,False,,GAZE,STOPPED,S,0,0,,27.827896206949173
1788178015.4307406,logic1,0.8238266087065718,0.3552593644439752,0.31645756725385044,LEFT,False,,GAZE,STOPPED,S,0,0,,31.338194859533772
1788178015.4630213,logic1,0.8285754555714955,0.3590021720899329,0.3148338830407851,LEFT,False,,GAZE,STOPPED,S,0,0,,30.978735976010576
1788178015.4988859,logic1,0.8181339610878552,0.3595573418040924,0.3175767233413562,LEFT,False,,GAZE,STOPPED,S,0,0,,27.88265404481908
1788178015.5308077,logic1,0.8196900702452566,0.35852953183235825,0.31643997794349543,LEFT,False,,GAZE,STOPPED,S,0,0,,31.32625792622357
1788178015.5631366,logic1,0.8255664115717624,0.3607433620700848,0.3149490496469873,LEFT,False,,GAZE,STOPPED,S,0,0,,30.93190165046682
1788178015.599986,logic1,0.8185276546062734,0.35989227858234124,0.3168826619176803,LEFT,False,,GAZE,STOPPED,S,0,0,,27.137411198385074
1788178015.6277196,logic1,0.8240530529965435,0.35675573854250786,0.3162974717731884,LEFT,False,,GAZE,STOPPED,S,0,0,,36.05739191733363
1788178015.6631372,logic1,0.8282723922727036,0.3623995366980106,0.31478800993166,LEFT,False,,GAZE,STOPPED,S,0,0,,28.234394458543417
1788178015.6991835,logic1,0.8214901079673298,0.36048549370681104,0.31596463594101587,LEFT,False,,GAZE,STOPPED,S,0,0,,27.742674586271214
1788178015.731127,logic1,0.8246672504655965,0.3597342104791392,0.3147995889744658,LEFT,False,,GAZE,STOPPED,S,0,0,,31.305214918533224
1788178015.763123,logic1,0.8299460789101976,0.36078092167518205,0.3121651130063956,LEFT,False,,GAZE,STOPPED,S,0,0,,31.252963749487723
1788178015.7994359,logic1,0.8251344689035671,0.35604591080774983,0.31465355627394487,LEFT,False,,GAZE,STOPPED,S,0,0,,27.539027208740414
1788178015.8307204,logic1,0.8246318700733455,0.3541325792804755,0.31419425996142075,LEFT,False,,GAZE,STOPPED,S,0,0,,31.965125938345462
1788178015.8630881,logic1,0.8297466539186501,0.3542583199806246,0.3128883945137477,LEFT,False,,GAZE,STOPPED,S,0,0,,30.894536026281287
1788178015.899482,logic1,0.8189183501363835,0.35056810582800985,0.3167319725252168,LEFT,False,,GAZE,STOPPED,S,0,0,,27.477686643431777
1788178015.9311285,logic1,0.8185951294886259,0.3514171478521552,0.31643419654105664,LEFT,False,,GAZE,STOPPED,S,0,0,,31.59812865849524
1788178015.9630933,logic1,0.8265882460877154,0.35159050411802595,0.3144301266684323,LEFT,False,,GAZE,STOPPED,S,0,0,,31.28466685065153
1788178015.9992764,logic1,0.8172545400253244,0.3506838360920055,0.3167553340240608,LEFT,False,,GAZE,STOPPED,S,0,0,,27.63774380600949
1788178016.0312116,logic1,0.8176861203435115,0.3531512484418207,0.3158863275368922,LEFT,False,,GAZE,STOPPED,S,0,0,,31.31269363713055
1788178016.0633438,logic1,0.823590310929505,0.35275107122350846,0.3128890824931542,LEFT,False,,GAZE,STOPPED,S,0,0,,31.12147923901107
1788178016.0992208,logic1,0.8179741742489864,0.35732027963030866,0.3163913661492287,LEFT,False,,GAZE,STOPPED,S,0,0,,27.872833599149388
1788178016.1310468,logic1,0.816308318213245,0.35693274129633273,0.31758098885208075,LEFT,False,,GAZE,STOPPED,S,0,0,,31.42083183507132
1788178016.1631982,logic1,0.8260318273110534,0.35707014190816294,0.3153794358800556,LEFT,False,,GAZE,STOPPED,S,0,0,,31.103247287747216
1788178016.1988087,logic1,0.817932767587264,0.35823359126176685,0.31884000228003173,LEFT,False,,GAZE,STOPPED,S,0,0,,28.081466504197856
1788178016.2311466,logic1,0.8142442311924041,0.35621867318777883,0.31851697361516157,LEFT,False,,GAZE,STOPPED,S,0,0,,30.92346370774505
1788178016.262986,logic1,0.8218651433871661,0.3591237623962524,0.3166425666159751,LEFT,False,,GAZE,STOPPED,S,0,0,,31.407891091258996
1788178016.2990584,logic1,0.8131502135942449,0.35880254259428607,0.319285153024685,LEFT,False,,GAZE,STOPPED,S,0,0,,27.72177131526768
1788178016.3309557,logic1,0.8087649074660457,0.35876056951401925,0.31940873998174724,LEFT,False,,GAZE,STOPPED,S,0,0,,31.3503752204981
1788178016.3629596,logic1,0.8126693066718442,0.3584865293046964,0.31866490457397934,LEFT,False,,GAZE,STOPPED,S,0,0,,31.246677394362
1788178016.399099,logic1,0.804710820363389,0.35916578392225207,0.320403394616867,LEFT,False,,GAZE,STOPPED,S,0,0,,27.670198308506286
1788178016.4309936,logic1,0.8066862820369665,0.359717751312022,0.32079870435358226,LEFT,False,,GAZE,STOPPED,S,0,0,,31.353187417772993
1788178016.4631133,logic1,0.8170224358126164,0.3597661767277587,0.3189096080116966,LEFT,False,,GAZE,STOPPED,S,0,0,,31.133260590405357
1788178016.499286,logic1,0.8123825925991777,0.3597563415906304,0.32131095433925294,LEFT,False,,GAZE,STOPPED,S,0,0,,27.64594140328906
1788178016.530951,logic1,0.8146833379850681,0.35981074337172925,0.3213580149588974,LEFT,True,,GAZE,TURN_LEFT,L,10,19,,31.57957189215236
1788178016.5631166,logic1,0.8171349625680651,0.36041849177273944,0.31967792181505955,LEFT,True,,GAZE,TURN_LEFT,L,19,35,,31.089644948484175
1788178016.5997734,logic1,0.8093048386955348,0.3591435138677565,0.32222536902648113,LEFT,True,,GAZE,TURN_LEFT,L,26,50,,27.280380883003357
1788178016.631251,logic1,0.8097782217288817,0.3586953932190683,0.32112247482261225,LEFT,True,,GAZE,TURN_LEFT,L,33,62,,31.767810346133455
1788178016.663335,logic1,0.817218235114012,0.3565295621011497,0.3195344142150761,LEFT,True,,GAZE,TURN_LEFT,L,39,73,,31.168889846693467
1788178016.6990957,logic1,0.8098018688707513,0.35314865369572757,0.3196312584061951,LEFT,True,,GAZE,TURN_LEFT,L,44,83,,27.963704488936003
1788178016.7313359,logic1,0.8128402372971555,0.3564811299349707,0.32060373597029884,LEFT,True,,GAZE,TURN_LEFT,L,49,91,,31.016993773386776
1788178016.7628214,logic1,0.8183670970510811,0.3588654848978079,0.3197418234019419,LEFT,True,,GAZE,TURN_LEFT,L,53,98,,31.760112674349926
1788178016.7991872,logic1,0.8069541892862512,0.35730371535817107,0.3213241675496202,LEFT,True,,GAZE,TURN_LEFT,L,56,105,,27.498403582269603
1788178016.83114,logic1,0.8088919439685018,0.35961610901868096,0.3228742056167286,LEFT,True,,GAZE,TURN_LEFT,L,59,111,,31.296805629136603
1788178016.8632863,logic1,0.8133364753208578,0.35660844625266114,0.3204640571951276,LEFT,True,,GAZE,TURN_LEFT,L,62,115,,31.107630236145724
1788178016.89953,logic1,0.8087123541973704,0.35155520485046177,0.32179961674228835,LEFT,True,,GAZE,TURN_LEFT,L,64,120,,27.591200926218292
1788178016.9304876,logic1,0.8139377176788565,0.3534510585399051,0.3209781522166274,LEFT,True,,GAZE,TURN_LEFT,L,66,124,,32.30114747785907
1788178016.962812,logic1,0.8193083917981532,0.35493703037217883,0.319129908552559,LEFT,True,,GAZE,TURN_LEFT,L,68,127,,30.936692801876426
1788178016.9988024,logic1,0.8108635413232355,0.35315933932718496,0.3202079970526925,LEFT,True,,GAZE,TURN_LEFT,L,69,130,,27.785496147807596
1788178017.0313046,logic1,0.8105959414537025,0.3560707278083479,0.3211261051407793,LEFT,True,,GAZE,TURN_LEFT,L,71,132,,30.766946634879883
1788178017.0630968,logic1,0.8117063366302845,0.3561947447160833,0.320952627658107,LEFT,True,,GAZE,TURN_LEFT,L,72,135,,31.454291842274984
1788178017.0993948,logic1,0.8052918853155865,0.35554131808509054,0.3220202241159563,LEFT,True,,GAZE,TURN_LEFT,L,73,136,,27.550061414974746
1788178017.1317031,logic1,0.8085015139115118,0.3593326980456406,0.3213977991391595,LEFT,True,,GAZE,TURN_LEFT,L,74,138,,30.95153196764862
1788178017.1632583,logic1,0.8135527269856273,0.35866214269566987,0.31905360464131544,LEFT,True,,GAZE,TURN_LEFT,L,74,140,,31.69004336854194
1788178017.1992438,logic1,0.8079203030104098,0.3585640282599483,0.3198968522008613,LEFT,True,,GAZE,TURN_LEFT,L,75,141,,27.789730338567548
1788178017.23159,logic1,0.8109954593545904,0.35872922649692895,0.3219076023376006,LEFT,True,,GAZE,TURN_LEFT,L,76,142,,30.91525823499495
1788178017.2628767,logic1,0.8149575048880796,0.3573622604853975,0.3207670589441902,LEFT,True,,GAZE,TURN_LEFT,L,76,143,,31.962446466401474
1788178017.2995207,logic1,0.8093899895614616,0.35604576518449593,0.320852112494858,LEFT,True,,GAZE,TURN_LEFT,L,77,144,,27.289610660004165
1788178017.3311193,logic1,0.8140455369021258,0.35731331717213066,0.3134052275512731,LEFT,True,,GAZE,TURN_LEFT,L,77,145,,31.646048680378456
1788178017.363234,logic1,0.8200074226152692,0.35501207509097765,0.30247198757945293,LEFT,True,,GAZE,TURN_LEFT,L,78,145,,31.138576667805015
1788178017.3991668,logic1,0.8241827225213774,0.35217341337750246,0.29772089242218347,LEFT,True,,GAZE,TURN_LEFT,L,78,146,,27.8301119360896
1788178017.4308162,logic1,0.8298203908646358,0.35376772953881397,0.2927802880433129,LEFT,True,,GAZE,TURN_LEFT,L,78,146,,31.595510357815442
1788178017.4631548,logic1,0.8352561065250355,0.35141390910920184,0.2954005904022594,LEFT,True,,GAZE,TURN_LEFT,L,78,147,,30.92346370774505
1788178017.4993086,logic1,0.8302895316828663,0.35419784212903715,0.29790631980864873,LEFT,True,,GAZE,TURN_LEFT,L,79,147,,27.65925007583651
1788178017.5309467,logic1,0.821447804740641,0.35521935772483637,0.2891237770950428,LEFT,True,,GAZE,TURN_LEFT,L,79,148,,31.607653411103325
1788178017.5632243,logic1,0.8223666761203394,0.3679925267859629,0.26900683999373154,LEFT,True,,GAZE,TURN_LEFT,L,79,148,,30.981024205402452
1788178017.5995624,logic1,0.8223666761203394,0.3679925267859629,0.23733883176889106,LEFT,True,,GAZE,TURN_LEFT,L,79,148,,27.519512899246777
1788178017.6312404,logic1,0.8223666761203394,0.3679925267859629,0.2067263158743751,LEFT,True,,GAZE,TURN_LEFT,L,79,148,,31.568163173145674
1788178017.6638386,logic1,0.8223666761203394,0.3679925267859629,0.18690609811388098,LEFT,True,,GAZE,TURN_LEFT,L,79,149,,30.676262360306595
1788178017.6971252,logic1,0.8223666761203394,0.3679925267859629,0.1818143895370241,LEFT,True,,GAZE,TURN_LEFT,L,79,149,,30.042359952153454
1788178017.731165,logic1,0.7554034013140385,0.36409045896240566,0.19558390629478198,LEFT,True,,GAZE,TURN_LEFT,L,79,149,,29.377225545267347
1788178017.7633185,logic1,0.6778092663840697,0.3709381067016815,0.21811397235229904,LEFT,True,,GAZE,TURN_LEFT,L,79,149,,31.100479746112722
1788178017.7993903,logic1,0.604688625776375,0.38729775334536687,0.2426228449621772,CENTER,True,,GAZE,TURN_LEFT,L,80,149,,27.72323718372419
1788178017.830975,logic1,0.5229610483902467,0.3863088402886259,0.2646911635302337,CENTER,True,,GAZE,TURN_LEFT,L,80,149,,31.660142362185706
1788178017.8627958,logic1,0.5097602469113225,0.40721727378341144,0.280574090756461,CENTER,True,,GAZE,TURN_LEFT,L,80,149,,31.426482047593357
1788178017.8993905,logic1,0.512294722993343,0.41569022943622613,0.2898994291609753,CENTER,True,,GAZE,TURN_LEFT,L,80,149,,27.325702149283682
1788178017.9315982,logic1,0.5129113008091015,0.41714727598164375,0.29369587077870674,CENTER,True,,GAZE,TURN_LEFT,L,80,150,,31.048679379367524
1788178017.9638062,logic1,0.5143888410865779,0.4192543625591326,0.29675703278715637,CENTER,False,,GAZE,STOPPED,S,70,131,,31.048219705381598
1788178017.9994164,logic1,0.5128352289099456,0.41878465026493134,0.2981939887562264,CENTER,False,,GAZE,STOPPED,S,61,114,,28.08221856211251
1788178018.0334866,logic1,0.5129239774307583,0.4183436731068161,0.2980493025487766,CENTER,False,,GAZE,STOPPED,S,53,100,,29.3509118136905
1788178018.0635202,logic1,0.5114862150381235,0.4168963430218054,0.29848885286736354,CENTER,False,,GAZE,STOPPED,S,47,88,,33.29631893561114
1788178018.0993295,logic1,0.5157332701843953,0.41798120378831083,0.29996362754914907,CENTER,False,,GAZE,STOPPED,S,41,77,,27.925351371864952
1788178018.131577,logic1,0.5193347023677197,0.41755330100193877,0.30005459487205854,CENTER,False,,GAZE,STOPPED,S,36,67,,31.009884885809978
1788178018.1635132,logic1,0.5225520875655479,0.41643603466972234,0.30060563550996533,CENTER,False,,GAZE,STOPPED,S,31,59,,31.312927404664496
1788178018.1996467,logic1,0.5274371784933586,0.41687160062284334,0.3025095718185159,CENTER,False,,GAZE,STOPPED,S,27,51,,27.675310450400517
1788178018.2311132,logic1,0.5289437342736918,0.4167941560387533,0.30277584862569384,CENTER,False,,GAZE,STOPPED,S,24,45,,31.779363852646572
1788178018.2632794,logic1,0.5307103517519804,0.418456348394199,0.3027277072942923,CENTER,False,,GAZE,STOPPED,S,21,39,,31.088953621963785
1788178018.2994208,logic1,0.5302294922619444,0.4164323464480151,0.30399241524732495,CENTER,False,,GAZE,STOPPED,S,18,34,,27.668738043406556
1788178018.3313391,logic1,0.5300104755226303,0.41582853309892914,0.3037793819000097,CENTER,False,,GAZE,STOPPED,S,16,30,,31.330235893452052
1788178018.3640606,logic1,0.5284759248143691,0.4144079839568962,0.3032216041533168,CENTER,False,,GAZE,STOPPED,S,14,26,,30.560927982279736
1788178018.399646,logic1,0.5275120965902362,0.41237066413635404,0.3053184788244445,CENTER,False,,GAZE,STOPPED,S,12,23,,28.10178621678481
1788178018.4316728,logic1,0.5256382891358145,0.4116426615815287,0.3045189467847431,CENTER,False,,GAZE,STOPPED,S,11,20,,31.223184176635673
1788178018.4631941,logic1,0.5149866576528865,0.4148227358394885,0.30242887828266074,CENTER,False,,GAZE,STOPPED,S,9,18,,31.724559413054987
1788178018.4994552,logic1,0.506318583692613,0.42026758230932865,0.3012073366232669,CENTER,False,,GAZE,STOPPED,S,8,15,,27.577776316654614
1788178018.5632734,logic1,0.4964319474540213,0.42370532540284733,0.2982979376082706,CENTER,False,,GAZE,STOPPED,S,7,14,,15.669507197214513
1788178018.5992165,logic1,0.4877673677518309,0.4273729511202041,0.29662235818985283,CENTER,False,,GAZE,STOPPED,S,6,12,,27.822358427361312
1788178018.631452,logic1,0.49036106840072907,0.42615771647388245,0.29614460721307806,CENTER,False,,GAZE,STOPPED,S,6,10,,31.020893579569407
1788178018.6631088,logic1,0.4902015986338357,0.4237724463395109,0.2953218563491891,CENTER,False,,GAZE,STOPPED,S,5,9,,31.589085459078003
1788178018.699173,logic1,0.4910533934700488,0.42407020115555405,0.29502303416873066,CENTER,False,,GAZE,STOPPED,S,4,8,,27.728735571392683
1788178018.7312143,logic1,0.4927209360871945,0.4231860799463472,0.294035304499024,CENTER,False,,GAZE,STOPPED,S,4,7,,31.209476754568723
1788178018.7614784,logic1,0.4909899297044621,0.42331551468753725,0.29382217688098433,CENTER,False,,GAZE,STOPPED,S,3,6,,33.04214655973782
1788178018.7993352,logic1,0.49183136456675525,0.42489357718418824,0.29289188373849273,CENTER,False,,GAZE,STOPPED,S,3,5,,26.41548790165132
1788178018.8313503,logic1,0.4917288817868268,0.42246192919398956,0.29340756958626096,CENTER,False,,GAZE,STOPPED,S,2,5,,31.235507893952935
1788178018.8630676,logic1,0.4906442980785646,0.4276826298121311,0.2938415176315624,CENTER,False,,GAZE,STOPPED,S,2,4,,31.527823505092645
1788178018.9006085,logic1,0.49005277912225587,0.4301675367872453,0.2947993702929409,CENTER,False,,GAZE,STOPPED,S,2,4,,26.63777412245883
1788178018.931182,logic1,0.4892069141988803,0.42995116114131215,0.2960668972375242,CENTER,False,,GAZE,STOPPED,S,2,3,,32.706930029086315
1788178018.9640794,logic1,0.4883543067549477,0.43418030212428765,0.2954803891310399,CENTER,False,,GAZE,STOPPED,S,1,3,,30.398573675322698
1788178018.9991841,logic1,0.488019211582823,0.4330589440088396,0.2958679822099863,CENTER,False,,GAZE,STOPPED,S,1,2,,28.486172235805487
1788178019.0318277,logic1,0.4872549872897254,0.43212291073832776,0.29577594298135074,CENTER,False,,GAZE,STOPPED,S,1,2,,30.633469423527778
1788178019.0641477,logic1,0.4884475066748151,0.4351682483431102,0.2968247991553109,CENTER,False,,GAZE,STOPPED,S,1,2,,30.941257183325096
1788178019.0996363,logic1,0.4865636399163128,0.4354323597596185,0.29701403249098357,CENTER,False,,GAZE,STOPPED,S,1,2,,28.178058448102117
1788178019.1314595,logic1,0.48523066375108004,0.43456494690512315,0.2971414830149701,CENTER,False,,GAZE,STOPPED,S,1,1,,31.422950426658876
1788178019.1632082,logic1,0.48630023815189,0.4382141439320439,0.2966870298805958,CENTER,False,,GAZE,STOPPED,S,1,1,,31.497518079346364
1788178019.199501,logic1,0.48296011358463153,0.43671236886481574,0.2966462480958165,CENTER,False,,GAZE,STOPPED,S,1,1,,27.553500105108263
1788178019.230744,logic1,0.48034756069412277,0.4337525064812056,0.29741623240682763,CENTER,False,,GAZE,STOPPED,S,0,1,,32.00732589551441
1788178019.263397,logic1,0.4791168155640169,0.43394242061088295,0.2974019052736024,CENTER,False,,GAZE,STOPPED,S,0,1,,30.62519349280061
1788178019.2988322,logic1,0.4768742030589343,0.4325165697755692,0.29860840336429356,CENTER,False,,GAZE,STOPPED,S,0,1,,28.22052669115767
1788178019.331176,logic1,0.47522344450815535,0.43111901514586914,0.2989004706864111,CENTER,False,,GAZE,STOPPED,S,0,1,,30.918220820003242
1788178019.3631318,logic1,0.4758523234814195,0.4338928150120223,0.2961205571811526,CENTER,False,,GAZE,STOPPED,S,0,1,,31.292836146052494
1788178019.399996,logic1,0.47565517388211564,0.4352880775839572,0.293900178192561,CENTER,False,,GAZE,STOPPED,S,0,0,,27.12705588648079
1788178019.4317994,logic1,0.4740933344561171,0.4340919060394112,0.29046772249808117,CENTER,False,,GAZE,STOPPED,S,0,0,,31.442973447081577
1788178019.4633868,logic1,0.4737512798507854,0.43530557231293554,0.286354542099566,CENTER,False,,GAZE,STOPPED,S,0,0,,31.65775271909366
1788178019.499692,logic1,0.47506972558023375,0.4359268278448347,0.2869690361994245,CENTER,False,,GAZE,STOPPED,S,0,0,,27.544271876539156
1788178019.5305068,logic1,0.47373426907033045,0.4362634827018963,0.28713357099737263,CENTER,False,,GAZE,STOPPED,S,0,0,,32.45235018762815
1788178019.563286,logic1,0.4752468288112012,0.4371366584033265,0.2869053506629584,CENTER,False,,GAZE,STOPPED,S,0,0,,30.506913380901466
1788178019.5992155,logic1,0.47511810186873427,0.43771534946460977,0.28677059395673565,CENTER,False,,GAZE,STOPPED,S,0,0,,27.831958646591595
1788178019.6314347,logic1,0.4609886174785186,0.4288220446672183,0.2825065661998286,CENTER,False,,GAZE,STOPPED,S,0,0,,31.038340005772092
1788178019.6635394,logic1,0.4487053223803563,0.4221109943225231,0.27610450063763375,CENTER,False,,GAZE,STOPPED,S,0,0,,31.14713242883983
1788178019.699443,logic1,0.43516974485710463,0.41545266622343574,0.27125446517784324,CENTER,False,,GAZE,STOPPED,S,0,0,,27.852473603824954
1788178019.7304044,logic1,0.4221477368847263,0.4081794964805625,0.2676037643096153,CENTER,False,,GAZE,STOPPED,S,0,0,,32.29766524979979
1788178019.758702,logic1,0.4222800307970136,0.4073441861923616,0.26515115541532336,CENTER,False,,GAZE,STOPPED,S,0,0,,35.33801214919413
1788178019.7998106,logic1,0.4217263121013227,0.4048517487721756,0.265004115734926,CENTER,False,,GAZE,STOPPED,S,0,0,,24.326792912449612
1788178019.8299072,logic1,0.40556277730916973,0.4000661315818636,0.2645897067764618,CENTER,False,,GAZE,STOPPED,S,0,0,,33.22484157160963
1788178019.8630881,logic1,0.38935572281704733,0.395040101864872,0.26235656885288905,CENTER,False,,GAZE,STOPPED,S,0,0,,30.13842262589101
1788178019.898688,logic1,0.3743226151515725,0.3932746512985553,0.26205751047402986,CENTER,False,,GAZE,STOPPED,S,0,0,,28.089929478893897
1788178019.9309387,logic1,0.3594808080511235,0.3944394599159602,0.2631499083598634,CENTER,False,,GAZE,STOPPED,S,0,0,,31.007363160540557
1788178019.9637396,logic1,0.3585821505651259,0.3959570637388015,0.2631221009870259,CENTER,False,,GAZE,STOPPED,S,0,0,,30.48717799616212
1788178019.9992547,logic1,0.35973805384006996,0.3990473794457625,0.26341841804262656,CENTER,False,,GAZE,STOPPED,S,0,0,,28.157061244218287
1788178020.0312393,logic1,0.36165335522591435,0.4042693421041905,0.2636123277974002,CENTER,False,,GAZE,STOPPED,S,0,0,,31.26531099051822
1788178020.0630398,logic1,0.37138229194491446,0.4067335128719819,0.2614201349105185,CENTER,False,,GAZE,STOPPED,S,0,0,,31.44580228216701
1788178020.0997918,logic1,0.38908447522123535,0.4082937847117898,0.25936738328731757,CENTER,False,,GAZE,STOPPED,S,0,0,,27.209414268013415
1788178020.1285164,logic1,0.4065989261567972,0.4102681210296224,0.2582308576701642,CENTER,False,,GAZE,STOPPED,S,0,0,,34.8138581317751
1788178020.1624377,logic1,0.4176858429284833,0.4101100650404895,0.2564748607000531,CENTER,False,,GAZE,STOPPED,S,0,0,,29.4792240652235
1788178020.1987414,logic1,0.42452313054973057,0.4060089518767399,0.25615751323957575,CENTER,False,,GAZE,STOPPED,S,0,0,,27.545538130138965
1788178020.231223,logic1,0.4239984392503776,0.40739278720166994,0.2574689833471362,CENTER,False,,GAZE,STOPPED,S,0,0,,30.786594048650155
1788178020.2626386,logic1,0.42023791371559044,0.4097127475616118,0.2583014758032616,CENTER,False,,GAZE,STOPPED,S,0,0,,31.831700375668806
1788178020.2994342,logic1,0.425365200937791,0.4064118218370679,0.25910436856938934,CENTER,False,,GAZE,STOPPED,S,0,0,,27.176974464307698
1788178020.3312178,logic1,0.42686084601732455,0.4083758855918543,0.25988902649072476,CENTER,False,,GAZE,STOPPED,S,0,0,,31.463258019023616
1788178020.3640063,logic1,0.39938679903012236,0.40397769989094223,0.25592720711944306,CENTER,False,,GAZE,STOPPED,S,0,0,,30.498262146794062
1788178020.4001503,logic1,0.35851016176152145,0.3933364320209514,0.25339192410688494,CENTER,False,,GAZE,STOPPED,S,0,0,,27.667095429389377
1788178020.4312932,logic1,0.3057715814615157,0.3840998735569374,0.2599474677969358,RIGHT,False,,GAZE,STOPPED,S,0,0,,32.109750122488975
1788178020.4631436,logic1,0.2507304140687931,0.3760135816221438,0.2695215061377963,RIGHT,False,,GAZE,STOPPED,S,0,0,,31.39707610656566
1788178020.4993913,logic1,0.2265209019125866,0.37266819941071355,0.28377035683286744,RIGHT,False,,GAZE,STOPPED,S,0,0,,27.58829720058935
1788178020.5312643,logic1,0.21999551877046175,0.37301929460162153,0.2973012797567621,RIGHT,False,,GAZE,STOPPED,S,0,0,,31.373825623840585
1788178020.5633178,logic1,0.22189564217665608,0.37778107545078016,0.3002088084878487,RIGHT,False,,GAZE,STOPPED,S,0,0,,31.197637660569907
1788178020.599637,logic1,0.22521226507344633,0.3775077434502347,0.29878491693622783,RIGHT,False,,GAZE,STOPPED,S,0,0,,27.533784537821745
1788178020.6317677,logic1,0.23388602554954607,0.37996611167873395,0.29837528742930497,RIGHT,False,,GAZE,STOPPED,S,0,0,,31.134647218201387
1788178020.6615806,logic1,0.2384709893279171,0.3870801197939011,0.29907895761140735,RIGHT,False,,GAZE,STOPPED,S,0,0,,33.528145933588064
1788178020.6991324,logic1,0.2435678671394832,0.396180679282222,0.3032644218190699,RIGHT,False,,GAZE,STOPPED,S,0,0,,26.630501587301588
1788178020.7316396,logic1,0.2480005018711704,0.4022127509150827,0.3121423597261831,RIGHT,False,,GAZE,STOPPED,S,0,0,,30.76356168402523
1788178020.7632315,logic1,0.24290356789354126,0.4030635597966612,0.31676189875580507,RIGHT,False,,GAZE,STOPPED,S,0,0,,31.652019047187824
1788178020.7994585,logic1,0.23457809248761302,0.3986746026315857,0.319614129243844,RIGHT,False,,GAZE,STOPPED,S,0,0,,27.603911916075447
1788178020.831179,logic1,0.22033175880851918,0.3904604228948185,0.3195551406269891,RIGHT,False,,GAZE,STOPPED,S,0,0,,31.525690748925168
1788178020.863182,logic1,0.20927306002673068,0.3884521173586861,0.31643931828845867,RIGHT,False,,GAZE,STOPPED,S,0,0,,31.246444614960552
1788178020.8991349,logic1,0.1994072494768117,0.387642565399415,0.3154780626590823,RIGHT,False,,GAZE,STOPPED,S,0,0,,27.814609237706822
1788178020.930733,logic1,0.1954402016493496,0.38475341621902814,0.31713712304245584,RIGHT,False,,GAZE,STOPPED,S,0,0,,31.647720156038964
1788178020.9634004,logic1,0.19157315684391207,0.3867598020595212,0.32018867253687444,RIGHT,False,,GAZE,STOPPED,S,0,0,,30.610665518424184
1788178020.9991596,logic1,0.18297882556456535,0.3880904246342419,0.322601526101682,RIGHT,False,,GAZE,STOPPED,S,0,0,,27.96500960102411
1788178021.0310519,logic1,0.1779316377784108,0.3876409335810592,0.32488415554842554,RIGHT,False,,GAZE,STOPPED,S,0,0,,31.35576570851867
1788178021.060958,logic1,0.1730273285287938,0.3850395198090062,0.3239775340890852,RIGHT,False,,GAZE,STOPPED,S,0,0,,33.438067525012954
1788178021.0990016,logic1,0.17710049666363137,0.381675337070809,0.325835555689624,RIGHT,False,,GAZE,STOPPED,S,0,0,,26.285699961144605
1788178021.1308672,logic1,0.18420835051114887,0.37479094905483046,0.32615311180869505,RIGHT,False,,GAZE,STOPPED,S,0,0,,31.381571957652163
1788178021.1627653,logic1,0.1881338049081469,0.3728088045235095,0.32686406509253474,RIGHT,False,,GAZE,STOPPED,S,0,0,,31.359985644537822
1788178021.1987681,logic1,0.1873773585510966,0.37600170211134376,0.3284453006418522,RIGHT,False,,GAZE,STOPPED,S,0,0,,27.768020761612203
1788178021.230647,logic1,0.18268120175478442,0.3750261997365159,0.32526828739119196,RIGHT,False,,GAZE,STOPPED,S,0,0,,31.367959734655567
1788178021.263162,logic1,0.17812191960547014,0.3806463857627354,0.32687042505929853,RIGHT,False,,GAZE,STOPPED,S,0,0,,30.755666361136573
1788178021.2987633,logic1,0.17395435094702982,0.38266747062594086,0.3291646765778128,RIGHT,False,,GAZE,STOPPED,S,0,0,,28.0959506983287
1788178021.330897,logic1,0.17836989051706542,0.39082212076773526,0.3272289887763522,RIGHT,False,,GAZE,STOPPED,S,0,0,,31.11132209826727
1788178021.3627753,logic1,0.18037568781231017,0.39647493532521955,0.3269685470393799,RIGHT,False,,GAZE,STOPPED,S,0,0,,31.369132737009004
1788178021.3985896,logic1,0.17911165778145055,0.39936465298496737,0.32848932228618,RIGHT,False,,GAZE,STOPPED,S,0,0,,27.921633370390836
1788178021.4313798,logic1,0.18204654743315107,0.4032487570968255,0.32402794389509443,RIGHT,False,,GAZE,STOPPED,S,0,0,,30.497596870478226
1788178021.4631824,logic1,0.17983754769347604,0.4012495977370277,0.3267959633477614,RIGHT,False,,GAZE,STOPPED,S,0,0,,31.44344488425093
1788178021.498752,logic1,0.1795671862798803,0.40123236180353933,0.3306523390757893,RIGHT,False,,GAZE,STOPPED,S,0,0,,28.113087657680605
1788178021.5303519,logic1,0.18432736007932782,0.40120567845177046,0.3245689788568873,RIGHT,False,,GAZE,STOPPED,S,0,0,,31.64580991255404
1788178021.5625868,logic1,0.1846605201226662,0.40254361693592267,0.32495082342796133,RIGHT,False,,GAZE,STOPPED,S,0,0,,31.022958579881657
1788178021.5990968,logic1,0.18289808497975402,0.4014611487388535,0.3251457836101148,RIGHT,False,,GAZE,STOPPED,S,0,0,,27.390120941410025
1788178021.6312137,logic1,0.18499220092123053,0.4042438083147497,0.31902760235144934,RIGHT,False,,GAZE,STOPPED,S,0,0,,31.136265106749413
1788178021.6631014,logic1,0.1856400090492682,0.4049120483764821,0.32039686083754415,RIGHT,False,,GAZE,STOPPED,S,0,0,,31.360454596433513
1788178021.6994488,logic1,0.18372418062049628,0.40088520553556195,0.31971045189327685,RIGHT,False,,GAZE,STOPPED,S,0,0,,27.511570551503386
1788178021.7317772,logic1,0.19321444485150355,0.4064522699855899,0.31404400402545374,RIGHT,False,,GAZE,STOPPED,S,0,0,,30.932357886663322
1788178021.7629304,logic1,0.19925270769053433,0.40142747898392617,0.31372583458796277,RIGHT,False,,GAZE,STOPPED,S,0,0,,32.09992040653891
1788178021.7993462,logic1,0.20703261862233693,0.4023255754991576,0.3141495346309856,RIGHT,False,,GAZE,STOPPED,S,0,0,,27.460416393871938
1788178021.8318417,logic1,0.21483751724272143,0.4098503102909483,0.31269778398015696,RIGHT,False,,GAZE,STOPPED,S,0,0,,30.773267203239982
1788178021.8598282,logic1,0.21456342722036445,0.40652289281821385,0.314426919360536,RIGHT,False,,GAZE,STOPPED,S,0,0,,35.73117519274183
1788178021.8987765,logic1,0.21168064813444054,0.4088652212428759,0.3191730711178205,RIGHT,False,,GAZE,STOPPED,S,0,0,,25.675691889542534
1788178021.9315336,logic1,0.2084833121930908,0.41183042802005665,0.31795922663186904,RIGHT,False,,GAZE,STOPPED,S,0,0,,30.52800745312682
1788178021.9640732,logic1,0.20942163799870492,0.4113948632212415,0.3181924574260894,RIGHT,False,,GAZE,STOPPED,S,0,0,,30.73132917652748
1788178021.997082,logic1,0.20843212671894962,0.41109950353402525,0.31903142368432924,RIGHT,False,,GAZE,STOPPED,S,0,0,,30.295376570095417
1788178022.0307083,logic1,0.20819513400966028,0.4166682966430526,0.31529642439082406,RIGHT,False,,GAZE,STOPPED,S,0,0,,29.73861130609264
1788178022.063023,logic1,0.210275748678827,0.4160125087957436,0.31392613436028494,RIGHT,False,,GAZE,STOPPED,S,0,0,,30.944681353381238
1788178022.0986137,logic1,0.20592891819180867,0.40904586646351204,0.3159249324980189,RIGHT,False,,GAZE,STOPPED,S,0,0,,28.097079964362035
1788178022.1319854,logic1,0.20419498394595229,0.4153811379506417,0.3141295330441601,RIGHT,False,,GAZE,STOPPED,S,0,0,,29.96573551475316
1788178022.1630197,logic1,0.20340551034700624,0.41568565791602125,0.3160710192471057,RIGHT,False,,GAZE,STOPPED,S,0,0,,32.22248342513848
1788178022.1991787,logic1,0.19089277800422394,0.41403942483862954,0.31985930618131586,RIGHT,False,,GAZE,STOPPED,S,0,0,,27.655784941415394
1788178022.2317922,logic1,0.19143779552260776,0.4222180749353353,0.3202904979020687,RIGHT,False,,GAZE,STOPPED,S,0,0,,30.66168590498052
1788178022.2631283,logic1,0.1866422252337976,0.413913920543725,0.32339028210953513,RIGHT,False,,GAZE,STOPPED,S,0,0,,31.913078544309094
1788178022.2998302,logic1,0.18082060852172832,0.4091768467307355,0.324493206180168,RIGHT,False,,GAZE,STOPPED,S,0,0,,27.246355723008964
1788178022.330638,logic1,0.18613940208409105,0.4091523705639528,0.32408039240912145,RIGHT,False,,GAZE,STOPPED,S,0,0,,32.45837750829973
1788178022.3642588,logic1,0.18384387720955814,0.40482360461545575,0.32393205451197804,RIGHT,False,,GAZE,STOPPED,S,0,0,,29.74472732430324
1788178022.3991587,logic1,0.18499021292252424,0.4051151950510923,0.32438089266520376,RIGHT,False,,GAZE,STOPPED,S,0,0,,28.652357465877884
1788178022.4282813,logic1,0.1869115019624477,0.4090329116296279,0.3226742330840835,RIGHT,False,,GAZE,STOPPED,S,0,0,,34.33760407371325
1788178022.4578989,logic1,0.1877845952760333,0.41134119465961627,0.32203256416205495,RIGHT,False,,GAZE,STOPPED,S,0,0,,33.764582763117645
1788178022.4934049,logic1,0.18486246319005362,0.40993020808228053,0.3239716960397996,RIGHT,False,,GAZE,STOPPED,S,0,0,,28.162543979802862
1788178022.5303621,logic1,0.18747872308744915,0.4190865314258069,0.3198608831818008,RIGHT,False,,GAZE,STOPPED,S,0,0,,27.05985122676628
1788178022.5582066,logic1,0.19135374003786706,0.4187760477652671,0.319211653345683,RIGHT,False,,GAZE,STOPPED,S,0,0,,35.911981779885956
1788178022.5939944,logic1,0.18381164219049262,0.41815789690048927,0.3216334647477793,RIGHT,False,,GAZE,STOPPED,S,0,0,,27.942280788242975
1788178022.6300838,logic1,0.18889771741556943,0.42479445762992096,0.31858897643167505,RIGHT,False,,GAZE,STOPPED,S,0,0,,27.709500749833186
1788178022.6605818,logic1,0.18785677378817564,0.4186036461232618,0.32277122780073675,RIGHT,False,,GAZE,STOPPED,S,0,0,,32.78900545662065
1788178022.6940644,logic1,0.1831356727489494,0.4151204096262575,0.32480225292408615,RIGHT,False,,GAZE,STOPPED,S,0,0,,29.866302087783758
1788178022.7293756,logic1,0.19211736080724076,0.41447244273342676,0.3218330773027773,RIGHT,False,,GAZE,STOPPED,S,0,0,,28.320182575639926
1788178022.7614877,logic1,0.19097359743118053,0.41187040209250925,0.32200453018035186,RIGHT,False,,GAZE,STOPPED,S,0,0,,31.140426163783502
1788178022.7980108,logic1,0.18980098064651726,0.4110851156083455,0.3203212010866655,RIGHT,False,,GAZE,STOPPED,S,0,0,,27.37975063646452
1788178022.82988,logic1,0.19400704787649364,0.41828849319599914,0.31697135695608436,RIGHT,False,,GAZE,STOPPED,S,0,0,,31.378519915013317
1788178022.8670464,logic1,0.19886520847564526,0.41973347466024935,0.31431297407322495,RIGHT,False,,GAZE,STOPPED,S,0,0,,26.906226344893064
1788178022.8970265,logic1,0.19885007662713802,0.413737146083574,0.3167192599998785,RIGHT,False,,GAZE,STOPPED,S,0,0,,33.35377568547617
1788178022.9263155,logic1,0.20198198819942006,0.41841703969045996,0.3145200682934576,RIGHT,False,,GAZE,STOPPED,S,0,0,,34.143058325532174
1788178022.9614236,logic1,0.2031211947594342,0.4161105424997483,0.315178122760739,RIGHT,False,,GAZE,STOPPED,S,0,0,,28.48481802685284
1788178022.9997196,logic1,0.19522799050834244,0.4079894843322502,0.3191588746436453,RIGHT,False,,GAZE,STOPPED,S,0,0,,26.111748189928345
1788178023.0309153,logic1,0.19626000321882864,0.4138771187016828,0.3146198526788417,RIGHT,False,,GAZE,STOPPED,S,0,0,,32.05698606684551
1788178023.0650117,logic1,0.19866014617298633,0.4139218775856946,0.31483777596913687,RIGHT,False,,GAZE,STOPPED,S,0,0,,29.328951324741798
1788178023.097608,logic1,0.1931192124862161,0.4067531686369297,0.3182908199660464,RIGHT,False,,GAZE,STOPPED,S,0,0,,30.677159825634124
1788178023.1309855,logic1,0.19627341342961496,0.4128326365743127,0.31529588753606796,RIGHT,False,,GAZE,STOPPED,S,0,0,,29.9605983113562
1788178023.1628416,logic1,0.19892395801853768,0.4127897834542037,0.3171662651878052,RIGHT,False,,GAZE,STOPPED,S,0,0,,31.39073164890432
1788178023.199062,logic1,0.19235709542971932,0.4044835779614222,0.32139254957163854,RIGHT,False,,GAZE,STOPPED,S,0,0,,27.60918132927849
1788178023.2310221,logic1,0.1980042959479785,0.4110757494929397,0.31839146638877114,RIGHT,False,,GAZE,STOPPED,S,0,0,,31.288400856377702
1788178023.2629354,logic1,0.1993275048177471,0.41287575205581395,0.31989674098242066,RIGHT,False,,GAZE,STOPPED,S,0,0,,31.33538535098467
1788178023.2986372,logic1,0.19285076505842136,0.40842408520716256,0.32263636829397835,RIGHT,False,,GAZE,STOPPED,S,0,0,,28.00964305986844
1788178023.3308487,logic1,0.1970813338527443,0.41175914740306885,0.32028801373041804,RIGHT,False,,GAZE,STOPPED,S,0,0,,31.044772584286296
1788178023.3631256,logic1,0.19957350945933305,0.41306480689887204,0.3197404403429155,RIGHT,False,,GAZE,STOPPED,S,0,0,,30.981481891845977
1788178023.3987343,logic1,0.1947313223009975,0.4097387657303231,0.32195639319116776,RIGHT,False,,GAZE,STOPPED,S,0,0,,28.083722798794778
1788178023.4308684,logic1,0.19788753732621,0.4154737911416557,0.31816568648212307,RIGHT,False,,GAZE,STOPPED,S,0,0,,31.119170215607426
1788178023.4629886,logic1,0.19899329416812334,0.4207328643966189,0.31671789150356255,RIGHT,True,,GAZE,TURN_RIGHT,R,19,10,,31.132567322822958
1788178023.4994025,logic1,0.19041014415159432,0.4146668745275495,0.3203292313971561,RIGHT,True,,GAZE,TURN_RIGHT,R,35,19,,27.462753802536554
1788178023.5312757,logic1,0.1951243925245278,0.41561522871291495,0.3180110965730266,RIGHT,True,,GAZE,TURN_RIGHT,R,50,26,,31.374060305040878
1788178023.5629566,logic1,0.19829318942241958,0.4147980998133534,0.3202187217875352,RIGHT,True,,GAZE,TURN_RIGHT,R,62,33,,31.564599638771824
1788178023.599236,logic1,0.19706986300404877,0.40942889575656927,0.3213742874877362,RIGHT,True,,GAZE,TURN_RIGHT,R,73,39,,27.564002470985635
1788178023.6307971,logic1,0.20287257874170528,0.4105145664733577,0.318880625412786,RIGHT,True,,GAZE,TURN_RIGHT,R,83,44,,31.684058649785843
1788178023.6628885,logic1,0.2035515213072221,0.41604077521274224,0.31639085003708267,RIGHT,True,,GAZE,TURN_RIGHT,R,91,49,,31.161711169556753
1788178023.698893,logic1,0.20124576953386097,0.4181056611113749,0.31639367029564436,RIGHT,True,,GAZE,TURN_RIGHT,R,98,53,,27.773536929372657
1788178023.731699,logic1,0.20048421029124083,0.424751546939334,0.31235047357881185,RIGHT,True,,GAZE,TURN_RIGHT,R,105,56,,30.482525055052072
1788178023.7632005,logic1,0.20123814322463973,0.42893363401853496,0.3105228634150727,RIGHT,True,,GAZE,TURN_RIGHT,R,111,59,,31.74472851671889
1788178023.7990842,logic1,0.1989921692903292,0.4287324232877892,0.31338664652742293,RIGHT,True,,GAZE,TURN_RIGHT,R,115,62,,27.86764823132325
1788178023.8310688,logic1,0.19918142015858492,0.43048949551366655,0.3093006913789964,RIGHT,True,,GAZE,TURN_RIGHT,R,120,64,,31.265077933404395
1788178023.8629243,logic1,0.20246223095823862,0.41888447809968754,0.3096278087663537,RIGHT,True,,GAZE,TURN_RIGHT,R,124,66,,31.392141306788414
1788178023.8986654,logic1,0.19689509159437596,0.41643116434437855,0.31240273068141594,RIGHT,True,,GAZE,TURN_RIGHT,R,127,68,,27.979000593693506
1788178023.9293509,logic1,0.19980447430959403,0.41223808106148785,0.3089229698778209,RIGHT,True,,GAZE,TURN_RIGHT,R,130,69,,32.58724263848963
1788178023.9632037,logic1,0.20408716514364036,0.4092810873617556,0.30935942711168285,RIGHT,True,,GAZE,TURN_RIGHT,R,132,71,,29.541512889139316
1788178023.9990485,logic1,0.20246832936658005,0.4147615906588391,0.31019940317679207,RIGHT,True,,GAZE,TURN_RIGHT,R,135,72,,27.896933821084136
1788178024.0315611,logic1,0.20854934675085596,0.41413713513890643,0.3067950380342229,RIGHT,True,,GAZE,TURN_RIGHT,R,136,73,,30.75792175411579
1788178024.063502,logic1,0.2078963111312054,0.4111921290803438,0.3061381468843364,RIGHT,True,,GAZE,TURN_RIGHT,R,138,74,,31.30755163430892
1788178024.0990775,logic1,0.2085017894109686,0.405391306982242,0.3067029504556939,RIGHT,True,,GAZE,TURN_RIGHT,R,140,74,,28.109696271077393
1788178024.1314032,logic1,0.2087847333534843,0.40124579088220125,0.3071755468331546,RIGHT,True,,GAZE,TURN_RIGHT,R,141,75,,30.934639269541105
1788178024.1629975,logic1,0.20869672924475463,0.399666144132922,0.3064879807648592,RIGHT,True,,GAZE,TURN_RIGHT,R,142,76,,31.65130248422832
1788178024.1987522,logic1,0.2065996689401342,0.40212050019341633,0.3093913216589739,RIGHT,True,,GAZE,TURN_RIGHT,R,143,76,,27.968552662287866
1788178024.2306602,logic1,0.20102198238315128,0.40502299198135266,0.3112641649633302,RIGHT,True,,GAZE,TURN_RIGHT,R,144,77,,31.339833972189222
1788178024.2628675,logic1,0.20309081413860763,0.408553087593498,0.3104496904469814,RIGHT,True,,GAZE,TURN_RIGHT,R,145,77,,31.048679379367524
1788178024.2990854,logic1,0.23926808834779723,0.4083597999313084,0.3042704318856759,RIGHT,True,,GAZE,TURN_RIGHT,R,145,78,,27.610635314563325
1788178024.3308432,logic1,0.3063729653682752,0.4027015797377932,0.2965000220668569,RIGHT,True,,GAZE,TURN_RIGHT,R,146,78,,31.488532368375612
1788178024.363227,logic1,0.3793385454264983,0.40393427621677236,0.2905735334646714,CENTER,True,,GAZE,TURN_RIGHT,R,146,78,,30.88043350217929
1788178024.3995113,logic1,0.4418060304382547,0.4052175224614679,0.28997099808159144,CENTER,True,,GAZE,TURN_RIGHT,R,147,78,,27.559474607565495
1788178024.4307659,logic1,0.4689053420564842,0.40529046011534897,0.2926016803127277,CENTER,True,,GAZE,TURN_RIGHT,R,147,79,,32.00488355767176
1788178024.4633615,logic1,0.4706351139095494,0.40599283673877523,0.29514103882691567,CENTER,True,,GAZE,TURN_RIGHT,R,148,79,,30.669757306755777
1788178024.4995432,logic1,0.4656997308423301,0.40293030166965305,0.2950601949399328,CENTER,True,,GAZE,TURN_RIGHT,R,148,79,,27.63847228445663
1788178024.5313115,logic1,0.47022151613987623,0.4018865402300408,0.28889884780773567,CENTER,False,,GAZE,STOPPED,S,129,69,,31.47884300746011
1788178024.56309,logic1,0.4802580399717106,0.40854747585948636,0.2850359300092118,CENTER,False,,GAZE,STOPPED,S,113,60,,31.467034780782043
1788178024.5989597,logic1,0.48638693842232117,0.4150434309726009,0.2796258366925991,CENTER,False,,GAZE,STOPPED,S,99,53,,27.878576793464894
1788178024.6307395,logic1,0.49309346871491877,0.4214919756533401,0.274199950433974,CENTER,False,,GAZE,STOPPED,S,87,46,,31.466562635977613
1788178024.6629674,logic1,0.49405454741141264,0.4244669370133748,0.26991300759075076,CENTER,False,,GAZE,STOPPED,S,76,40,,31.02938478383097
1788178024.6991386,logic1,0.48793297346547415,0.42141618131910225,0.26453015572864746,CENTER,False,,GAZE,STOPPED,S,66,35,,27.646305853816088
1788178024.7319567,logic1,0.48581119956442576,0.41877508340877445,0.2613863818662386,CENTER,False,,GAZE,STOPPED,S,58,31,,30.471895092447966
1788178024.7631862,logic1,0.4869046056701623,0.4125350189691427,0.2593143118308501,CENTER,False,,GAZE,STOPPED,S,51,27,,32.0200320635163
1788178024.7990365,logic1,0.489693508913083,0.41271214745386464,0.2604109755335561,CENTER,False,,GAZE,STOPPED,S,44,24,,27.894150899477935
1788178024.8310838,logic1,0.4930212550329764,0.41143263609226804,0.26394437000973,CENTER,False,,GAZE,STOPPED,S,39,21,,31.203207879838416
1788178024.86328,logic1,0.4959712228406049,0.4115870559014113,0.26695253253693313,CENTER,False,,GAZE,STOPPED,S,34,18,,31.059485637695218
1788178024.8987489,logic1,0.4937122341593134,0.41748133832666734,0.2678690387596179,CENTER,False,,GAZE,STOPPED,S,30,16,,28.194158572244817
1788178024.9310675,logic1,0.4911599136577962,0.4164754078151503,0.27046605037846894,CENTER,False,,GAZE,STOPPED,S,26,14,,30.941485437752664
1788178024.9626768,logic1,0.4945921893983631,0.4123306158259674,0.2709179251217778,CENTER,False,,GAZE,STOPPED,S,23,12,,31.636500776901144
1788178024.9991357,logic1,0.4930555024119188,0.4152892803821378,0.26937222384775905,CENTER,False,,GAZE,STOPPED,S,20,11,,27.427913759392105
1788178025.0316436,logic1,0.4960211351102535,0.41134225029547744,0.27001414647157423,CENTER,False,,GAZE,STOPPED,S,17,9,,30.761982295173343
1788178025.0635912,logic1,0.5002279012349558,0.40786194924523744,0.2678347627713362,CENTER,False,,GAZE,STOPPED,S,15,8,,31.30147689873654
1788178025.0992787,logic1,0.5009690187065996,0.4111445694362925,0.26617789999573016,CENTER,False,,GAZE,STOPPED,S,13,7,,28.021057694877207
1788178025.131239,logic1,0.5016763937732216,0.4120669663641064,0.2673536267511545,CENTER,False,,GAZE,STOPPED,S,12,6,,31.288634261331424
1788178025.1631901,logic1,0.501598865184625,0.41125493610259434,0.2664008324569294,CENTER,False,,GAZE,STOPPED,S,10,5,,31.297973315822464
1788178025.1993628,logic1,0.49964194123717476,0.41551245935384373,0.26433794189069426,CENTER,False,,GAZE,STOPPED,S,9,5,,27.64466590211044
1788178025.2311656,logic1,0.4967895782975731,0.4173288418587895,0.2644019121611096,CENTER,False,,GAZE,STOPPED,S,8,4,,31.44391633555739
1788178025.263164,logic1,0.49497288970028686,0.413837670977946,0.2627295770486223,CENTER,False,,GAZE,STOPPED,S,7,4,,31.251566563098404
1788178025.299264,logic1,0.4935247855847466,0.4146544917090031,0.2624040442779065,CENTER,False,,GAZE,STOPPED,S,6,3,,27.7008995205199
1788178025.3310049,logic1,0.49226628961834384,0.4092873999272543,0.258514505183589,CENTER,False,,GAZE,STOPPED,S,5,3,,31.505325621572897
1788178025.3635883,logic1,0.49226628961834384,0.4092873999272543,0.23224433037941936,CENTER,False,,GAZE,STOPPED,S,5,2,,30.690403541506605
1788178025.3993268,logic1,0.49226628961834384,0.4092873999272543,0.18686013100492382,CENTER,False,,GAZE,STOPPED,S,4,2,,27.981240451776888
1788178025.4309907,logic1,0.49226628961834384,0.4092873999272543,0.13664544595785033,CENTER,False,,GAZE,STOPPED,S,4,2,,31.581474147083405
1788178025.4630697,logic1,0.49226628961834384,0.4092873999272543,0.08998518039057204,CENTER,False,,GAZE,STOPPED,S,3,2,,31.173059628834103
1788178025.4984934,logic1,0.49226628961834384,0.4092873999272543,0.061915181331350634,CENTER,False,,GAZE,STOPPED,S,3,1,,28.229453691302272
1788178025.531047,logic1,0.49226628961834384,0.4092873999272543,0.052830520097956316,CENTER,False,,GAZE,STOPPED,S,2,1,,30.718725052915286
1788178025.5628862,logic1,0.49226628961834384,0.4092873999272543,0.05039914860035816,CENTER,False,,GAZE,STOPPED,S,2,1,,31.407655903672197
1788178025.5990832,logic1,0.49226628961834384,0.4092873999272543,0.05307197349837138,CENTER,False,,GAZE,STOPPED,S,2,1,,27.626457298678716
1788178025.6313481,logic1,0.49226628961834384,0.4092873999272543,0.057670047717821186,CENTER,False,,GAZE,STOPPED,S,2,1,,30.993844539522787
1788178025.6635172,logic1,0.49226628961834384,0.4092873999272543,0.06476010729600759,CENTER,False,,GAZE,STOPPED,S,1,1,,31.085497450492113
1788178025.6993666,logic1,0.49226628961834384,0.4092873999272543,0.07034938247776651,CENTER,False,,GAZE,STOPPED,S,1,1,,27.89489295761534
1788178025.7309444,logic1,0.49226628961834384,0.4092873999272543,0.07185017233048811,CENTER,False,,GAZE,STOPPED,S,1,1,,31.66755254892486
1788178025.763458,logic1,0.49226628961834384,0.4092873999272543,0.07316203312145303,CENTER,False,,GAZE,STOPPED,S,1,0,,30.757245101490085
1788178025.7993298,logic1,0.49226628961834384,0.4092873999272543,0.07624601320654546,CENTER,False,,GAZE,STOPPED,S,1,0,,27.876168069014103
1788178025.8308094,logic1,0.49226628961834384,0.4092873999272543,0.08414268397777074,CENTER,False,,GAZE,STOPPED,S,1,0,,31.766607338963155
1788178025.862977,logic1,0.49226628961834384,0.4092873999272543,0.09344311856624621,CENTER,False,,GAZE,STOPPED,S,1,0,,31.087340646308924
1788178025.899184,logic1,0.49226628961834384,0.4092873999272543,0.10170749753846986,CENTER,False,,GAZE,STOPPED,S,1,0,,27.619180571834956
1788178025.9313989,logic1,0.49226628961834384,0.4092873999272543,0.10708759021357624,CENTER,False,,GAZE,STOPPED,S,0,0,,31.041555961781835
1788178025.9632962,logic1,0.49226628961834384,0.4092873999272543,0.101842709812536,CENTER,False,,GAZE,STOPPED,S,0,0,,31.3503752204981
1788178025.999275,logic1,0.49226628961834384,0.4092873999272543,0.08952459322453817,CENTER,False,,GAZE,STOPPED,S,0,0,,27.79396582000835
1788178026.0320382,logic1,0.49226628961834384,0.4092873999272543,0.07450960421713101,CENTER,False,,GAZE,STOPPED,S,0,0,,30.522453553781556
1788178026.0636153,logic1,0.49226628961834384,0.4092873999272543,0.0636914634948965,CENTER,False,,GAZE,STOPPED,S,0,0,,31.66874806520541
1788178026.0951674,logic1,0.49226628961834384,0.4092873999272543,0.081692889417891,CENTER,False,,GAZE,STOPPED,S,0,0,,31.692198420794135
1788178026.1308694,logic1,0.4754053662496646,0.387759696391639,0.12348426857860556,CENTER,False,,GAZE,STOPPED,S,0,0,,28.010017162738826
1788178026.1626756,logic1,0.46613421946866757,0.3734220113674077,0.1777035878585706,CENTER,False,,GAZE,STOPPED,S,0,0,,31.440145120909104
1788178026.1980815,logic1,0.4534200510209846,0.3656666104919673,0.2322736318496083,CENTER,False,,GAZE,STOPPED,S,0,0,,28.244281183291694
1788178026.229854,logic1,0.4398651757754703,0.3645586516644739,0.2693546114969961,CENTER,False,,GAZE,STOPPED,S,0,0,,31.47317395284619
1788178026.2688563,logic1,0.44326885121837056,0.3777294936905968,0.2898774697617339,CENTER,False,,GAZE,STOPPED,S,0,0,,25.640062597809077
1788178026.2985382,logic1,0.43831532095740544,0.3857792850600202,0.2990823748510384,CENTER,False,,GAZE,STOPPED,S,0,0,,33.69027117337103
1788178026.3316243,logic1,0.43295395396521086,0.39162788743799654,0.30555562451278195,CENTER,False,,GAZE,STOPPED,S,0,0,,30.224861281256757
1788178026.3632443,logic1,0.4326040557428466,0.3963419587595427,0.3041121858975699,CENTER,False,,GAZE,STOPPED,S,0,0,,31.625050894997965
1788178026.3993104,logic1,0.4344867894457605,0.4034310833768169,0.30317318925574566,CENTER,False,,GAZE,STOPPED,S,0,0,,27.726719242693672
1788178026.4308317,logic1,0.42398180859955503,0.40486259047780604,0.3035907101940368,CENTER,False,,GAZE,STOPPED,S,0,0,,31.724799370693372
1788178026.4632635,logic1,0.40851599232453595,0.3993038715813163,0.30438814957275556,CENTER,False,,GAZE,STOPPED,S,0,0,,30.833442377105218
1788178026.4997513,logic1,0.3881039338903143,0.3929756564940232,0.30904961515616214,CENTER,False,,GAZE,STOPPED,S,0,0,,27.40640743330219
1788178026.5319586,logic1,0.36549427168647397,0.38822276518079113,0.31250232745287476,CENTER,False,,GAZE,STOPPED,S,0,0,,31.048909221464687
1788178026.5636537,logic1,0.35656607621787256,0.3885062976824273,0.3179575286840628,CENTER,False,,GAZE,STOPPED,S,0,0,,31.551302882590118
1788178026.5991173,logic1,0.35564154373362616,0.38806859413713607,0.31783468411546106,CENTER,False,,GAZE,STOPPED,S,0,0,,28.197759939763085
1788178026.630941,logic1,0.3623949052848004,0.3893007892448989,0.31712238202954535,CENTER,False,,GAZE,STOPPED,S,0,0,,31.422950426658876
1788178026.663332,logic1,0.3672624451920944,0.3890191403878942,0.31711912924231894,CENTER,False,,GAZE,STOPPED,S,0,0,,30.872705324677238
1788178026.698999,logic1,0.373808411244441,0.3879553829105863,0.3151559850381249,CENTER,False,,GAZE,STOPPED,S,0,0,,28.037353690247798
1788178026.73179,logic1,0.3813515510137788,0.3889334827522057,0.3170091282025764,CENTER,False,,GAZE,STOPPED,S,0,0,,30.49604467194044
1788178026.7632444,logic1,0.3800761884807069,0.3897274737254704,0.31748213332759545,CENTER,False,,GAZE,STOPPED,S,0,0,,31.79188963844463
1788178026.798919,logic1,0.3804841954035834,0.3892697235568022,0.31700299019555367,CENTER,False,,GAZE,STOPPED,S,0,0,,28.03191958616818
1788178026.8309124,logic1,0.38049732003128994,0.38912166077454596,0.31821600538182143,CENTER,False,,GAZE,STOPPED,S,0,0,,31.25599141528556
1788178026.8632848,logic1,0.380088471180272,0.3886707901032401,0.31849394801356046,CENTER,False,,GAZE,STOPPED,S,0,0,,30.89066792361116
1788178026.8997986,logic1,0.3812570701508611,0.3886421466940116,0.31810213733801584,CENTER,False,,GAZE,STOPPED,S,0,0,,27.386365268718208
1788178026.9323761,logic1,0.38592705366882385,0.3898003552249546,0.31800016771085665,CENTER,False,,GAZE,STOPPED,S,0,0,,30.69624338585616
1788178026.9635887,logic1,0.39207041698628303,0.38702171047108175,0.3190922407586142,CENTER,False,,GAZE,STOPPED,S,0,0,,32.0386207739432
1788178026.9990566,logic1,0.3957634297501712,0.3878868820878286,0.31874546129907944,CENTER,False,,GAZE,STOPPED,S,0,0,,28.194348094969214
1788178027.031221,logic1,0.4039369596048523,0.38616845897417823,0.32019056023106784,CENTER,False,,GAZE,STOPPED,S,0,0,,31.090566765006745
1788178027.0632722,logic1,0.4064093444191865,0.3830211712230255,0.3211484724571305,CENTER,False,,GAZE,STOPPED,S,0,0,,31.199494179343176
1788178027.099874,logic1,0.40732763092569535,0.3819265593006888,0.3200167704353432,CENTER,False,,GAZE,STOPPED,S,0,0,,27.32143019991271
1788178027.1310525,logic1,0.41215387674009774,0.382292892248579,0.31986335645748404,CENTER,False,,GAZE,STOPPED,S,0,0,,32.07341021013673
1788178027.16362,logic1,0.4160419459725825,0.3790693249031385,0.3189580828447601,CENTER,False,,GAZE,STOPPED,S,0,0,,30.705232102724032
1788178027.1994073,logic1,0.4178732173542222,0.3786758841010437,0.3176865621421817,CENTER,False,,GAZE,STOPPED,S,0,0,,27.942653093854926
1788178027.2310617,logic1,0.4187405227445726,0.38311986722354374,0.31762278868086613,CENTER,False,,GAZE,STOPPED,S,0,0,,31.591464746510805
1788178027.2633493,logic1,0.4218968794297937,0.3791863165377856,0.3161370677253834,CENTER,False,,GAZE,STOPPED,S,0,0,,30.9714159128669
1788178027.299052,logic1,0.41988081024035606,0.38008107702701066,0.3143245612181992,CENTER,False,,GAZE,STOPPED,S,0,0,,28.00908192429949
1788178027.3313804,logic1,0.4216264756135307,0.38297370213173343,0.31234961487149887,CENTER,False,,GAZE,STOPPED,S,0,0,,30.93258600980862
1788178027.363157,logic1,0.4262990791494624,0.37780574360616065,0.3092129880988172,CENTER,False,,GAZE,STOPPED,S,0,0,,31.469867947178873
1788178027.3994107,logic1,0.4214065560589495,0.3772577105890178,0.3049547008369521,CENTER,False,,GAZE,STOPPED,S,0,0,,27.58394275793129
1788178027.4312387,logic1,0.4214065560589495,0.3772577105890178,0.26785791460957276,CENTER,False,,GAZE,STOPPED,S,0,0,,31.418478179448382
1788178027.4632132,logic1,0.4214065560589495,0.3772577105890178,0.20224457155339406,CENTER,False,,GAZE,STOPPED,S,0,0,,31.274869324663896
1788178027.4989135,logic1,0.4214065560589495,0.3772577105890178,0.1350483707513914,CENTER,False,,GAZE,STOPPED,S,0,0,,28.01057833578202
1788178027.5308025,logic1,0.4214065560589495,0.3772577105890178,0.0742488379049517,CENTER,False,,GAZE,STOPPED,S,0,0,,31.358578872997242
1788178027.5624652,logic1,0.4214065560589495,0.3772577105890178,0.05452290390029177,CENTER,False,,GAZE,STOPPED,S,0,0,,31.58313880815048
1788178027.5991106,logic1,0.4214065560589495,0.3772577105890178,0.08309451759882257,CENTER,False,,GAZE,STOPPED,S,0,0,,27.289078003109974
1788178027.6318824,logic1,0.4190803799668678,0.3685544330993335,0.1346766841037012,CENTER,False,,GAZE,STOPPED,S,0,0,,30.513571516910744
1788178027.6641285,logic1,0.41452076702439,0.36166436963438975,0.19194360897614554,CENTER,False,,GAZE,STOPPED,S,0,0,,31.01103126016621
1788178027.6996713,logic1,0.40743308524764993,0.3587728536772573,0.24392325926652825,CENTER,False,,GAZE,STOPPED,S,0,0,,28.135717831412588
1788178027.73096,logic1,0.40369065354343797,0.35561141740987723,0.27985897383878855,CENTER,False,,GAZE,STOPPED,S,0,0,,31.960010972598983
1788178027.762434,logic1,0.3999089127516093,0.35965565900480784,0.29590648391795815,CENTER,False,,GAZE,STOPPED,S,0,0,,31.77166058145348
1788178027.7991393,logic1,0.3997910466633013,0.35987132600703975,0.30173651532983553,CENTER,False,,GAZE,STOPPED,S,0,0,,27.244762876017383
1788178027.8314066,logic1,0.39850234379132093,0.36174987706928374,0.30283608198705686,CENTER,False,,GAZE,STOPPED,S,0,0,,30.99132542227608
1788178027.8633444,logic1,0.40078897596205276,0.3629454289876411,0.2937503334209606,CENTER,False,,GAZE,STOPPED,S,0,0,,31.310356153748536
1788178027.8992865,logic1,0.40078897596205276,0.3629454289876411,0.23177482319592263,CENTER,False,,GAZE,STOPPED,S,0,0,,27.822542984504352
1788178027.9315174,logic1,0.40078897596205276,0.3629454289876411,0.17086409392078017,CENTER,False,,GAZE,STOPPED,S,0,0,,31.025941843520457
1788178027.9631312,logic1,0.40078897596205276,0.3629454289876411,0.11134605696341827,CENTER,False,,GAZE,STOPPED,S,0,0,,31.63196754074376
1788178027.9987988,logic1,0.40078897596205276,0.3629454289876411,0.06868309370734273,CENTER,False,,GAZE,STOPPED,S,0,0,,28.036041817063715
1788178028.0312102,logic1,0.40078897596205276,0.3629454289876411,0.10190347398618088,CENTER,False,,GAZE,STOPPED,S,0,0,,30.8547636037282
1788178028.0634193,logic1,0.40078897596205276,0.3629454289876411,0.12959334230142783,CENTER,False,,GAZE,STOPPED,S,0,0,,31.046151340868548
1788178028.099007,logic1,0.40078897596205276,0.3629454289876411,0.12701450593749405,CENTER,False,,GAZE,STOPPED,S,0,0,,28.099715271497
1788178028.1301706,logic1,0.40078897596205276,0.3629454289876411,0.11064854903715436,CENTER,False,,GAZE,STOPPED,S,0,0,,32.087887203262106
1788178028.167682,logic1,0.40078897596205276,0.3629454289876411,0.07230275892697341,CENTER,False,,GAZE,STOPPED,S,0,0,,26.65927667959067
1788178028.199594,logic1,0.40078897596205276,0.3629454289876411,0.055969513112252615,CENTER,False,,GAZE,STOPPED,S,0,0,,31.335853567426224
1788178028.2319314,logic1,0.40166517525136664,0.3655683541824972,0.10449139943150296,CENTER,False,,GAZE,STOPPED,S,0,0,,30.92391969505946
1788178028.2676353,logic1,0.39470830840689924,0.3521591978578391,0.1709278582222911,CENTER,False,,GAZE,STOPPED,S,0,0,,28.00833377851381
1788178028.3002334,logic1,0.3854753829870611,0.34698732083316464,0.2398114213094483,CENTER,False,,GAZE,STOPPED,S,0,0,,30.676038002179492
1788178028.3320699,logic1,0.3760289051033462,0.3386593276203611,0.29412273292823177,CENTER,False,,GAZE,STOPPED,S,0,0,,31.411419327781438
1788178028.3675344,logic1,0.3677424990813836,0.3272573625642755,0.3158299173845268,UP,False,,GAZE,STOPPED,S,0,0,,28.19738080512007
1788178028.3995123,logic1,0.36616188720251414,0.3334230994075207,0.32412845614108227,UP,False,,GAZE,STOPPED,S,0,0,,31.27137169527161
1788178028.4352322,logic1,0.3643439161343854,0.3281046018666,0.324978183914877,UP,False,,GAZE,STOPPED,S,0,0,,27.995247693930132
1788178028.4832468,logic1,0.3604079015965481,0.32582209969470627,0.3249270774155223,UP,False,,GAZE,STOPPED,S,0,0,,20.82687733689526
1788178028.5353057,logic1,0.3598744291771081,0.32483274408574636,0.32402728260450453,UP,False,,GAZE,STOPPED,S,0,0,,19.20917430352326
1788178028.5835218,logic1,0.35578395779352656,0.32247389060252324,0.32256882317278385,UP,False,,GAZE,STOPPED,S,0,0,,20.739855810595646
1788178028.6354809,logic1,0.357213570501252,0.3272363758865843,0.3255032186394979,UP,False,,GAZE,STOPPED,S,0,0,,19.24592992309528
1788178028.6831832,logic1,0.35671780076138715,0.3331755866662928,0.33036410738076044,UP,False,,GAZE,STOPPED,S,0,0,,20.963553849537178
1788178028.7352302,logic1,0.35763087839263974,0.3376001533169305,0.3320566694577891,UP,False,,GAZE,STOPPED,S,0,0,,19.21322198961993
1788178028.7875364,logic1,0.36336489961577734,0.33898645155509666,0.31513420087589394,CENTER,False,,GAZE,STOPPED,S,0,0,,19.11828868620292
1788178028.8362646,logic1,0.36336489961577734,0.33898645155509666,0.2707264541260468,CENTER,False,,GAZE,STOPPED,S,0,0,,20.521985898884925
1788178028.8874967,logic1,0.37581635413586656,0.33361648412822653,0.2510975826447154,UP,False,,GAZE,STOPPED,S,0,0,,19.51892183689805
1788178028.9347324,logic1,0.38097853333066833,0.32291475942190184,0.24156844073816058,UP,False,,GAZE,STOPPED,S,0,0,,21.170202349045795
1788178028.9878154,logic1,0.38310371448337954,0.3227309867177146,0.25562039561368366,UP,False,,GAZE,STOPPED,S,0,0,,18.83903538912769
1788178029.0357513,logic1,0.38282141033256867,0.3320876442202994,0.2979518269453558,UP,False,,GAZE,STOPPED,S,0,0,,20.86064566827313
1788178029.0871525,logic1,0.37183050019456637,0.3389235268585964,0.3134848120367213,CENTER,False,,GAZE,STOPPED,S,0,0,,19.455183034306177
1788178029.1351867,logic1,0.37755628241737443,0.3586918544131004,0.3272536656692973,CENTER,False,,GAZE,STOPPED,S,0,0,,20.817987343342846
1788178029.1873066,logic1,0.3842310905016514,0.37074017362123574,0.3382653977399967,CENTER,False,,GAZE,STOPPED,S,0,0,,19.18659140188284
1788178029.2393928,logic1,0.3932693894824658,0.37272618897948195,0.35134646558279203,CENTER,False,,GAZE,STOPPED,S,0,0,,19.199062545774133
1788178029.2872572,logic1,0.39752213127407643,0.3708602254372978,0.35883711040479527,CENTER,False,,GAZE,STOPPED,S,0,0,,20.892338038832822
1788178029.3399456,logic1,0.40147067373155465,0.3592385393971379,0.3591383339945323,CENTER,False,,GAZE,STOPPED,S,0,0,,18.979609937101227
1788178029.388267,logic1,0.4057430355459195,0.35814578425982696,0.3564881378387529,CENTER,False,,GAZE,STOPPED,S,0,0,,20.694625905385937
1788178029.4402804,logic1,0.40625733587435253,0.3508651712516637,0.35083597709177206,CENTER,False,,GAZE,STOPPED,S,0,0,,19.225904042464443
1788178029.4875042,logic1,0.3986805287436964,0.3600372078944557,0.3489408153466077,CENTER,False,,GAZE,STOPPED,S,0,0,,21.175653297790703
1788178029.539618,logic1,0.36811889501944256,0.36688073596470916,0.33824806512296435,CENTER,False,,GAZE,STOPPED,S,0,0,,19.188785850554257
1788178029.5874805,logic1,0.3460796714658006,0.377539175028234,0.3142181734343675,CENTER,False,,GAZE,STOPPED,S,0,0,,20.89296246114609
1788178029.6394475,logic1,0.2930726300624096,0.34889309849718225,0.2899624330915583,RIGHT,False,,GAZE,STOPPED,S,0,0,,19.243280938879256
1788178029.6918433,logic1,0.2614970829197535,0.29805819111000303,0.27376581180271314,UP,False,,GAZE,STOPPED,S,0,0,,19.08514433402497
1788178029.7393792,logic1,0.259200125321249,0.233179402743929,0.2593151832048214,UP,False,,GAZE,STOPPED,S,0,0,,21.036944898634754
1788178029.7915022,logic1,0.24815450793993685,0.17169343759407735,0.26087563561560384,UP,False,,GAZE,STOPPED,S,0,0,,19.185274973584423
1788178029.8553686,logic1,0.2741367931426881,0.15216955262003234,0.266168417854764,UP,False,,GAZE,STOPPED,S,0,0,,15.657983350132527
1788178029.9230206,logic1,0.28426071083033366,0.17230310028259616,0.25902788992013254,UP,False,,GAZE,STOPPED,S,0,0,,14.79075803311987
1788178029.992043,logic1,0.2783792311530464,0.22442790711757454,0.2617559672824879,UP,False,,GAZE,STOPPED,S,0,0,,14.488346948997393
1788178030.0598083,logic1,0.2777906594496321,0.21291148252056896,0.26528433935965784,UP,False,,GAZE,STOPPED,S,0,0,,14.760879816998065
1788178030.1245332,logic1,0.2710493715672909,0.2418208739902979,0.25623492659229474,UP,False,,GAZE,STOPPED,S,0,0,,15.434932527664209
1788178030.1917758,logic1,0.24778405739063133,0.2353452079331145,0.2565541012326578,UP,False,,GAZE,STOPPED,S,0,0,,14.886140283007819
1788178030.2597415,logic1,0.23805148208996307,0.2655978168487935,0.2613907666716596,UP,False,,GAZE,STOPPED,S,0,0,,14.708392363692472
1788178030.324058,logic1,0.22273650336610767,0.38278894778275074,0.2613732454637171,RIGHT,False,,GAZE,STOPPED,S,0,0,,15.537624330882217
1788178030.3916929,logic1,0.21857694422963514,0.42730970454640327,0.284940592907663,RIGHT,False,,GAZE,STOPPED,S,0,0,,14.794357811270974
1788178030.4593205,logic1,0.310107623284255,0.4586629009729507,0.31524190834398036,CENTER,False,,GAZE,STOPPED,S,0,0,,14.786690827557518
1788178030.527806,logic1,0.3447050822294822,0.4411215452049607,0.34923272129654276,CENTER,False,,GAZE,STOPPED,S,0,0,,14.597007029999304
1788178030.5922303,logic1,0.35072649686853635,0.4014496626878551,0.3633031723244231,CENTER,False,,GAZE,STOPPED,S,0,0,,15.517619768177497
1788178030.6578634,logic1,0.35072649686853635,0.4014496626878551,0.3633031723244231,CENTER,False,,GAZE,STOPPED,S,0,0,,15.236113583278541
1788178030.720665,logic1,0.35072649686853635,0.4014496626878551,0.3633031723244231,CENTER,False,,GAZE,STOPPED,S,0,0,,15.92334267252834
1788178030.7843482,logic1,0.35072649686853635,0.4014496626878551,0.3633031723244231,CENTER,False,,GAZE,STOPPED,S,0,0,,15.702652110756699
1788178030.852325,logic1,0.35072649686853635,0.4014496626878551,0.3633031723244231,CENTER,False,,GAZE,STOPPED,S,0,0,,14.719386841948264
1788178030.920214,logic1,0.35072649686853635,0.4014496626878551,0.3633031723244231,CENTER,False,,GAZE,STOPPED,S,0,0,,14.73075991023106
1788178030.9884193,logic1,0.35072649686853635,0.4014496626878551,0.3633031723244231,CENTER,False,,GAZE,STOPPED,S,0,0,,14.661348788271772
1788178031.052389,logic1,0.35072649686853635,0.4014496626878551,0.3633031723244231,CENTER,False,,GAZE,STOPPED,S,0,0,,15.622116691807737
1788178031.1327264,logic1,0.35072649686853635,0.4014496626878551,0.3225270217015111,CENTER,False,,GAZE,STOPPED,S,0,0,,12.451030683005605
1788178031.1956573,logic1,0.4321067120034233,0.33853952512836366,0.2812152149474574,CENTER,False,,GAZE,STOPPED,S,0,0,,15.884627037508332
1788178031.2633402,logic1,0.4321067120034233,0.33853952512836366,0.22324786697642962,CENTER,False,,GAZE,STOPPED,S,0,0,,14.784241155300828
1788178031.327604,logic1,0.5015248419569796,0.2500519815550676,0.19758745996614052,UP,False,,GAZE,STOPPED,S,0,0,,15.550528138335538
1788178031.395595,logic1,0.5015248419569796,0.2500519815550676,0.19787513045517716,UP,False,,GAZE,STOPPED,S,0,0,,14.716907778623785
1788178031.4639027,logic1,0.5015248419569796,0.2500519815550676,0.19024325964977587,UP,False,,GAZE,STOPPED,S,0,0,,14.640111136707924
1788178031.527832,logic1,0.5452075464159689,0.3096219788813229,0.20408196587767635,UP,False,,GAZE,STOPPED,S,0,0,,15.631373776674643
1788178031.5960138,logic1,0.5929609926846707,0.3032039197772305,0.2240966655521745,UP,False,,GAZE,STOPPED,S,0,0,,14.67612346085076
1788178031.6636999,logic1,0.5575520672731388,0.32496503124010556,0.25486353142216767,UP,False,,GAZE,STOPPED,S,0,0,,14.774346492139589
1788178031.7317476,logic1,0.4520621592174198,0.3838639129131163,0.27868814120211605,CENTER,False,,GAZE,STOPPED,S,0,0,,14.695097084317256
1788178031.7963812,logic1,0.4217166789018154,0.30223474173292475,0.2879386935073917,UP,False,,GAZE,STOPPED,S,0,0,,15.461503866938962
1788178031.8638499,logic1,0.41802181123123516,0.2625791193481726,0.28380707970404223,UP,False,,GAZE,STOPPED,S,0,0,,14.83108148724386
1788178031.9321513,logic1,0.40161072637161627,0.2552098633836066,0.28139394323982153,UP,False,,GAZE,STOPPED,S,0,0,,14.635615635315547
1788178031.9968162,logic1,0.3638925795500313,0.25432110334668395,0.29382532923409954,UP,False,,GAZE,STOPPED,S,0,0,,15.46019307253674
1788178032.064013,logic1,0.35828862614770285,0.2649707677860067,0.31239626033408213,UP,False,,GAZE,STOPPED,S,0,0,,14.891002495855034
1788178032.132207,logic1,0.32497861745934475,0.2680176359802143,0.323486382550167,UP,False,,GAZE,STOPPED,S,0,0,,14.663450310797867
1788178032.2002256,logic1,0.2979708003622063,0.2620987936382472,0.33481348366400787,UP,False,,GAZE,STOPPED,S,0,0,,14.702566277688002
1788178032.2639832,logic1,0.31087135019946727,0.24898505040381919,0.335751136674464,UP,False,,GAZE,STOPPED,S,0,0,,15.673957480838723
1788178032.3322132,logic1,0.2939244032371424,0.21123239998023322,0.32724147285519845,UP,False,,GAZE,STOPPED,S,0,0,,14.665398601398602
1788178032.400199,logic1,0.3047813549474637,0.17474726288091136,0.3294088073804192,UP,False,,GAZE,STOPPED,S,0,0,,14.724864399936807
1788178032.4690862,logic1,0.29401146884979845,0.14736270105358126,0.3340957708767096,UP,False,,GAZE,STOPPED,S,0,0,,14.500969772820778
1788178032.5320623,logic1,0.27277119458626264,0.14591371995271943,0.3374575317165741,UP,False,,GAZE,STOPPED,S,0,0,,15.86852101272719
1788178032.6003394,logic1,0.24607832081255526,0.1522264111128835,0.34513809107562643,UP,False,,GAZE,STOPPED,S,0,0,,14.650594329506198
1788178032.669399,logic1,0.20346927982166801,0.17037391865173704,0.34159195741613013,UP,False,,GAZE,STOPPED,S,0,0,,14.48439431716936
1788178032.7327452,logic1,0.19135708969005,0.21203036023180089,0.3358428744813218,UP,False,,GAZE,STOPPED,S,0,0,,15.776185478987298
1788178032.8000348,logic1,0.18316088017775628,0.20633232856711106,0.32956771709942284,UP,False,,GAZE,STOPPED,S,0,0,,14.869885523652181
1788178032.8685322,logic1,0.18117038078684988,0.24956957180534534,0.3230700851027578,UP,False,,GAZE,STOPPED,S,0,0,,14.599699951616328
1788178032.9366026,logic1,0.18928661239177003,0.2917582984727142,0.3244534307941553,UP,False,,GAZE,STOPPED,S,0,0,,14.69051630234912
1788178033.000292,logic1,0.264808861075026,0.36785989446896405,0.3255310041505002,RIGHT,False,,GAZE,STOPPED,S,0,0,,15.690903377377408
1788178033.0677474,logic1,0.3305950306700079,0.47077397401747556,0.33084834054597534,CENTER,False,,GAZE,STOPPED,S,0,0,,14.833546707785455
1788178033.1360881,logic1,0.40289875675700637,0.5182095996926053,0.3326777944167811,CENTER,False,,GAZE,STOPPED,S,0,0,,14.632450007675025
1788178033.2001612,logic1,0.43467553874732023,0.5787144068552986,0.32545477556209557,CENTER,False,,GAZE,STOPPED,S,0,0,,15.597426648321
1788178033.268001,logic1,0.38956546399101794,0.5666364079825221,0.317365050661827,CENTER,False,,GAZE,STOPPED,S,0,0,,14.744482644674584
1788178033.336005,logic1,0.34720575489542704,0.5736989197088058,0.3039764681323869,CENTER,False,,GAZE,STOPPED,S,0,0,,14.710455801686283
1788178033.404458,logic1,0.3053341468131962,0.512785606577287,0.2873927765496595,RIGHT,False,,GAZE,STOPPED,S,0,0,,14.608547853980836
1788178033.4682379,logic1,0.2758275504558213,0.44912093463557307,0.2734649166286958,RIGHT,False,,GAZE,STOPPED,S,0,0,,15.668512084874294
1788178033.536006,logic1,0.27701921352261116,0.43020262938008613,0.2683703881347572,RIGHT,False,,GAZE,STOPPED,S,0,0,,14.765244696655003
1788178033.6058612,logic1,0.2833812447377569,0.41687036816355727,0.25731415576473454,RIGHT,False,,GAZE,STOPPED,S,0,0,,14.315519301000034
1788178033.6720178,logic1,0.2987934320207736,0.4632339408544979,0.24618072918988432,RIGHT,False,,GAZE,STOPPED,S,0,0,,15.10584489719478
1788178033.7354174,logic1,0.3383213811938406,0.520575676040741,0.23632494542420113,CENTER,False,,GAZE,STOPPED,S,0,0,,15.772922479862213
1788178033.8035047,logic1,0.32715226932316643,0.5783956845786279,0.22063177434188025,CENTER,False,,GAZE,STOPPED,S,0,0,,14.695972390112297
1788178033.871711,logic1,0.34689558991275027,0.5611207720276077,0.21118031035613788,CENTER,False,,GAZE,STOPPED,S,0,0,,14.661348788271772
1788178033.936679,logic1,0.34304309038534886,0.5479298007050021,0.22077119069238457,CENTER,False,,GAZE,STOPPED,S,0,0,,15.382514202305376
1788178034.0040362,logic1,0.3335023568574606,0.5019781865689956,0.23527889058252716,CENTER,False,,GAZE,STOPPED,S,0,0,,14.855560159949563
1788178034.0723245,logic1,0.3399532214259785,0.43833703222022213,0.24740251771006477,CENTER,False,,GAZE,STOPPED,S,0,0,,14.643791328878368
1788178034.1406229,logic1,0.32467834879349533,0.4464747214859822,0.26239194100632796,CENTER,False,,GAZE,STOPPED,S,0,0,,14.641746549280533
1788178034.2042668,logic1,0.29838500190142503,0.4606068655226194,0.269830043623052,RIGHT,False,,GAZE,STOPPED,S,0,0,,15.70177034549627
1788178034.2715638,logic1,0.2830409308951802,0.5107515135839082,0.27092378378766513,RIGHT,False,,GAZE,STOPPED,S,0,0,,14.868831247097527
1788178034.3398657,logic1,0.2768240986492065,0.5204656368476062,0.27385176242384857,RIGHT,False,,GAZE,STOPPED,S,0,0,,14.641388771559924
1788178034.404391,logic1,0.26279273887903526,0.49698646152097314,0.2750107134489084,RIGHT,False,,GAZE,STOPPED,S,0,0,,15.487023081155128
1788178034.4722285,logic1,0.24823818697714145,0.4792037707437691,0.27501080805611444,RIGHT,False,,GAZE,STOPPED,S,0,0,,14.750186386079422
1788178034.5415583,logic1,0.23933258598481347,0.46278673273885806,0.2766122163286431,RIGHT,False,,GAZE,STOPPED,S,0,0,,14.42407276854033
1788178034.607691,logic1,0.23317972140809629,0.45829378316652936,0.2743172727541035,RIGHT,False,,GAZE,STOPPED,S,0,0,,15.111396135596395
1788178034.6721687,logic1,0.22521420958979657,0.4384558305888844,0.27736176357929876,RIGHT,False,,GAZE,STOPPED,S,0,0,,15.509299728588438
1788178034.740042,logic1,0.23102334846837572,0.4532510311111901,0.2753270951582669,RIGHT,False,,GAZE,STOPPED,S,0,0,,14.742513286280685
1788178034.8084013,logic1,0.23341164292645333,0.42660557606121746,0.2710701090767711,RIGHT,False,,GAZE,STOPPED,S,0,0,,14.62872449139744
1788178034.876172,logic1,0.23505013825369156,0.41778658017623016,0.26792662364687725,RIGHT,False,,GAZE,STOPPED,S,0,0,,14.755531164138988
1788178034.9402971,logic1,0.24528969393840994,0.4309452286705362,0.25951133188617725,RIGHT,False,,GAZE,STOPPED,S,0,0,,15.58415539925466
1788178035.0077474,logic1,0.2881158492824778,0.41057143017841047,0.26100838243250246,RIGHT,False,,GAZE,STOPPED,S,0,0,,14.835225624809887
1788178035.0734327,logic1,0.2881158492824778,0.41057143017841047,0.26100838243250246,RIGHT,False,,GAZE,STOPPED,S,0,0,,15.214227935708767
1788178035.1428983,logic1,0.2881158492824778,0.41057143017841047,0.26100838243250246,RIGHT,False,,GAZE,STOPPED,S,0,0,,14.404060592948223
1788178035.2004707,logic1,0.2881158492824778,0.41057143017841047,0.26100838243250246,RIGHT,False,,GAZE,STOPPED,S,0,0,,17.357081374561346
1788178035.2819736,logic1,0.3758045988562051,0.4160408368352391,0.3022944731153284,CENTER,False,,GAZE,STOPPED,S,0,0,,12.273126025978282
1788178035.341089,logic1,0.3758045988562051,0.4160408368352391,0.3022944731153284,CENTER,False,,GAZE,STOPPED,S,0,0,,16.909038867007187
1788178035.4140463,logic1,0.4200250391017589,0.383567092531792,0.31919728888310295,CENTER,False,,GAZE,STOPPED,S,0,0,,13.711804897185262
1788178035.4758856,logic1,0.5027222404371895,0.3802447854007007,0.3470259160218665,CENTER,False,,GAZE,STOPPED,S,0,0,,16.163768652114936
1788178035.5443792,logic1,0.49060984705469274,0.3614662925249539,0.35967963099022643,CENTER,False,,GAZE,STOPPED,S,0,0,,14.603868317055761
1788178035.608318,logic1,0.43270460178200865,0.3261272230348512,0.33983327433265176,UP,False,,GAZE,STOPPED,S,0,0,,15.63539441654831
1788178035.6760151,logic1,0.4208402420085239,0.3313455512342018,0.3429487314277626,UP,False,,GAZE,STOPPED,S,0,0,,14.7799692018197
1788178035.7440681,logic1,0.3694506596880123,0.30762874395350215,0.33277633145955493,UP,False,,GAZE,STOPPED,S,0,0,,14.695251542469142
1788178035.8121746,logic1,0.3709267890022931,0.3070719864560617,0.3259287816482441,UP,False,,GAZE,STOPPED,S,0,0,,14.68388180927041
1788178035.8760283,logic1,0.3785222726903814,0.3157558107749732,0.3150198878016762,UP,False,,GAZE,STOPPED,S,0,0,,15.64945376395439
1788178035.9444985,logic1,0.38024345058726194,0.3129392132294829,0.30686506144909015,UP,False,,GAZE,STOPPED,S,0,0,,14.616744263849005
1788178036.0118785,logic1,0.3809185710796952,0.33251762054717016,0.30094692824867586,UP,False,,GAZE,STOPPED,S,0,0,,14.838637095319127
1788178036.0796332,logic1,0.38764055041876205,0.33909724475772346,0.29957619995845713,CENTER,False,,GAZE,STOPPED,S,0,0,,14.75916574883086
1788178036.1443148,logic1,0.3865722702950787,0.34326456928705057,0.29906996478828296,CENTER,False,,GAZE,STOPPED,S,0,0,,15.449885441914262
1788178036.2120554,logic1,0.38666966044222123,0.34868059163388315,0.29703367195254654,CENTER,False,,GAZE,STOPPED,S,0,0,,14.766284334227555
1788178036.260154,logic1,0.38167290100239737,0.35211156276333244,0.2960367683271121,CENTER,False,,GAZE,STOPPED,S,0,0,,20.782503133996304
1788178036.311208,logic1,0.3780079327269088,0.35160197253898584,0.2949033620719613,CENTER,False,,GAZE,STOPPED,S,0,0,,19.58728646548423
1788178036.3633337,logic1,0.3786759681661318,0.35095997340461177,0.2949091887736433,CENTER,False,,GAZE,STOPPED,S,0,0,,19.18413421517239
1788178036.4112701,logic1,0.3785715081813936,0.3561579621865999,0.29506590897881657,CENTER,False,,GAZE,STOPPED,S,0,0,,20.860956928280114
1788178036.4634206,logic1,0.3720669658273197,0.3505564323886656,0.2948900531195707,CENTER,False,,GAZE,STOPPED,S,0,0,,19.175451349362007
1788178036.5116854,logic1,0.3623052080940071,0.350844902061467,0.29459935753853184,CENTER,False,,GAZE,STOPPED,S,0,0,,20.7191606236045
1788178036.5633695,logic1,0.3468014238045658,0.35471056243623456,0.293676545073042,CENTER,False,,GAZE,STOPPED,S,0,0,,19.348027050216345
1788178036.6112285,logic1,0.3324886152768207,0.3591434661407199,0.295451025626714,CENTER,False,,GAZE,STOPPED,S,0,0,,20.894835952055956
1788178036.663063,logic1,0.3302409126799326,0.36484131314004375,0.2995060559701843,CENTER,False,,GAZE,STOPPED,S,0,0,,19.292050540221055
1788178036.711103,logic1,0.33904778399332564,0.3683511460654547,0.3022599512870354,CENTER,False,,GAZE,STOPPED,S,0,0,,20.81623091735652
1788178036.7638059,logic1,0.34124081507839676,0.36442919692321163,0.30763967195110453,CENTER,False,,GAZE,STOPPED,S,0,0,,18.97411492214572
1788178036.8154519,logic1,0.3472993103083397,0.3571538219453664,0.3114544961681545,CENTER,False,,GAZE,STOPPED,S,0,0,,19.36303286029527
1788178036.862981,logic1,0.3524465344915997,0.3567025712849642,0.3149663373662781,CENTER,False,,GAZE,STOPPED,S,0,0,,21.039266437930134
1788178036.9150503,logic1,0.3524352269740652,0.350432066775187,0.31746006661724024,CENTER,False,,GAZE,STOPPED,S,0,0,,19.20521626051998
1788178036.9634395,logic1,0.3642004782403928,0.3540143785397687,0.31578755260559055,CENTER,False,,GAZE,STOPPED,S,0,0,,20.66597358061067
1788178037.0151546,logic1,0.3744782357596841,0.36121369186976454,0.3153221983103307,CENTER,False,,GAZE,STOPPED,S,0,0,,19.336431363871064
1788178037.0634582,logic1,0.3737537981926751,0.3639191839077498,0.31315127282451816,CENTER,False,,GAZE,STOPPED,S,0,0,,20.702491127794314
1788178037.1152213,logic1,0.38040410853308215,0.37850621118508443,0.31261664828725877,CENTER,False,,GAZE,STOPPED,S,0,0,,19.318796923218645
1788178037.1648624,logic1,0.37966571176658553,0.38532900452561625,0.3101092254178767,CENTER,False,,GAZE,STOPPED,S,0,0,,20.14468154594662
1788178037.2151735,logic1,0.37714634608484743,0.38305889808232496,0.3054273584523948,CENTER,False,,GAZE,STOPPED,S,0,0,,19.876239805516988
1788178037.2679412,logic1,0.38173600919625095,0.3744508909208007,0.28835793921198233,CENTER,False,,GAZE,STOPPED,S,0,0,,18.95113906434968
1788178037.3156133,logic1,0.38173600919625095,0.3744508909208007,0.25409049817992724,CENTER,False,,GAZE,STOPPED,S,0,0,,20.976449465624423
1788178037.3674855,logic1,0.3895894998773621,0.3640220570163867,0.23518304618167474,CENTER,False,,GAZE,STOPPED,S,0,0,,19.27821774441896
1788178037.4151883,logic1,0.4032165184359466,0.3531566627877786,0.22873445840492485,CENTER,False,,GAZE,STOPPED,S,0,0,,20.963239520389447
1788178037.467371,logic1,0.4216820424988904,0.3567709329679625,0.2406769134693219,CENTER,False,,GAZE,STOPPED,S,0,0,,19.163361066564324
1788178037.5152082,logic1,0.4403040956313504,0.37022892232392945,0.2684898961276456,CENTER,False,,GAZE,STOPPED,S,0,0,,20.903895896773935
1788178037.56789,logic1,0.4453634530337349,0.38125386465697475,0.28887278266842104,CENTER,False,,GAZE,STOPPED,S,0,0,,18.982015007105293
1788178037.599326,logic1,0.45110099275543875,0.39060540045102726,0.2971032524654318,CENTER,False,,GAZE,STOPPED,S,0,0,,31.81069684191366
1788178037.6355193,logic1,0.4509737837703131,0.39177897832709685,0.3016018596878321,CENTER,False,,GAZE,STOPPED,S,0,0,,27.62918705988525
1788178037.6671712,logic1,0.4524043305890839,0.3923510258195593,0.3053293265773562,CENTER,False,,GAZE,STOPPED,S,0,0,,31.594082376691073
1788178037.6992853,logic1,0.45235801489240735,0.391562570858682,0.30771804142021775,CENTER,False,,GAZE,STOPPED,S,0,0,,31.138576667805015
1788178037.7355454,logic1,0.45376385031950595,0.39315913856596474,0.3115166617214583,CENTER,False,,GAZE,STOPPED,S,0,0,,27.57868297333728
1788178037.7672334,logic1,0.4542133076761172,0.3969172596100783,0.3133476178533645,CENTER,False,,GAZE,STOPPED,S,0,0,,31.557474983071252
1788178037.8034863,logic1,0.4505519821932893,0.39485600933719855,0.31803748171242796,CENTER,False,,GAZE,STOPPED,S,0,0,,27.58448698808968
1788178037.8357728,logic1,0.44790236686884516,0.390838822153139,0.3214023486961345,CENTER,False,,GAZE,STOPPED,S,0,0,,30.972788161188607
1788178037.8672655,logic1,0.43915754633128923,0.38702985403802515,0.3269471103331763,CENTER,False,,GAZE,STOPPED,S,0,0,,31.752899494291857
1788178037.9030395,logic1,0.4314090533880247,0.3817697890489901,0.3327228511174757,CENTER,False,,GAZE,STOPPED,S,0,0,,27.953454274022633
1788178037.9367747,logic1,0.4292261544431322,0.37762671480538423,0.3342095041938684,CENTER,False,,GAZE,STOPPED,S,0,0,,29.642981327830157
1788178037.9709487,logic1,0.4308139914599308,0.37159413092105587,0.33473501018739293,CENTER,False,,GAZE,STOPPED,S,0,0,,29.261837487878218
1788178038.003737,logic1,0.434765002461626,0.36610388300641583,0.33210515052911044,CENTER,False,,GAZE,STOPPED,S,0,0,,30.498483912015995
1788178038.035288,logic1,0.4383511007088179,0.3623607969318896,0.3306181597437,CENTER,False,,GAZE,STOPPED,S,0,0,,31.69435376617096
1788178038.0716524,logic1,0.4414112041121091,0.3592593090648177,0.33350210185247187,CENTER,False,,GAZE,STOPPED,S,0,0,,27.499485323524976
1788178038.10349,logic1,0.4392219701134948,0.3613584759254168,0.33029009006820775,CENTER,False,,GAZE,STOPPED,S,0,0,,31.410478387203067
1788178038.1395702,logic1,0.4378308313474438,0.3658870131712556,0.3295417701921578,CENTER,False,,GAZE,STOPPED,S,0,0,,27.71590939127217
1788178038.172184,logic1,0.4370623917024916,0.3669505123982688,0.33205913813161436,CENTER,False,,GAZE,STOPPED,S,0,0,,30.660789344795575
1788178038.2034519,logic1,0.4308539607902476,0.3663027867491599,0.32993411436750425,CENTER,False,,GAZE,STOPPED,S,0,0,,31.982187654885813
1788178038.2394252,logic1,0.4302608777094058,0.36216960889530714,0.33355655952988755,CENTER,False,,GAZE,STOPPED,S,0,0,,27.798386829530166
1788178038.2721276,logic1,0.4293728912117768,0.3531160089595772,0.33353103040757437,CENTER,False,,GAZE,STOPPED,S,0,0,,30.57875244233181
1788178038.3041244,logic1,0.42688783992330986,0.3478546539363394,0.32911918321035755,CENTER,False,,GAZE,STOPPED,S,0,0,,31.25319662603201
1788178038.3395445,logic1,0.4290967036183957,0.34374586233892446,0.32442786376253985,CENTER,False,,GAZE,STOPPED,S,0,0,,28.232303922888452
1788178038.372586,logic1,0.4256150728809482,0.3422926778211939,0.31982880919318174,CENTER,False,,GAZE,STOPPED,S,0,0,,30.265427466374184
1788178038.424073,logic1,0.4219218778275341,0.3439844709579648,0.3149528674885183,CENTER,False,,GAZE,STOPPED,S,0,0,,19.42230022273365
1788178038.4716108,logic1,0.4197936476609503,0.341119192194243,0.3125632833869696,CENTER,False,,GAZE,STOPPED,S,0,0,,21.035784321100962
1788178038.5235124,logic1,0.4141817957484645,0.33770147801016925,0.3142439150778261,UP,False,,GAZE,STOPPED,S,0,0,,19.26714808077467
1788178038.5715997,logic1,0.41344243357016797,0.3376601692937248,0.3166767737795082,UP,False,,GAZE,STOPPED,S,0,0,,20.79569242058396
1788178038.6235902,logic1,0.41340860035423865,0.33871248518284996,0.32181917217657613,CENTER,False,,GAZE,STOPPED,S,0,0,,19.234279844449336
1788178038.675556,logic1,0.4142007110179456,0.3453572458653039,0.31759841107277925,CENTER,False,,GAZE,STOPPED,S,0,0,,19.243457515140392
1788178038.7237358,logic1,0.4142007110179456,0.3453572458653039,0.27661304762341576,CENTER,False,,GAZE,STOPPED,S,0,0,,20.755455706099504
1788178038.7758133,logic1,0.4142007110179456,0.3453572458653039,0.23471621275623658,CENTER,False,,GAZE,STOPPED,S,0,0,,19.202314732153077
1788178038.8242614,logic1,0.42550758716149084,0.33423787126130555,0.21663055991159103,UP,False,,GAZE,STOPPED,S,0,0,,20.640548799992125
1788178038.8757267,logic1,0.4349506801359561,0.33221485741995466,0.21724218353343525,UP,False,,GAZE,STOPPED,S,0,0,,19.430668025572132
1788178038.9211602,logic1,0.4418251597198549,0.33859921113783453,0.261930227549486,CENTER,False,,GAZE,STOPPED,S,0,0,,22.00994941332046
1788178038.975743,logic1,0.44326978430174574,0.34317784435465953,0.30615557618383865,CENTER,False,,GAZE,STOPPED,S,0,0,,18.321018284745822
1788178039.0242152,logic1,0.43711575981157796,0.36780515088397653,0.3266704532541043,CENTER,False,,GAZE,STOPPED,S,0,0,,20.63029492199028
1788178039.0757008,logic1,0.4318831878610534,0.3806554249497245,0.33590920613930836,CENTER,False,,GAZE,STOPPED,S,0,0,,19.422929806525705
1788178039.1274996,logic1,0.4309623059968459,0.37909838393223694,0.3373911519689561,CENTER,False,,GAZE,STOPPED,S,0,0,,19.305281181246606
1788178039.1754615,logic1,0.4320548213645002,0.38295403206477985,0.3409423226941346,CENTER,False,,GAZE,STOPPED,S,0,0,,20.84975741668655
1788178039.2268357,logic1,0.42998103534684795,0.383340396558261,0.34297265961307966,CENTER,False,,GAZE,STOPPED,S,0,0,,19.465114768096974
1788178039.2757242,logic1,0.4294264371053418,0.38528211501159826,0.3461461160393654,CENTER,False,,GAZE,STOPPED,S,0,0,,20.454531711004364
1788178039.3274791,logic1,0.4311297671701193,0.39680375826921455,0.3500364542529265,CENTER,False,,GAZE,STOPPED,S,0,0,,19.322267829419868
1788178039.3751783,logic1,0.43026154449609577,0.39629254390074414,0.34753100436146955,CENTER,False,,GAZE,STOPPED,S,0,0,,20.96470647039712
1788178039.4272034,logic1,0.44822904168447786,0.40682591006370544,0.3405448289758413,CENTER,False,,GAZE,STOPPED,S,0,0,,19.220970144123914
1788178039.4756842,logic1,0.46962399626489076,0.4084032249226116,0.32332373068593045,CENTER,False,,GAZE,STOPPED,S,0,0,,20.627048293498575
1788178039.5275896,logic1,0.48102332721354624,0.40892996362502193,0.30462295718063837,CENTER,False,,GAZE,STOPPED,S,0,0,,19.26582057536046
1788178039.5801153,logic1,0.49914922162369146,0.4153380695173887,0.28901410387184545,CENTER,False,,GAZE,STOPPED,S,0,0,,19.03862372619777
1788178039.6275284,logic1,0.5051846034745944,0.41145523558225017,0.27935315589544785,CENTER,False,,GAZE,STOPPED,S,0,0,,21.091000517934095
1788178039.6796865,logic1,0.5047806302159747,0.41015929271911916,0.2769078071120614,CENTER,False,,GAZE,STOPPED,S,0,0,,19.172208255245234
1788178039.727306,logic1,0.5108312860289691,0.4053212247860092,0.2717212554817858,CENTER,False,,GAZE,STOPPED,S,0,0,,20.999869824262756
1788178039.7798064,logic1,0.5167910070953854,0.4034588234670466,0.26941619001337813,CENTER,False,,GAZE,STOPPED,S,0,0,,19.047615587576804
1788178039.8274286,logic1,0.5149945144579795,0.40474017406308266,0.2682766469686831,CENTER,False,,GAZE,STOPPED,S,0,0,,20.998713333767228
1788178039.8797266,logic1,0.5110002822230131,0.4060096794902736,0.2679698521430051,CENTER,False,,GAZE,STOPPED,S,0,0,,19.12090336756976
1788178039.9276626,logic1,0.5103564142849948,0.4106480262151747,0.27118001877960435,CENTER,False,,GAZE,STOPPED,S,0,0,,20.86147571560021
1788178039.979954,logic1,0.506802744015706,0.4119937100240494,0.2732970555341353,CENTER,False,,GAZE,STOPPED,S,0,0,,19.123605956430154
1788178040.0319927,logic1,0.5079113359388195,0.4147944914850503,0.2739178934413732,CENTER,False,,GAZE,STOPPED,S,0,0,,19.216390934039502
1788178040.0799532,logic1,0.5122323137099765,0.422466159983019,0.2728404451541392,CENTER,False,,GAZE,STOPPED,S,0,0,,20.850690250001243
1788178040.1314325,logic1,0.5144803165692103,0.42639211135116645,0.27011937127326857,CENTER,False,,GAZE,STOPPED,S,0,0,,19.42526861800667
1788178040.179481,logic1,0.5166695487877477,0.4273987814552861,0.2657949423949313,CENTER,False,,GAZE,STOPPED,S,0,0,,20.8123058601697
1788178040.2314749,logic1,0.5164277111918476,0.42571573072145796,0.2603355139630113,CENTER,False,,GAZE,STOPPED,S,0,0,,19.23260410027375
1788178040.2796288,logic1,0.5157174976371115,0.4209103987319719,0.25684871512626106,CENTER,False,,GAZE,STOPPED,S,0,0,,20.76696539089964
1788178040.3315642,logic1,0.5138056849059479,0.42138239176873565,0.25528184076553273,CENTER,False,,GAZE,STOPPED,S,0,0,,19.25449996557027
1788178040.3791842,logic1,0.5134847456475833,0.4250569355973354,0.25206401467094647,CENTER,False,,GAZE,STOPPED,S,0,0,,20.999869824262756
1788178040.4307823,logic1,0.5114948850980154,0.4306713299472753,0.24849220581563075,CENTER,False,,GAZE,STOPPED,S,0,0,,19.380569083902447
1788178040.4831972,logic1,0.509788462670437,0.4366853465515169,0.24431862552487935,CENTER,False,,GAZE,STOPPED,S,0,0,,19.078459823966885
1788178040.5320048,logic1,0.5064680368417264,0.4373424057414641,0.23826264882505405,CENTER,False,,GAZE,STOPPED,S,0,0,,20.489003956816962
1788178040.5830636,logic1,0.5039286361742691,0.43761329813732475,0.23514212868586828,CENTER,False,,GAZE,STOPPED,S,0,0,,19.58499992995858
1788178040.633094,logic1,0.5033608381901317,0.43415871122314653,0.23412134676899626,CENTER,False,,GAZE,STOPPED,S,0,0,,19.98781946502862
1788178040.683295,logic1,0.5010523191994913,0.43724023871673023,0.2352471793021373,CENTER,False,,GAZE,STOPPED,S,0,0,,19.91994604811976
1788178040.7312927,logic1,0.5003440515746924,0.4420809686267759,0.2375995030852602,CENTER,False,,GAZE,STOPPED,S,0,0,,20.834222473897018
1788178040.7831562,logic1,0.49120862342508553,0.4374578628934385,0.23427018442118852,CENTER,False,,GAZE,STOPPED,S,0,0,,19.281408167111813
1788178040.8313854,logic1,0.4740700470666216,0.43041090870353804,0.23809089216002977,CENTER,False,,GAZE,STOPPED,S,0,0,,20.734319386221625
1788178040.8832107,logic1,0.45738537650114985,0.42577154974054354,0.2468820569941583,CENTER,False,,GAZE,STOPPED,S,0,0,,19.29560060909689
1788178040.9352746,logic1,0.4415455495828697,0.425230300760706,0.25742022723961056,CENTER,False,,GAZE,STOPPED,S,0,0,,19.207327013783946
1788178040.9837732,logic1,0.43637634184586216,0.4350201180734721,0.2740295821139284,CENTER,False,,GAZE,STOPPED,S,0,0,,20.619544377476476
1788178041.035802,logic1,0.4378459922645005,0.4475190324779855,0.2815215550777965,CENTER,False,,GAZE,STOPPED,S,0,0,,19.219825137012666
1788178041.083402,logic1,0.44252266988466293,0.44911799665092245,0.2810239778484118,CENTER,False,,GAZE,STOPPED,S,0,0,,21.00807404884499
1788178041.1356893,logic1,0.441545107809149,0.44308867544975294,0.27819404115715074,CENTER,False,,GAZE,STOPPED,S,0,0,,19.12508834566753
1788178041.1834514,logic1,0.4408969813737846,0.436437638361251,0.27483157714350814,CENTER,False,,GAZE,STOPPED,S,0,0,,20.93739205095694
1788178041.235376,logic1,0.4467928729597407,0.43288052880675887,0.2732088358557462,CENTER,False,,GAZE,STOPPED,S,0,0,,19.258566777936444
1788178041.2832117,logic1,0.45017960523607814,0.4274106246278914,0.2757205835193382,CENTER,False,,GAZE,STOPPED,S,0,0,,20.904729389600227
1788178041.3354557,logic1,0.4559699680540025,0.42152114357304904,0.2799749252818906,CENTER,False,,GAZE,STOPPED,S,0,0,,19.141060394476238
1788178041.367615,logic1,0.4542348838509147,0.4125242665615245,0.28080434108531044,CENTER,False,,GAZE,STOPPED,S,0,0,,31.09517666770458
1788178041.4031522,logic1,0.44645713388184155,0.40976474466163354,0.28218543971543264,CENTER,False,,GAZE,STOPPED,S,0,0,,28.13892671930872
1788178041.436189,logic1,0.44468623097772997,0.41114095271324436,0.27874628449607597,CENTER,False,,GAZE,STOPPED,S,0,0,,30.269795906584683
1788178041.4716887,logic1,0.4454807524275607,0.41310392499079623,0.27449086336462913,CENTER,False,,GAZE,STOPPED,S,0,0,,28.16992068129462
1788178041.5028174,logic1,0.4529508562159573,0.40824889581744334,0.2649586394342188,CENTER,False,,GAZE,STOPPED,S,0,0,,32.12475203541585
1788178041.5352397,logic1,0.4529508562159573,0.40824889581744334,0.24440209444382682,CENTER,False,,GAZE,STOPPED,S,0,0,,30.842738436649753
1788178041.571444,logic1,0.4529508562159573,0.40824889581744334,0.21428604689771835,CENTER,False,,GAZE,STOPPED,S,0,0,,27.620635610520633
1788178041.6024258,logic1,0.4529508562159573,0.40824889581744334,0.1859726148407203,CENTER,False,,GAZE,STOPPED,S,0,0,,32.27753280233945
1788178041.6352015,logic1,0.4651269767678727,0.3989546509334738,0.17718782385959184,CENTER,False,,GAZE,STOPPED,S,0,0,,30.51024208566108
1788178041.6721663,logic1,0.47274618237237753,0.390324104049264,0.18709842794989848,CENTER,False,,GAZE,STOPPED,S,0,0,,27.05339336162747
1788178041.7033336,logic1,0.47944979063849646,0.3846020162356219,0.21445431881914873,CENTER,False,,GAZE,STOPPED,S,0,0,,32.08395994767802
1788178041.7394123,logic1,0.48150437115809386,0.39320311640885003,0.24103407465239415,CENTER,False,,GAZE,STOPPED,S,0,0,,27.717191475301505
1788178041.7710984,logic1,0.4795173488084274,0.39782125188989986,0.2586325574030492,CENTER,False,,GAZE,STOPPED,S,0,0,,31.559137115038787
1788178041.8033552,logic1,0.47284184804247464,0.4040492009162454,0.26730072452141934,CENTER,False,,GAZE,STOPPED,S,0,0,,31.000946073793756
1788178041.838795,logic1,0.4642991410020301,0.4117692700904493,0.26988263773877486,CENTER,False,,GAZE,STOPPED,S,0,0,,28.217299166459235
1788178041.8722064,logic1,0.45952900321744894,0.4166405322180999,0.27171758155919895,CENTER,False,,GAZE,STOPPED,S,0,0,,29.930239196209396
1788178041.9040813,logic1,0.4566465767644308,0.42381997115253695,0.2715177181788494,CENTER,False,,GAZE,STOPPED,S,0,0,,31.372182953737987
1788178041.9400973,logic1,0.45743901552434596,0.43201524114949325,0.2708767444195418,CENTER,False,,GAZE,STOPPED,S,0,0,,27.765631102667136
1788178041.9714289,logic1,0.4589614120668017,0.43640145080302617,0.27009252406235223,CENTER,False,,GAZE,STOPPED,S,0,0,,31.916478332001674
1788178042.0028496,logic1,0.45912367618926947,0.4358941098595104,0.2703746869704018,CENTER,False,,GAZE,STOPPED,S,0,0,,31.826386517638312
1788178042.0390418,logic1,0.4598328383294445,0.4328717307439309,0.27174609039582476,CENTER,False,,GAZE,STOPPED,S,0,0,,27.63046113306983
1788178042.0711198,logic1,0.4587556933689786,0.4279523559969269,0.27457068226707193,CENTER,False,,GAZE,STOPPED,S,0,0,,31.173986398602697
1788178042.1032424,logic1,0.45729301559766233,0.4260772930910002,0.2757802956803015,CENTER,False,,GAZE,STOPPED,S,0,0,,31.13025665385129
1788178042.1390276,logic1,0.46807805020777143,0.42364757868071146,0.2744592459129073,CENTER,False,,GAZE,STOPPED,S,0,0,,27.94488713588999
1788178042.1708543,logic1,0.47879934914005867,0.42967625723443004,0.27662963918937555,CENTER,False,,GAZE,STOPPED,S,0,0,,31.41918423911008
1788178042.203334,logic1,0.4932500589499318,0.4366116520540581,0.2796250672574603,CENTER,False,,GAZE,STOPPED,S,0,0,,30.789532024224627
1788178042.239821,logic1,0.5069172237372118,0.44215702836869586,0.28573544424905833,CENTER,False,,GAZE,STOPPED,S,0,0,,27.406944680406173
1788178042.2714975,logic1,0.5087727970121847,0.45329731924136574,0.2934466649265566,CENTER,False,,GAZE,STOPPED,S,0,0,,31.5688759765772
1788178042.303898,logic1,0.5065934900813114,0.458701351432323,0.296419424162653,CENTER,False,,GAZE,STOPPED,S,0,0,,30.86339119493153
1788178042.33914,logic1,0.5018058600503957,0.460945164151054,0.2970822949528392,CENTER,False,,GAZE,STOPPED,S,0,0,,28.37574502919229
1788178042.3715348,logic1,0.5032425377091885,0.45191039916752673,0.2945268908140385,CENTER,False,,GAZE,STOPPED,S,0,0,,30.86884268629255
1788178042.4033415,logic1,0.5061585452176888,0.4406565863768085,0.2925782911820127,CENTER,False,,GAZE,STOPPED,S,0,0,,31.439673782681698
1788178042.4399424,logic1,0.5133324892881328,0.42971698639896605,0.2923820224575251,CENTER,False,,GAZE,STOPPED,S,0,0,,27.322142098714767
1788178042.4713523,logic1,0.5236521676750974,0.41841599417103315,0.2939754205139942,CENTER,False,,GAZE,STOPPED,S,0,0,,31.83677435025504
1788178042.5042574,logic1,0.5167518519345361,0.4198704060664802,0.2911654718354728,CENTER,False,,GAZE,STOPPED,S,0,0,,30.390203963337317
1788178042.5392656,logic1,0.5029680577846705,0.4228736955825956,0.28417413457190827,CENTER,False,,GAZE,STOPPED,S,0,0,,28.564937276107713
1788178042.571718,logic1,0.4881409750473021,0.42605507292008293,0.2750073681541628,CENTER,False,,GAZE,STOPPED,S,0,0,,30.81464066885111
1788178042.6079733,logic1,0.4769532336727229,0.4209057685715563,0.25325449442650194,CENTER,False,,GAZE,STOPPED,S,0,0,,27.581766052029355
1788178042.6399622,logic1,0.4769532336727229,0.4209057685715563,0.22165300452122805,CENTER,False,,GAZE,STOPPED,S,0,0,,31.260650508302774
1788178042.6715446,logic1,0.4769532336727229,0.4209057685715563,0.18896738659633505,CENTER,False,,GAZE,STOPPED,S,0,0,,31.663727503321656
1788178042.7072382,logic1,0.4769532336727229,0.4209057685715563,0.16530736037200872,CENTER,False,,GAZE,STOPPED,S,0,0,,28.015817035374585
1788178042.7391922,logic1,0.47390457952653764,0.41796158367186,0.16501642564317048,CENTER,False,,GAZE,STOPPED,S,0,0,,31.295638029577233
1788178042.7712293,logic1,0.47501710232970307,0.419645017744917,0.1868030880586365,CENTER,False,,GAZE,STOPPED,S,0,0,,31.21319283205334
1788178042.8074555,logic1,0.47985680712753254,0.41744754959897534,0.21833273490010396,CENTER,False,,GAZE,STOPPED,S,0,0,,27.604638612101986
1788178042.8554718,logic1,0.4762669593375533,0.4235164801887026,0.2444848775046839,CENTER,False,,GAZE,STOPPED,S,0,0,,20.826050040467337
1788178042.9073606,logic1,0.47665649638584306,0.43018749110069077,0.2583539776628425,CENTER,False,,GAZE,STOPPED,S,0,0,,19.27210571780404
1788178042.9593854,logic1,0.4788901648050692,0.4358967095374193,0.268495798515499,CENTER,False,,GAZE,STOPPED,S,0,0,,19.221498654959237
1788178043.0075243,logic1,0.47652549550475454,0.44204908876503113,0.27184023452213746,CENTER,False,,GAZE,STOPPED,S,0,0,,20.773342314321376
1788178043.0592706,logic1,0.4726849898396138,0.4447267276644351,0.2714712636987483,CENTER,False,,GAZE,STOPPED,S,0,0,,19.32511668409825
1788178043.1106024,logic1,0.47175999861321904,0.4432796339083475,0.272974958039799,CENTER,False,,GAZE,STOPPED,S,0,0,,19.481388586981765
1788178043.1590853,logic1,0.46701123663000266,0.43618564259365283,0.27413377264897076,CENTER,False,,GAZE,STOPPED,S,0,0,,20.625323937705613
1788178043.2074082,logic1,0.4624598418989392,0.42925504455133573,0.2736527095364808,CENTER,False,,GAZE,STOPPED,S,0,0,,20.69452379895104
1788178043.2590814,logic1,0.46288399258046437,0.42735242852166344,0.2736669324101975,CENTER,False,,GAZE,STOPPED,S,0,0,,19.35204418258073
1788178043.306997,logic1,0.4581279399093203,0.4221313489903976,0.2716560101873649,CENTER,False,,GAZE,STOPPED,S,0,0,,20.870299049609393
1788178043.3594282,logic1,0.45263094356865774,0.4225442823320753,0.27086744837690446,CENTER,False,,GAZE,STOPPED,S,0,0,,19.07238705863629
1788178043.410913,logic1,0.447847355098964,0.42655176515288484,0.27239154668794574,CENTER,False,,GAZE,STOPPED,S,0,0,,19.42346948226359
1788178043.4592083,logic1,0.440544233489766,0.4318719686187764,0.2751840271384166,CENTER,False,,GAZE,STOPPED,S,0,0,,20.70565933414952
1788178043.4908874,logic1,0.4391180460545688,0.43690125509002903,0.2765547603533691,CENTER,False,,GAZE,STOPPED,S,0,0,,31.56650009031248
1788178043.527403,logic1,0.44162162902070246,0.44001334015388943,0.27675616565843447,CENTER,False,,GAZE,STOPPED,S,0,0,,27.38565001926128
1788178043.5597908,logic1,0.44438845954981576,0.44095068254381714,0.2775672573070116,CENTER,False,,GAZE,STOPPED,S,0,0,,30.87634163219034
1788178043.5963023,logic1,0.4482176526036191,0.4336037899722355,0.27728712601449684,CENTER,False,,GAZE,STOPPED,S,0,0,,27.388868936064622
1788178043.6400054,logic1,0.44953146047098197,0.42866438856616085,0.2787741630543179,CENTER,False,,GAZE,STOPPED,S,0,0,,22.88155805897275
1788178043.6598787,logic1,0.4509614908640674,0.4224047485142848,0.2777885893446648,CENTER,False,,GAZE,STOPPED,S,0,0,,50.316150625607314
1788178043.6940465,logic1,0.45372598974493605,0.4166467629404056,0.27707277887137355,CENTER,False,,GAZE,STOPPED,S,0,0,,29.26735049891843
1788178043.72647,logic1,0.45862088790828265,0.41927268185638417,0.27632639994804387,CENTER,False,,GAZE,STOPPED,S,0,0,,30.842284840284723
1788178043.7629242,logic1,0.4625669247972493,0.4185031923137187,0.2777404202753504,CENTER,False,,GAZE,STOPPED,S,0,0,,27.431680837148463
1788178043.7960525,logic1,0.4642672811797372,0.41679032473984834,0.2827324416532282,CENTER,False,,GAZE,STOPPED,S,0,0,,30.185489848939554
1788178043.8278584,logic1,0.4651463966949806,0.4164050018475182,0.2881081599296678,CENTER,False,,GAZE,STOPPED,S,0,0,,31.441323528309383
1788178043.8633127,logic1,0.464554450580436,0.4134483620363053,0.2958674831953925,CENTER,False,,GAZE,STOPPED,S,0,0,,28.204586107188486
1788178043.8968766,logic1,0.4665668346233359,0.41218928196340215,0.3012414634156483,CENTER,False,,GAZE,STOPPED,S,0,0,,29.794592751502407
1788178043.9254026,logic1,0.4679825914515327,0.4103529320070447,0.304335234951596,CENTER,False,,GAZE,STOPPED,S,0,0,,35.05448345605135
1788178043.9627178,logic1,0.4702180697815527,0.40727683611619736,0.30865112109328496,CENTER,False,,GAZE,STOPPED,S,0,0,,26.799637074616946
1788178043.9954,logic1,0.47001654634686063,0.40415029794244695,0.31066198250208443,CENTER,False,,GAZE,STOPPED,S,0,0,,30.597490516486722
1788178044.0276368,logic1,0.46885227737349755,0.4018369496697984,0.31438211975312236,CENTER,False,,GAZE,STOPPED,S,0,0,,31.020434727943734
1788178044.0634263,logic1,0.4721658029683372,0.3998842313149624,0.3191016750683026,CENTER,False,,GAZE,STOPPED,S,0,0,,27.94135006761663
1788178044.0956953,logic1,0.47202101148941766,0.3936899927366375,0.32135766080504413,CENTER,False,,GAZE,STOPPED,S,0,0,,30.989035671011024
1788178044.127394,logic1,0.47650849277073026,0.39375499580206386,0.3194787106987994,CENTER,False,,GAZE,STOPPED,S,0,0,,31.546794028054606
1788178044.1638715,logic1,0.48576972914875877,0.39216569919634225,0.3227892610933079,CENTER,False,,GAZE,STOPPED,S,0,0,,27.414289169068674
1788178044.1958172,logic1,0.4934706592182927,0.3985253751851568,0.32840836092860787,CENTER,False,,GAZE,STOPPED,S,0,0,,31.30311217255019
1788178044.2270052,logic1,0.4983289946842771,0.4059333839570731,0.331979934341725,CENTER,False,,GAZE,STOPPED,S,0,0,,32.06409295925388
1788178044.263136,logic1,0.5049260811370406,0.40786157036356124,0.3416057919095269,CENTER,False,,GAZE,STOPPED,S,0,0,,27.67731930871106
1788178044.295963,logic1,0.5041521905016592,0.4132783347156044,0.34642942572341173,CENTER,False,,GAZE,STOPPED,S,0,0,,30.462599954970333
1788178044.3278522,logic1,0.500687709845645,0.4096208625708677,0.3457740116190812,CENTER,False,,GAZE,STOPPED,S,0,0,,31.358109977197113
1788178044.363197,logic1,0.4997270566851545,0.40573443935971154,0.3417386822617282,CENTER,False,,GAZE,STOPPED,S,0,0,,28.29305541502243
1788178044.3955953,logic1,0.4978344031465549,0.4001221861069594,0.33107947599951293,CENTER,False,,GAZE,STOPPED,S,0,0,,30.86634384704826
1788178044.4269884,logic1,0.49311435813187077,0.38431866461613273,0.2955320494599094,CENTER,False,,GAZE,STOPPED,S,0,0,,31.853215468270605
1788178044.4630527,logic1,0.49311435813187077,0.38431866461613273,0.22848548086561546,CENTER,False,,GAZE,STOPPED,S,0,0,,27.728185634482532
1788178044.4955418,logic1,0.49311435813187077,0.38431866461613273,0.18060482459058133,CENTER,False,,GAZE,STOPPED,S,0,0,,30.779590369049455
1788178044.5274227,logic1,0.4971138247125262,0.3694608578223196,0.15523113166581343,CENTER,False,,GAZE,STOPPED,S,0,0,,31.366552247623748
1788178044.5633337,logic1,0.4965294897407013,0.350224526036188,0.15993412852805505,CENTER,False,,GAZE,STOPPED,S,0,0,,27.847110922260804
1788178044.5955625,logic1,0.48776716087004135,0.34750420979318164,0.2067845255640299,CENTER,False,,GAZE,STOPPED,S,0,0,,31.02823705216124
1788178044.6277084,logic1,0.48380096942582823,0.3580646312407517,0.2453288613458879,CENTER,False,,GAZE,STOPPED,S,0,0,,31.107630236145724
1788178044.663774,logic1,0.47796867543639615,0.37007131092088486,0.26505403220525914,CENTER,False,,GAZE,STOPPED,S,0,0,,27.72763571938546
1788178044.6954463,logic1,0.47598168635197124,0.3874159520045784,0.28041258447608486,CENTER,False,,GAZE,STOPPED,S,0,0,,31.572678138596572
1788178044.72714,logic1,0.4742070382892583,0.388250223799796,0.2832860580684152,CENTER,False,,GAZE,STOPPED,S,0,0,,31.552726999172496
1788178044.7636528,logic1,0.478946064314813,0.37919743217389146,0.26473963649172794,CENTER,False,,GAZE,STOPPED,S,0,0,,27.38743821295879
1788178044.795278,logic1,0.478946064314813,0.37919743217389146,0.213894862029902,CENTER,False,,GAZE,STOPPED,S,0,0,,31.620282556579166
1788178044.8276985,logic1,0.478946064314813,0.37919743217389146,0.15979934953572802,CENTER,False,,GAZE,STOPPED,S,0,0,,30.8447797854112
1788178044.863877,logic1,0.478946064314813,0.37919743217389146,0.10802908807628335,CENTER,False,,GAZE,STOPPED,S,0,0,,27.64047579821411
1788178044.8953855,logic1,0.478946064314813,0.37919743217389146,0.08411449875650465,CENTER,False,,GAZE,STOPPED,S,0,0,,31.73752232210418
1788178044.9276047,logic1,0.478946064314813,0.37919743217389146,0.10403449449431894,CENTER,False,,GAZE,STOPPED,S,0,0,,31.037880637880637
1788178044.963257,logic1,0.478946064314813,0.37919743217389146,0.1355260053906821,CENTER,False,,GAZE,STOPPED,S,0,0,,28.048228221400436
1788178044.9951108,logic1,0.478946064314813,0.37919743217389146,0.16630633216079554,CENTER,False,,GAZE,STOPPED,S,0,0,,31.394256031017733
1788178045.0269306,logic1,0.5778007955349096,0.43168484419589015,0.18954160864230907,CENTER,False,,GAZE,STOPPED,S,0,0,,31.426482047593357
1788178045.0633929,logic1,0.6702948632630812,0.48656508783882857,0.20459378779789775,LEFT,False,,GAZE,STOPPED,S,0,0,,27.425402948965246
1788178045.0958529,logic1,0.7682597292139902,0.553670955072054,0.2106562766349046,LEFT,False,,GAZE,STOPPED,S,0,0,,30.806945382965598
1788178045.1274564,logic1,0.8681771483490358,0.6290392112964351,0.21513722246439726,LEFT,False,,GAZE,STOPPED,S,0,0,,31.641990117309795
1788178045.164054,logic1,0.8855153390832826,0.6322718609855978,0.2156474300555579,LEFT,False,,GAZE,STOPPED,S,0,0,,27.324634036703824
1788178045.1956186,logic1,0.868570036763427,0.6189525260607754,0.21752237421981535,LEFT,False,,GAZE,STOPPED,S,0,0,,31.681426089583805
1788178045.2274678,logic1,0.8652946054113619,0.5901050119448916,0.22016110013888784,LEFT,False,,GAZE,STOPPED,S,0,0,,31.39778120461725
1788178045.2634332,logic1,0.882113921897855,0.6286564639995188,0.23210006583500312,LEFT,False,,GAZE,STOPPED,S,0,0,,27.805205308725455
1788178045.295883,logic1,0.8806932181049953,0.6353871351517077,0.24902942076325513,LEFT,False,,GAZE,STOPPED,S,0,0,,30.815319849240694
1788178045.3276234,logic1,0.8982445483065131,0.6740247070874672,0.27589134164140894,LEFT,False,,GAZE,STOPPED,S,0,0,,31.505562274185188
1788178045.363994,logic1,0.9144684778086962,0.7224372373015504,0.3069473667906777,LEFT,False,,GAZE,STOPPED,S,0,0,,27.49515886906986
1788178045.395305,logic1,0.9120015235847577,0.7166079045525289,0.32274443598818736,LEFT,False,,GAZE,STOPPED,S,0,0,,31.937621832358673
1788178045.4274588,logic1,0.8731329971434849,0.7568045982312488,0.3257622714645097,LEFT,False,,GAZE,STOPPED,S,0,0,,31.100018537055576
1788178045.463838,logic1,0.8907287631951561,0.8052893117472202,0.32306438051715874,LEFT,False,,GAZE,STOPPED,S,0,0,,27.488311432971788
1788178045.4962463,logic1,0.8997429960129583,0.8176123557433859,0.30991730286507657,LEFT,False,,GAZE,STOPPED,S,0,0,,30.85680654464128
1788178045.527815,logic1,0.8896849274873678,0.8535515060402019,0.3216606534314764,LEFT,False,,GAZE,STOPPED,S,0,0,,31.677119207298652
1788178045.5639179,logic1,0.9204462405128215,0.7506884159427367,0.32833043920116894,LEFT,False,,GAZE,STOPPED,S,0,0,,27.698155571257818
1788178045.5956802,logic1,0.9075080724962901,0.6873465698787238,0.33698726524923117,LEFT,False,,GAZE,STOPPED,S,0,0,,31.483805105801636
1788178045.6276505,logic1,0.9003461022858816,0.5990215473470931,0.34020681482943715,LEFT,False,,GAZE,STOPPED,S,0,0,,31.279534047773527
1788178045.6637492,logic1,0.8908748036805235,0.4650207390115043,0.3409460598545256,LEFT,False,,GAZE,STOPPED,S,0,0,,27.701448375613396
1788178045.6955194,logic1,0.8784830790935998,0.45371955018638227,0.347952287941729,LEFT,False,,GAZE,STOPPED,S,0,0,,31.475772016059434
1788178045.7280366,logic1,0.8840471245255984,0.3888496375699914,0.3479865838889682,LEFT,False,,GAZE,STOPPED,S,0,0,,30.752734844707746
1788178045.7637012,logic1,0.8860368118855363,0.38029466743078577,0.35610193326644735,LEFT,False,,GAZE,STOPPED,S,0,0,,28.039228007781425
1788178045.796853,logic1,0.8939953816120307,0.41660424235503846,0.35122458314774824,LEFT,False,,GAZE,STOPPED,S,0,0,,30.16443242621253
1788178045.8276231,logic1,0.9158862051658014,0.4375832735187411,0.35342139994446087,LEFT,False,,GAZE,STOPPED,S,0,0,,32.499372375211145
1788178045.8637743,logic1,0.9200715356278912,0.4304971457368872,0.3543643290258815,LEFT,False,,GAZE,STOPPED,S,0,0,,27.67695404005411
1788178045.8966725,logic1,0.9187802576255653,0.4210410127433762,0.35812045328822256,LEFT,False,,GAZE,STOPPED,S,0,0,,30.378318087333145
1788178045.9283144,logic1,0.9399634847964506,0.4115965313539698,0.3585055981856632,LEFT,False,,GAZE,STOPPED,S,0,0,,31.60360468971337
1788178045.9637766,logic1,0.9363757426077906,0.42253661697044714,0.3487607718956088,LEFT,False,,GAZE,STOPPED,S,0,0,,28.21483155742116
1788178045.9953945,logic1,0.9418906512043486,0.4344132740251455,0.3478669562586698,LEFT,False,,GAZE,STOPPED,S,0,0,,31.607415222305953
1788178046.0271432,logic1,0.9496566825975951,0.45829549218501336,0.34645511456819744,LEFT,False,,GAZE,STOPPED,S,0,0,,31.496571973536987
1788178046.0636225,logic1,0.9463228080178255,0.45295153920682163,0.3441554566281242,LEFT,False,,GAZE,STOPPED,S,0,0,,27.413572460310718
1788178046.09726,logic1,0.940902267331683,0.4322281982734706,0.35474307816979045,LEFT,False,,GAZE,STOPPED,S,0,0,,29.7284937662577
1788178046.1287808,logic1,0.9360117999918525,0.438912686450662,0.35653207869654674,LEFT,False,,GAZE,STOPPED,S,0,0,,31.725039331961757
1788178046.1634212,logic1,0.9400101958919304,0.4475483595325866,0.350012186254047,LEFT,False,,GAZE,STOPPED,S,0,0,,28.868696184845376
1788178046.1968832,logic1,0.8934932762306644,0.4141526855656871,0.34134386754774887,LEFT,False,,GAZE,STOPPED,S,0,0,,29.883751086538325
1788178046.2285433,logic1,0.8869805384165494,0.43129078176392627,0.3297598600408084,LEFT,False,,GAZE,STOPPED,S,0,0,,31.58480364471554
1788178046.264325,logic1,0.8694216009961548,0.4332736768593589,0.3173328968478144,LEFT,False,,GAZE,STOPPED,S,0,0,,27.948052640346493
1788178046.2964501,logic1,0.8394086912785584,0.40134450747445233,0.31687296917815067,LEFT,False,,GAZE,STOPPED,S,0,0,,31.12817734501978
1788178046.3275461,logic1,0.8742398777989194,0.42338504400699273,0.3244584376761114,LEFT,False,,GAZE,STOPPED,S,0,0,,32.15874257235959
1788178046.363854,logic1,0.8292144433030384,0.4226812457147106,0.31179387251428653,LEFT,False,,GAZE,STOPPED,S,0,0,,27.54228228464862
1788178046.3963668,logic1,0.7306295968966534,0.40757322156339904,0.29257466951736627,LEFT,False,,GAZE,STOPPED,S,0,0,,30.75679401627924
1788178046.4275074,logic1,0.7214966166798157,0.4223944150285789,0.2675398244706575,LEFT,False,,GAZE,STOPPED,S,0,0,,32.1127002113129
1788178046.463517,logic1,0.6879227725566496,0.3904804921137596,0.2373235746641701,LEFT,False,,GAZE,STOPPED,S,0,0,,27.770778571570453
1788178046.495267,logic1,0.6102273675968128,0.32101194619184914,0.22244453846524131,UP,False,,GAZE,STOPPED,S,0,0,,31.496335455965397
1788178046.5280395,logic1,0.5850552443187049,0.27421760803061257,0.22433889232168272,UP,False,,GAZE,STOPPED,S,0,0,,30.51290557253019
1788178046.5635343,logic1,0.47204283658454826,0.22182118728704409,0.22963190940589445,UP,False,,GAZE,STOPPED,S,0,0,,28.173137376071363
1788178046.5955355,logic1,0.352694758351342,0.2060622094290957,0.24200044948721613,UP,False,,GAZE,STOPPED,S,0,0,,31.249238196705434
1788178046.627511,logic1,0.3300234738988359,0.22489909492157284,0.2604650316492511,UP,False,,GAZE,STOPPED,S,0,0,,31.273470179022794
1788178046.6636255,logic1,0.33322807830505496,0.2561047153537702,0.2745317240346864,UP,False,,GAZE,STOPPED,S,0,0,,27.689195790807908
1788178046.694713,logic1,0.33134079096981256,0.28094038768337615,0.2829994954834579,UP,False,,GAZE,STOPPED,S,0,0,,32.16663471198607
1788178046.7272863,logic1,0.3479946271922819,0.29036315224706727,0.28438317800820045,UP,False,,GAZE,STOPPED,S,0,0,,30.70073708634963
1788178046.7634366,logic1,0.3663889481045196,0.3083927915968868,0.2879160978756237,UP,False,,GAZE,STOPPED,S,0,0,,27.662351195383348
1788178046.795585,logic1,0.37375449406868966,0.32051924568215956,0.28530475063118177,UP,False,,GAZE,STOPPED,S,0,0,,31.106015321976578
1788178046.8278694,logic1,0.39048423318102715,0.3359332620565598,0.28567391537418574,UP,False,,GAZE,STOPPED,S,0,0,,30.97484676168673
1788178046.8641553,logic1,0.40340651106752345,0.3571083658100414,0.2912753073254267,CENTER,False,,GAZE,STOPPED,S,0,0,,27.55911244275361
1788178046.8958766,logic1,0.4123676593496092,0.3729429271485648,0.2965530668677171,CENTER,False,,GAZE,STOPPED,S,0,0,,31.52497989432306
1788178046.92721,logic1,0.4210157371638095,0.37650041443657056,0.29913168024506886,CENTER,False,,GAZE,STOPPED,S,0,0,,31.914049838310824
1788178046.9638267,logic1,0.42613765293444317,0.38048609505315373,0.3023131000729567,CENTER,False,,GAZE,STOPPED,S,0,0,,27.310222685245474
1788178046.9962678,logic1,0.42566314339896105,0.38438073258004846,0.30250441548905693,CENTER,False,,GAZE,STOPPED,S,0,0,,30.82460498272948
1788178047.0282884,logic1,0.4277010952259398,0.3793958783224213,0.2986425370808855,CENTER,False,,GAZE,STOPPED,S,0,0,,31.229926137717417
1788178047.0640612,logic1,0.42758270867027903,0.38323287278408935,0.29491426803026116,CENTER,False,,GAZE,STOPPED,S,0,0,,27.954385801214336
1788178047.0958264,logic1,0.4279880184669789,0.3868327285300973,0.292509480615557,CENTER,False,,GAZE,STOPPED,S,0,0,,31.480733146193913
1788178047.1280184,logic1,0.4298554664640519,0.3866055773905012,0.2902774076800582,CENTER,False,,GAZE,STOPPED,S,0,0,,31.063396136983055
1788178047.163661,logic1,0.4319515124934299,0.3897372486136208,0.2882364876764353,CENTER,False,,GAZE,STOPPED,S,0,0,,28.056295820623962
1788178047.197063,logic1,0.4353081120623711,0.38615570500313023,0.28837824806420576,CENTER,False,,GAZE,STOPPED,S,0,0,,29.93942595275995
1788178047.2241862,logic1,0.4391358092897184,0.379958006513414,0.2859919904116107,CENTER,False,,GAZE,STOPPED,S,0,0,,36.8661961308242
1788178047.2627807,logic1,0.44281824258034475,0.37683258374617973,0.28421361739702755,CENTER,False,,GAZE,STOPPED,S,0,0,,25.91027811067594
1788178047.2954657,logic1,0.44955424205316485,0.38227387383561773,0.28348961781164306,CENTER,False,,GAZE,STOPPED,S,0,0,,30.595704948646127
1788178047.3265095,logic1,0.4544256182682116,0.38487980044359493,0.2823538479873195,CENTER,False,,GAZE,STOPPED,S,0,0,,32.21283197394897
1788178047.3625808,logic1,0.4574148185943441,0.3947163088649359,0.2815263460484565,CENTER,False,,GAZE,STOPPED,S,0,0,,27.72213776784888
1788178047.3948352,logic1,0.4594922761712255,0.4075344839877135,0.281312268968987,CENTER,False,,GAZE,STOPPED,S,0,0,,31.00461265523359
1788178047.4282763,logic1,0.4602290407504674,0.40649452633749256,0.2801648550667989,CENTER,False,,GAZE,STOPPED,S,0,0,,29.90420510773004
1788178047.4636772,logic1,0.45940585514049914,0.4102522368487561,0.27965214170113684,CENTER,False,,GAZE,STOPPED,S,0,0,,28.247134409978045
1788178047.4959097,logic1,0.4568095921301376,0.4077869653521782,0.2800608897941631,CENTER,False,,GAZE,STOPPED,S,0,0,,31.02433539949998
1788178047.528803,logic1,0.4570359888369525,0.4008851140003646,0.27737920914605224,CENTER,False,,GAZE,STOPPED,S,0,0,,30.40231951290229
1788178047.5639563,logic1,0.468853962511037,0.4056995860812591,0.27781607382787477,CENTER,False,,GAZE,STOPPED,S,0,0,,28.445987738050025
1788178047.5954862,logic1,0.4839499386601535,0.41420472478829906,0.2812792421662741,CENTER,False,,GAZE,STOPPED,S,0,0,,31.71640301261305
1788178047.6274128,logic1,0.49843669718428896,0.4236513716137998,0.2846524378357215,CENTER,False,,GAZE,STOPPED,S,0,0,,31.322047061810633
1788178047.6636755,logic1,0.5128198813945324,0.435913152693335,0.29172332667342205,CENTER,False,,GAZE,STOPPED,S,0,0,,27.57668840732169
1788178047.6959105,logic1,0.5155605560879382,0.44454039241438903,0.29688352579171484,CENTER,False,,GAZE,STOPPED,S,0,0,,31.021811323545727
1788178047.7281697,logic1,0.5160003914332507,0.44643711896202276,0.3023559740719145,CENTER,False,,GAZE,STOPPED,S,0,0,,30.99888400280847
1788178047.7632453,logic1,0.514551376367764,0.44613258305549774,0.3039750715109142,CENTER,False,,GAZE,STOPPED,S,0,0,,28.509407286568788
1788178047.795773,logic1,0.5132842217065374,0.4428427945208606,0.30401454580201615,CENTER,False,,GAZE,STOPPED,S,0,0,,30.74371829829654
1788178047.8276129,logic1,0.5104024529148992,0.4214688518357852,0.2928486359821759,CENTER,False,,GAZE,STOPPED,S,0,0,,31.40671518854644
1788178047.8646846,logic1,0.5104024529148992,0.4214688518357852,0.25562924605388154,CENTER,False,,GAZE,STOPPED,S,0,0,,26.97509775674007
1788178047.8962626,logic1,0.5104024529148992,0.4214688518357852,0.2131829360748638,CENTER,False,,GAZE,STOPPED,S,0,0,,31.66731345650024
1788178047.9281883,logic1,0.5104024529148992,0.4214688518357852,0.17480501784421273,CENTER,False,,GAZE,STOPPED,S,0,0,,31.32228096902351
1788178047.9651105,logic1,0.5104024529148992,0.4214688518357852,0.15976558155978782,CENTER,False,,GAZE,STOPPED,S,0,0,,27.085188820581703
1788178047.9911895,logic1,0.5250006925734165,0.4041845668127916,0.1746576440747121,CENTER,False,,GAZE,STOPPED,S,0,0,,38.341261860796756
1788178048.0273662,logic1,0.5381879027045593,0.39113452655342096,0.19949021966935496,CENTER,False,,GAZE,STOPPED,S,0,0,,27.6430261449539
1788178048.063544,logic1,0.5480092050210307,0.3932564298925827,0.22539982609548836,CENTER,False,,GAZE,STOPPED,S,0,0,,27.641568746334165
1788178048.0955834,logic1,0.5558742605955144,0.40830343688934667,0.24061864951864262,CENTER,False,,GAZE,STOPPED,S,0,0,,31.211566939270593
1788178048.1276112,logic1,0.5468533091279653,0.4192236206796017,0.25028104581624727,CENTER,False,,GAZE,STOPPED,S,0,0,,31.222719321100236
1788178048.1637847,logic1,0.543360335622473,0.4310326635451583,0.2602018404353387,CENTER,False,,GAZE,STOPPED,S,0,0,,27.644483697264093
1788178048.195574,logic1,0.5385661526391522,0.4240884573513908,0.26507089750722357,CENTER,False,,GAZE,STOPPED,S,0,0,,31.456414948588915
1788178048.228064,logic1,0.5358458905570267,0.417881592392763,0.26931186799306617,CENTER,False,,GAZE,STOPPED,S,0,0,,30.778912762709876
1788178048.262599,logic1,0.5302650175696911,0.4160223410625746,0.2712970685267098,CENTER,False,,GAZE,STOPPED,S,0,0,,28.955789357413085
1788178048.2956994,logic1,0.4949812304217705,0.3967371503937842,0.2682796113165081,CENTER,False,,GAZE,STOPPED,S,0,0,,30.212016221394666
1788178048.3274689,logic1,0.4589584100966736,0.381778969635476,0.26620123257458084,CENTER,False,,GAZE,STOPPED,S,0,0,,31.47648065319845
1788178048.363804,logic1,0.4250046753911634,0.3678042527055072,0.26598246874987097,CENTER,False,,GAZE,STOPPED,S,0,0,,27.521860379661284
1788178048.396061,logic1,0.4034590949161819,0.35454982170803745,0.2667319625143968,CENTER,False,,GAZE,STOPPED,S,0,0,,31.000946073793756
1788178048.4274645,logic1,0.40928149985841256,0.35755956530460825,0.27141938597375903,CENTER,False,,GAZE,STOPPED,S,0,0,,31.843542166479395
1788178048.463917,logic1,0.41949038739178734,0.36226667924005274,0.2773671427799867,CENTER,False,,GAZE,STOPPED,S,0,0,,27.433295615830886
1788178048.4954648,logic1,0.4276343661809935,0.3636430739983067,0.2783082247183406,CENTER,False,,GAZE,STOPPED,S,0,0,,31.69746756043923
1788178048.52752,logic1,0.4239745327562166,0.3600591338200697,0.27853189267487366,CENTER,False,,GAZE,STOPPED,S,0,0,,31.196245416477623
1788178048.56363,logic1,0.4231073597500344,0.36004631267658677,0.27907545050138277,CENTER,False,,GAZE,STOPPED,S,0,0,,27.693034986827943
1788178048.5955138,logic1,0.4236817820890501,0.35844234226707333,0.2765262793966168,CENTER,False,,GAZE,STOPPED,S,0,0,,31.363268602364414
1788178048.627789,logic1,0.4520842413890822,0.37592124730480647,0.26526969521810106,CENTER,False,,GAZE,STOPPED,S,0,0,,30.984228294513514
1788178048.6626184,logic1,0.5019222885094818,0.4135283488381819,0.2519645126191798,CENTER,False,,GAZE,STOPPED,S,0,0,,28.711197513793245
1788178048.695693,logic1,0.5644087115081774,0.4637906968582845,0.23565589876934367,CENTER,False,,GAZE,STOPPED,S,0,0,,30.23488365387388
1788178048.7271054,logic1,0.6184813820369468,0.5152590449190179,0.22383271245559597,CENTER,False,,GAZE,STOPPED,S,0,0,,31.834357970156503
1788178048.7636297,logic1,0.6455446237773308,0.5487746932757929,0.22099632721837612,LEFT,False,,GAZE,STOPPED,S,0,0,,27.37975063646452
1788178048.7952383,logic1,0.6563849844605366,0.5583679959938155,0.22375301947154516,LEFT,False,,GAZE,STOPPED,S,0,0,,31.63626215313134
1788178048.8274307,logic1,0.6636269021618747,0.5487537317588925,0.22677987616912992,LEFT,False,,GAZE,STOPPED,S,0,0,,31.062705977323056
1788178048.864343,logic1,0.6779202837323726,0.5398271667685979,0.22389595184459568,LEFT,False,,GAZE,STOPPED,S,0,0,,27.09131190213214
1788178048.8958073,logic1,0.6779202837323726,0.5398271667685979,0.21862703086353663,LEFT,False,,GAZE,STOPPED,S,0,0,,31.782494373678666
1788178048.9278893,logic1,0.7167949487070515,0.5656248708022046,0.2130978982383102,LEFT,False,,GAZE,STOPPED,S,0,0,,31.169584732915194
1788178048.96368,logic1,0.7637513710387624,0.5898226205372201,0.21000038263357163,LEFT,False,,GAZE,STOPPED,S,0,0,,27.94041940899038
1788178048.9960146,logic1,0.7969892628970328,0.6177255669474702,0.21201414302336724,LEFT,False,,GAZE,STOPPED,S,0,0,,30.926427865685508
1788178049.0274744,logic1,0.8253479363559149,0.6348868185668255,0.21403625077153904,LEFT,False,,GAZE,STOPPED,S,0,0,,31.787070860174307
1788178049.063688,logic1,0.7928627533003425,0.5858975754903502,0.21372189400993707,LEFT,False,,GAZE,STOPPED,S,0,0,,27.614270947863243
1788178049.0962143,logic1,0.7405572144571572,0.5312132221343714,0.2175447128045496,LEFT,False,,GAZE,STOPPED,S,0,0,,30.743943647518453
1788178049.1276207,logic1,0.6874863579955461,0.47492073324050577,0.2171418655301735,LEFT,False,,GAZE,STOPPED,S,0,0,,31.841124758969375
1788178049.1629624,logic1,0.6367019633736065,0.4342793821955824,0.22099554749983602,CENTER,False,,GAZE,STOPPED,S,0,0,,28.29496407730968
1788178049.1958032,logic1,0.6259936148750305,0.4228726353159585,0.22328187813022504,CENTER,False,,GAZE,STOPPED,S,0,0,,30.449552074107416
1788178049.2276294,logic1,0.6290001053030532,0.4339905937783922,0.22174754646131314,CENTER,False,,GAZE,STOPPED,S,0,0,,31.421067220028917
1788178049.2636945,logic1,0.6347206425182904,0.45768878779739053,0.22384212350461943,CENTER,False,,GAZE,STOPPED,S,0,0,,27.727452419200233
1788178049.2953608,logic1,0.6446006570583815,0.4650441428070019,0.22252543332869607,LEFT,False,,GAZE,STOPPED,S,0,0,,31.579334126398532
1788178049.3276725,logic1,0.6591520212666184,0.48530466952992046,0.22389372604707047,LEFT,False,,GAZE,STOPPED,S,0,0,,30.94833463689624
1788178049.3639739,logic1,0.6609329273968159,0.4959882346974529,0.22391306829897029,LEFT,False,,GAZE,STOPPED,S,0,0,,27.547347265825113
1788178049.3956583,logic1,0.6627465752820516,0.4922133916286434,0.22276673170158603,LEFT,False,,GAZE,STOPPED,S,0,0,,31.561274399145184
1788178049.426138,logic1,0.6633355353128503,0.49635551983808274,0.22493832923509027,LEFT,False,,GAZE,STOPPED,S,0,0,,32.80849798970604
1788178049.4612355,logic1,0.6575398855465866,0.49631269051599836,0.22301580273674926,LEFT,False,,GAZE,STOPPED,S,0,0,,28.491590359481563
1788178049.4936302,logic1,0.6568184791123102,0.4906945902658624,0.2239276138807046,LEFT,False,,GAZE,STOPPED,S,0,0,,30.86929706417022
1788178049.5265255,logic1,0.6646838365321583,0.49232439570154085,0.22343578272677997,LEFT,False,,GAZE,STOPPED,S,0,0,,30.399675296436957
1788178049.5628514,logic1,0.6728986255990648,0.49390959775913434,0.22241010369431613,LEFT,False,,GAZE,STOPPED,S,0,0,,27.528363185287766
1788178049.595648,logic1,0.6746158823971459,0.4876692726307764,0.22597456942970678,LEFT,False,,GAZE,STOPPED,S,0,0,,30.491389024186336
1788178049.6274564,logic1,0.6816405619721292,0.48912674453727556,0.22551054806947235,LEFT,False,,GAZE,STOPPED,S,0,0,,31.438495498939385
1788178049.6640549,logic1,0.6757295098846676,0.47625628406455495,0.22596577355998093,LEFT,False,,GAZE,STOPPED,S,0,0,,27.323210016481333
1788178049.6955044,logic1,0.6727036896072158,0.46807448318452755,0.22568750067918364,LEFT,False,,GAZE,STOPPED,S,0,0,,31.79791516621811
1788178049.7278216,logic1,0.670812267667197,0.4708841873511871,0.22309567221888799,LEFT,False,,GAZE,STOPPED,S,0,0,,30.94262676040752
1788178049.7633913,logic1,0.6686584238094999,0.4621507656525221,0.22370353633692233,LEFT,False,,GAZE,STOPPED,S,0,0,,28.11384141028219
1788178049.7955554,logic1,0.6729354662041246,0.463613723890161,0.22479693753617097,LEFT,False,,GAZE,STOPPED,S,0,0,,31.090105849912533
1788178049.8273234,logic1,0.6699017435431889,0.46707785565981524,0.2262887118223162,LEFT,False,,GAZE,STOPPED,S,0,0,,31.47860675607724
1788178049.8635798,logic1,0.6707002928315506,0.45813365417355245,0.22715837112578263,LEFT,False,,GAZE,STOPPED,S,0,0,,27.581040559734863
1788178049.895817,logic1,0.6705372190473652,0.4613779855974403,0.228263764912485,LEFT,False,,GAZE,STOPPED,S,0,0,,31.020205307221254
1788178049.9268231,logic1,0.6726531559609406,0.4732988752353245,0.22696235501400724,LEFT,False,,GAZE,STOPPED,S,0,0,,32.25221650634001
1788178049.9638126,logic1,0.6757117097581921,0.4745954029936508,0.2260789163744539,LEFT,False,,GAZE,STOPPED,S,0,0,,27.03456099416034
1788178049.995485,logic1,0.6796549759635416,0.48140647882066423,0.22653849060166642,LEFT,False,,GAZE,STOPPED,S,0,0,,31.57339114593919
1788178050.0280154,logic1,0.6789044286962249,0.481596319681487,0.22605725706731117,LEFT,False,,GAZE,STOPPED,S,0,0,,30.7405637560282
1788178050.0636683,logic1,0.6774872975894662,0.4788280469042532,0.22631336583102157,LEFT,False,,GAZE,STOPPED,S,0,0,,28.04804065801792
1788178050.095441,logic1,0.6748906327086055,0.47069936100401916,0.2273930221033728,LEFT,False,,GAZE,STOPPED,S,0,0,,31.473882473004508
1788178050.1273143,logic1,0.6706624526610052,0.468266025916685,0.2269952701958859,LEFT,False,,GAZE,STOPPED,S,0,0,,31.373590946151143
1788178050.163783,logic1,0.6717548437819165,0.4641657890093044,0.22563118837744153,LEFT,False,,GAZE,STOPPED,S,0,0,,27.42109977183428
1788178050.195791,logic1,0.6743300181181697,0.4590985629903458,0.22704928963565912,LEFT,False,,GAZE,STOPPED,S,0,0,,31.242255178732375
1788178050.227324,logic1,0.6779306727326502,0.46695001350590526,0.2257555227533908,LEFT,False,,GAZE,STOPPED,S,0,0,,31.713045713680835
1788178050.2637422,logic1,0.6796462256275698,0.4710941213938369,0.22336774496539952,LEFT,False,,GAZE,STOPPED,S,0,0,,27.45843889729036
1788178050.2952359,logic1,0.6815535465589566,0.4770968559457961,0.22299505148669657,LEFT,False,,GAZE,STOPPED,S,0,0,,31.752178356485864
1788178050.3273842,logic1,0.6801028737341099,0.490727688214629,0.2180658929643584,LEFT,False,,GAZE,STOPPED,S,0,0,,31.10578463363987
1788178050.3641605,logic1,0.6799281169238447,0.49891530498269254,0.2152311345376907,LEFT,False,,GAZE,STOPPED,S,0,0,,27.192303203972873
1788178050.3954227,logic1,0.6839122241212867,0.5034382070351696,0.2151681549565897,LEFT,False,,GAZE,STOPPED,S,0,0,,31.9863339637606
1788178050.4273088,logic1,0.6829317529698531,0.5151821374508481,0.21396393743569964,LEFT,False,,GAZE,STOPPED,S,0,0,,31.36209603852308
1788178050.4645503,logic1,0.6849446814453645,0.517971461540949,0.21571563752741507,LEFT,False,,GAZE,STOPPED,S,0,0,,26.85196637665572
1788178050.4962533,logic1,0.6870998758232472,0.5196242093092551,0.21770515385149425,LEFT,False,,GAZE,STOPPED,S,0,0,,31.54228646201513
1788178050.5275633,logic1,0.6981894076342694,0.5375162084467053,0.213922479747976,LEFT,False,,GAZE,STOPPED,S,0,0,,31.93859462093753
1788178050.5635886,logic1,0.7134367480311321,0.5491864789574239,0.21201687744588787,LEFT,False,,GAZE,STOPPED,S,0,0,,27.758648303430203
1788178050.59582,logic1,0.722476818190137,0.5445395594298071,0.21284218025877072,LEFT,False,,GAZE,STOPPED,S,0,0,,31.024794366530564
1788178050.627534,logic1,0.7341512446016717,0.5506756624111202,0.21220543149182788,LEFT,False,,GAZE,STOPPED,S,0,0,,31.532563996541743
1788178050.6637123,logic1,0.7333960201953444,0.53663102165464,0.21679591615822086,LEFT,False,,GAZE,STOPPED,S,0,0,,27.64065795023197
1788178050.6939754,logic1,0.732316374549443,0.5275592630372486,0.21968931381439205,LEFT,False,,GAZE,STOPPED,S,0,0,,33.04370844231557
1788178050.7271445,logic1,0.7293837128505631,0.5307157297686421,0.21872387573656119,LEFT,False,,GAZE,STOPPED,S,0,0,,30.148387746007103
1788178050.7635736,logic1,0.7241590620253496,0.5219863847760163,0.21937533833687434,LEFT,False,,GAZE,STOPPED,S,0,0,,27.451250400874397
1788178050.795351,logic1,0.7204209833748294,0.5196059492023144,0.22025297735141558,LEFT,False,,GAZE,STOPPED,S,0,0,,31.46821520478366
1788178050.8277705,logic1,0.7170001306027342,0.5127903434440648,0.22226402655086663,LEFT,False,,GAZE,STOPPED,S,0,0,,30.859757936945886
1788178050.8637831,logic1,0.7152859885908038,0.5028775740642883,0.22721266933859618,LEFT,False,,GAZE,STOPPED,S,0,0,,27.756260257292602
1788178050.896003,logic1,0.7151553692090667,0.4973388733633594,0.23080875053188182,LEFT,False,,GAZE,STOPPED,S,0,0,,31.037191611537835
1788178050.9275694,logic1,0.7139767511087056,0.4891467641428706,0.23311030974201513,LEFT,False,,GAZE,STOPPED,S,0,0,,31.679272502058172
1788178050.9634712,logic1,0.7143705957313966,0.47977243052214624,0.232563183857802,LEFT,False,,GAZE,STOPPED,S,0,0,,27.853398412856528
1788178050.9957933,logic1,0.7157948193994772,0.48061187812079476,0.2323738561223085,LEFT,False,,GAZE,STOPPED,S,0,0,,30.93943126913289
1788178051.0276363,logic1,0.7142740481641041,0.47924652642005205,0.23169930206368183,LEFT,False,,GAZE,STOPPED,S,0,0,,31.403423129333195
1788178051.0631447,logic1,0.7103103008873373,0.4901980121764468,0.23261831179251508,LEFT,False,,GAZE,STOPPED,S,0,0,,28.162165791558678
1788178051.0955772,logic1,0.7034518222985522,0.49886906488951455,0.23355282298031133,LEFT,False,,GAZE,STOPPED,S,0,0,,30.833442377105218
1788178051.1271944,logic1,0.6991665045761544,0.5043999059711229,0.2325484370722512,LEFT,False,,GAZE,STOPPED,S,0,0,,31.62862809269216
1788178051.1634579,logic1,0.698859313020504,0.512201345549467,0.23092076416322077,LEFT,False,,GAZE,STOPPED,S,0,0,,27.576325789951216
1788178051.1954107,logic1,0.7167343368371262,0.5313677517376542,0.22817151690404,LEFT,False,,GAZE,STOPPED,S,0,0,,31.295638029577233
1788178051.2271821,logic1,0.7413153666943478,0.5558026873313087,0.22700361754100504,LEFT,False,,GAZE,STOPPED,S,0,0,,31.474354837499344
1788178051.26351,logic1,0.7696438518055357,0.5703040633567305,0.22631320179006217,LEFT,False,,GAZE,STOPPED,S,0,0,,27.52727917095997
1788178051.2953846,logic1,0.7904188388105109,0.5952613346737478,0.22800544889783364,LEFT,False,,GAZE,STOPPED,S,0,0,,31.372886934147143
1788178051.327856,logic1,0.8013093487112395,0.5895694883357814,0.2291103556785859,LEFT,False,,GAZE,STOPPED,S,0,0,,30.796087990836735
1788178051.3640175,logic1,0.8038661847629082,0.5819870646051459,0.22999204682488356,LEFT,False,,GAZE,STOPPED,S,0,0,,27.65341456017511
1788178051.3952706,logic1,0.7969391665341724,0.5757307981982527,0.22940814376687457,LEFT,False,,GAZE,STOPPED,S,0,0,,31.998046994202014
1788178051.4273944,logic1,0.7975743706696669,0.5553138304965808,0.22841155349808012,LEFT,False,,GAZE,STOPPED,S,0,0,,31.1288704170996
1788178051.46382,logic1,0.7946378588925851,0.5412763084619348,0.22704519043437021,LEFT,False,,GAZE,STOPPED,S,0,0,,27.453586249329092
1788178051.4950063,logic1,0.7773230722066584,0.5254952081735241,0.22538365054000273,LEFT,False,,GAZE,STOPPED,S,0,0,,32.06507346757794
1788178051.5277102,logic1,0.7637575607539784,0.5173598845828156,0.22361300494918385,LEFT,False,,GAZE,STOPPED,S,0,0,,30.577637804460192
1788178051.5642464,logic1,0.742855558370459,0.5130286675680626,0.22014981717508994,LEFT,False,,GAZE,STOPPED,S,0,0,,27.369923977943817
1788178051.5954523,logic1,0.7158057568281502,0.5103597456082726,0.2171124283998756,LEFT,False,,GAZE,STOPPED,S,0,0,,32.045229854760215
1788178051.6279595,logic1,0.7082060961004006,0.5145194825703179,0.21499202268510204,LEFT,False,,GAZE,STOPPED,S,0,0,,30.762659156251832
1788178051.6640658,logic1,0.7042733360697898,0.5155410163113476,0.21524616889769965,LEFT,False,,GAZE,STOPPED,S,0,0,,27.695960803217094
1788178051.6964972,logic1,0.6998640122076738,0.5145700256483402,0.21621471585575353,LEFT,False,,GAZE,STOPPED,S,0,0,,30.834122386567472
1788178051.727812,logic1,0.7029714804685552,0.5124167880350076,0.21494477943166462,LEFT,False,,GAZE,STOPPED,S,0,0,,31.933731270556706
1788178051.7635262,logic1,0.6964935737614517,0.5088104560675346,0.21385557391095816,LEFT,False,,GAZE,STOPPED,S,0,0,,28.00010681193089
1788178051.795587,logic1,0.6892463099518977,0.5078425659252597,0.211665688020703,LEFT,True,,GAZE,TURN_LEFT,L,10,19,,31.190213794385574
1788178051.8276281,logic1,0.6950641353495886,0.5163029230137484,0.2104339035451962,LEFT,True,,GAZE,TURN_LEFT,L,19,35,,31.21063793372871
1788178051.8632762,logic1,0.6913644226875177,0.5234114907941414,0.2136503783941513,LEFT,True,,GAZE,TURN_LEFT,L,26,50,,28.0517924023542
1788178051.895731,logic1,0.6947305042242817,0.5309242830500337,0.21556321804833056,LEFT,True,,GAZE,TURN_LEFT,L,33,62,,30.811924246653835
1788178051.9274924,logic1,0.6986638307377371,0.5370104987349589,0.21637909825168672,LEFT,True,,GAZE,TURN_LEFT,L,39,73,,31.484986788373767
1788178051.9638534,logic1,0.69734907006009,0.5375542383519711,0.21841108202400814,LEFT,True,,GAZE,TURN_LEFT,L,44,83,,27.501829388236835
1788178051.9960248,logic1,0.7006152632472392,0.5350768873227647,0.21761834904922783,LEFT,True,,GAZE,TURN_LEFT,L,49,91,,31.083654473231753
1788178052.0285082,logic1,0.7027616525892453,0.5364274307986864,0.2173946279445398,LEFT,True,,GAZE,TURN_LEFT,L,53,98,,30.78523824902381
1788178052.0635476,logic1,0.7052347701368235,0.5428086787504951,0.21731439392378216,LEFT,True,,GAZE,TURN_LEFT,L,56,105,,28.5390870059265
1788178052.0954306,logic1,0.6992241604906193,0.5394077299344967,0.215473148451327,LEFT,True,,GAZE,TURN_LEFT,L,59,111,,31.364910339051495
1788178052.127314,logic1,0.6918879603125541,0.5475988613298755,0.2137804597358779,LEFT,True,,GAZE,TURN_LEFT,L,62,115,,31.36420671656858
1788178052.162359,logic1,0.6868537235463831,0.5528664886982563,0.21211754537328031,LEFT,True,,GAZE,TURN_LEFT,L,64,120,,28.53423315554588
1788178052.1941304,logic1,0.6819452314348342,0.5506900579817022,0.2127624433130477,LEFT,True,,GAZE,TURN_LEFT,L,66,124,,31.47506341082712
1788178052.2258723,logic1,0.6784073624891168,0.5482590682297537,0.21223602693525764,LEFT,True,,GAZE,TURN_LEFT,L,68,127,,31.503669152827538
1788178052.2618957,logic1,0.6800911905690916,0.5481809815287169,0.2123876460736996,LEFT,True,,GAZE,TURN_LEFT,L,69,130,,27.76011807453786
1788178052.294248,logic1,0.6853364861106225,0.5499250706590213,0.21246770579811297,LEFT,True,,GAZE,TURN_LEFT,L,71,132,,30.90979033862707
1788178052.3262236,logic1,0.6936379401449109,0.5532975196971864,0.2112341678250662,LEFT,True,,GAZE,TURN_LEFT,L,72,135,,31.273470179022794
1788178052.362306,logic1,0.7044112967652209,0.5679106229401132,0.21020100818126097,LEFT,True,,GAZE,TURN_LEFT,L,73,136,,27.714993689580208
1788178052.394733,logic1,0.7107129867305862,0.5674360088609424,0.21055581416764674,LEFT,True,,GAZE,TURN_LEFT,L,74,138,,30.837522883841984
1788178052.426788,logic1,0.7138217903761636,0.5640623273455503,0.21120332911084,LEFT,True,,GAZE,TURN_LEFT,L,74,140,,31.196245416477623
1788178052.4636383,logic1,0.7102127433294216,0.5643136401617772,0.21014743191071183,LEFT,True,,GAZE,TURN_LEFT,L,75,141,,27.137411198385074
1788178052.4953878,logic1,0.7094697058459242,0.5540567553959304,0.21180452892853865,LEFT,True,,GAZE,TURN_LEFT,L,76,142,,31.496571973536987
1788178052.5272868,logic1,0.7074353177311927,0.5487838685482069,0.2105165012602252,LEFT,True,,GAZE,TURN_LEFT,L,76,143,,31.349203620518264
1788178052.5637906,logic1,0.7097692408018239,0.5501591170642851,0.20943838994905398,LEFT,True,,GAZE,TURN_LEFT,L,77,144,,27.394414400292604
1788178052.5955245,logic1,0.710119657004244,0.5461968173547208,0.20994226459193174,LEFT,True,,GAZE,TURN_LEFT,L,77,145,,31.51124300364374
1788178052.62834,logic1,0.7120894739759693,0.5545455596114945,0.21130542657681362,LEFT,True,,GAZE,TURN_LEFT,L,78,145,,30.473887645674097
1788178052.6634712,logic1,0.7177610836833688,0.5655210722018725,0.2122942734759402,LEFT,True,,GAZE,TURN_LEFT,L,78,146,,28.465099864946488
1788178052.6946373,logic1,0.7117013369958924,0.5525000714287676,0.21269198857459576,LEFT,True,,GAZE,TURN_LEFT,L,78,146,,32.0854325558624
1788178052.7273502,logic1,0.7036884385863507,0.5378601458250508,0.21441903888809538,LEFT,True,,GAZE,TURN_LEFT,L,78,147,,30.56983761406373
1788178052.7635882,logic1,0.6968163850251132,0.5233100697024419,0.21453247826458222,LEFT,True,,GAZE,TURN_LEFT,L,79,147,,27.595557660929522
1788178052.7955828,logic1,0.6851731819944745,0.5056550603295868,0.21600029313711858,LEFT,True,,GAZE,TURN_LEFT,L,79,148,,31.254128166915052
1788178052.8277483,logic1,0.6755342203510812,0.5012871230955914,0.21872466139581676,LEFT,True,,GAZE,TURN_LEFT,L,79,148,,31.090105849912533
1788178052.8636906,logic1,0.668488380128505,0.5000345746661531,0.21953652333252327,LEFT,True,,GAZE,TURN_LEFT,L,79,148,,27.821804770622727
1788178052.895981,logic1,0.6594918765453226,0.4911452024047832,0.2214499789189987,LEFT,True,,GAZE,TURN_LEFT,L,79,148,,30.96890044006025
1788178052.9273567,logic1,0.6573498781970966,0.47866760190830654,0.22477634685709824,LEFT,True,,GAZE,TURN_LEFT,L,79,149,,31.872095320597577
1788178052.963873,logic1,0.6830309871306888,0.5078065741552118,0.22130411075584233,LEFT,True,,GAZE,TURN_LEFT,L,79,149,,27.38547121273456
1788178052.9953558,logic1,0.7261351032682918,0.5584473893661819,0.21869071715804628,LEFT,True,,GAZE,TURN_LEFT,L,79,149,,31.762998864066642
1788178053.0275497,logic1,0.7261351032682918,0.5584473893661819,0.2108165047381112,LEFT,True,,GAZE,TURN_LEFT,L,79,149,,31.061325750001853
1788178053.0638103,logic1,0.799420603318723,0.6507514604490143,0.20371635632672816,LEFT,True,,GAZE,TURN_LEFT,L,80,149,,27.578138972174006
1788178053.0953505,logic1,0.8681236596870137,0.7360042791344115,0.20481367655841115,LEFT,True,,GAZE,TURN_LEFT,L,80,149,,31.705374555899915
1788178053.1274393,logic1,0.8979493179562055,0.7747798972985157,0.2106791377339049,LEFT,True,,GAZE,TURN_LEFT,L,80,149,,31.163794960955205
1788178053.163344,logic1,0.9096802523369057,0.7808627992081484,0.22179965351573894,LEFT,True,,GAZE,TURN_LEFT,L,80,149,,27.851548856203724
1788178053.1960106,logic1,0.9102833491399017,0.7189475335033949,0.22640188226924562,LEFT,True,,GAZE,TURN_LEFT,L,80,150,,30.612005984746197
1788178053.2271454,logic1,0.8896844915654347,0.682939750910984,0.23264841669333808,LEFT,True,,GAZE,TURN_LEFT,L,80,150,,32.11884797108441
1788178053.2635393,logic1,0.9114566676298099,0.6660117394233955,0.24315584307823385,LEFT,True,,GAZE,TURN_LEFT,L,80,150,,27.476966616005452
1788178053.2954714,logic1,0.9179857233082191,0.6493156948100837,0.2478119412194289,LEFT,True,,GAZE,TURN_LEFT,L,80,150,,31.315966700265054
1788178053.32754,logic1,0.9172625046950039,0.6900259694245465,0.27993208794786895,LEFT,True,,GAZE,TURN_LEFT,L,80,150,,31.183257127987808
1788178053.3634422,logic1,0.9391378200104122,0.7366033559020898,0.30054337525285824,LEFT,True,,GAZE,TURN_LEFT,L,80,150,,27.854323283304556
1788178053.395793,logic1,0.91157781489056,0.7652472411904983,0.3271225558507033,LEFT,True,,GAZE,TURN_LEFT,L,80,150,,30.910245922781574
1788178053.4285238,logic1,0.91772714390319,0.7897908377886209,0.35372429526780624,LEFT,True,,GAZE,TURN_LEFT,L,80,150,,30.55224609019325
1788178053.4635656,logic1,0.9307607551191452,0.8496660129278304,0.3417218774808064,LEFT,True,,GAZE,TURN_LEFT,L,80,150,,28.53772776137276
1788178053.4959266,logic1,0.9444426045114819,0.8857930560231426,0.34751817448614253,LEFT,True,,GAZE,TURN_LEFT,L,80,150,,30.901592119707363
1788178053.5274668,logic1,0.9761433987861706,0.9198033706606893,0.3288421942929464,LEFT,True,,GAZE,TURN_LEFT,L,80,150,,31.705134892018354
1788178053.5634108,logic1,0.993156797896668,0.9731181980176162,0.3064995640797417,LEFT,True,,GAZE,TURN_LEFT,L,80,150,,27.82198932042055
1788178053.5958693,logic1,0.993156797896668,0.940284494903454,0.31298162726494866,LEFT,True,,GAZE,TURN_LEFT,L,80,150,,30.807624224172756
1788178053.6273727,logic1,0.973541775909676,0.9061008101339769,0.2950151684842575,LEFT,True,,GAZE,TURN_LEFT,L,80,150,,31.742085865427548
1788178053.6638768,logic1,0.9670656428530897,0.8706278766446267,0.2942246082298796,LEFT,True,,GAZE,TURN_LEFT,L,80,150,,27.394056560642674
1788178053.695802,logic1,0.9699889671942392,0.8395719265701432,0.3038237096592514,LEFT,True,,GAZE,TURN_LEFT,L,80,150,,31.323918417338184
1788178053.7281592,logic1,0.959639892040138,0.8232616383777975,0.3031629577443786,LEFT,True,,GAZE,TURN_LEFT,L,80,150,,30.905235235604025
1788178053.7642105,logic1,0.9515657066323334,0.8182175259092154,0.32611967987232987,LEFT,True,,GAZE,TURN_LEFT,L,80,150,,27.737904399121764
1788178053.7974746,logic1,0.9619617174511023,0.8553885152783894,0.3312376868810719,LEFT,True,,GAZE,TURN_LEFT,L,80,150,,30.06238532110092
1788178053.829201,logic1,0.9526879623631426,0.8596739865353962,0.3416922291753357,LEFT,True,,GAZE,TURN_LEFT,L,80,150,,31.519767939940934
1788178053.864601,logic1,0.9441602035150913,0.8746768910051423,0.34569642130845124,LEFT,True,,GAZE,TURN_LEFT,L,80,150,,28.24884662270924
1788178053.8958015,logic1,0.9590885371837858,0.8842828600861263,0.3292968217118864,LEFT,True,,GAZE,TURN_LEFT,L,80,150,,32.04988232417398
1788178053.9288578,logic1,0.9350532214132806,0.8473956430116563,0.33927085201187557,LEFT,True,,GAZE,TURN_LEFT,L,80,150,,30.251238739550953
1788178053.9644961,logic1,0.9164453140972733,0.8293329202635273,0.3401160421797867,LEFT,True,,GAZE,TURN_LEFT,L,80,150,,28.06023749790935
1788178053.9965315,logic1,0.9255100107655417,0.8184113593397044,0.33622093804600695,LEFT,True,,GAZE,TURN_LEFT,L,80,150,,31.2150512026673
1788178054.0276191,logic1,0.9245069451576865,0.8043266804418815,0.33146218942517797,LEFT,True,,GAZE,TURN_LEFT,L,80,150,,32.16737479868088
1788178054.0640366,logic1,0.9189080265418519,0.7826280380278112,0.3263534861644999,LEFT,True,,GAZE,TURN_LEFT,L,80,150,,27.459697271251244
1788178054.0970285,logic1,0.9162638099039935,0.8044379449294601,0.30848851010887723,LEFT,True,,GAZE,TURN_LEFT,L,80,150,,30.309825770878952
1788178054.1275024,logic1,0.9099780031204381,0.7963396171779467,0.30078917078175643,LEFT,True,,GAZE,TURN_LEFT,L,80,150,,32.815942040324536
1788178054.1638513,logic1,0.9104177960672359,0.8028204429592006,0.3024538331968458,LEFT,True,,GAZE,TURN_LEFT,L,80,150,,27.510668302057574
1788178054.1971138,logic1,0.9369355124290464,0.8244880023268124,0.2967248064036937,LEFT,True,,GAZE,TURN_LEFT,L,80,150,,30.063678197170177
1788178054.2278302,logic1,0.961496349234771,0.8545635545705778,0.28611029533667226,LEFT,True,,GAZE,TURN_LEFT,L,80,150,,32.55587810671096
1788178054.2637944,logic1,0.9550656644800528,0.8365603917937745,0.28961776254213173,LEFT,True,,GAZE,TURN_LEFT,L,80,150,,27.805573970459548
1788178054.2969031,logic1,0.9426926371647526,0.8161242992545579,0.3002521235469261,LEFT,True,,GAZE,TURN_LEFT,L,80,150,,30.203748910828345
1788178054.3278372,logic1,0.9238312251992757,0.808439294590411,0.28346619297564746,LEFT,True,,GAZE,TURN_LEFT,L,80,150,,32.326291532112
1788178054.3629537,logic1,0.9019262613410166,0.6929246623478942,0.2951536231944091,LEFT,True,,GAZE,TURN_LEFT,L,80,150,,28.476308803660782
1788178054.3967385,logic1,0.9041658877288368,0.7086948092793858,0.3043281174476058,LEFT,True,,GAZE,TURN_LEFT,L,80,150,,29.59926042497336
1788178054.4280443,logic1,0.91359428646519,0.7543749580939441,0.28485549280076283,LEFT,True,,GAZE,TURN_LEFT,L,80,150,,31.943459452872723
1788178054.4636106,logic1,0.9272506142443394,0.7360936634171994,0.2909417064452946,LEFT,True,,GAZE,TURN_LEFT,L,80,150,,28.116102910616846
1788178054.4953516,logic1,0.9405145090289019,0.807190643868108,0.2951816946724818,LEFT,True,,GAZE,TURN_LEFT,L,80,150,,31.505562274185188
1788178054.5289428,logic1,0.9502568973383987,0.8432821451397257,0.2832952443404706,LEFT,True,,GAZE,TURN_LEFT,L,80,150,,29.769427863697985
1788178054.563512,logic1,0.9441839054635207,0.8096434176599501,0.284329751816679,LEFT,True,,GAZE,TURN_LEFT,L,80,150,,28.927231973516328
1788178054.5953507,logic1,0.9475232279461616,0.8337060663833058,0.29543211167152594,LEFT,True,,GAZE,TURN_LEFT,L,80,150,,31.409067082029086
1788178054.6275492,logic1,0.9365472892208075,0.861191686226968,0.2754409971523528,LEFT,True,,GAZE,TURN_LEFT,L,80,150,,31.056495920150457
1788178054.6636431,logic1,0.9240643979136245,0.8072097681118053,0.2700227657370301,LEFT,True,,GAZE,TURN_LEFT,L,80,150,,27.70638905036199
1788178054.696525,logic1,0.9324229943670908,0.8034171283991789,0.27926062050047074,LEFT,True,,GAZE,TURN_LEFT,L,80,150,,30.41135739093236
1788178054.7283366,logic1,0.9128642799375801,0.8280682964685394,0.2591270431305384,LEFT,True,,GAZE,TURN_LEFT,L,80,150,,31.43519677426608
1788178054.7643425,logic1,0.9099720071191977,0.7829211232241406,0.2680985753878844,LEFT,True,,GAZE,TURN_LEFT,L,80,150,,27.773169116673287
1788178054.7954485,logic1,0.9209767822540929,0.8295198697033273,0.25917168464073426,LEFT,True,,GAZE,TURN_LEFT,L,80,150,,32.14765080095041
1788178054.8273833,logic1,0.9209767822540929,0.8295198697033273,0.22691516246706242,LEFT,True,,GAZE,TURN_LEFT,L,80,150,,31.313862509705547
1788178054.8642757,logic1,0.8726787010145172,0.7599162520828551,0.21800801084553548,LEFT,True,,GAZE,TURN_LEFT,L,80,150,,27.10619377520422
1788178054.8955505,logic1,0.8726787010145172,0.7599162520828551,0.20000114851726472,LEFT,True,,GAZE,TURN_LEFT,L,80,150,,31.97414200551922
1788178054.9269993,logic1,0.8726787010145172,0.7599162520828551,0.1897809795642863,LEFT,True,,GAZE,TURN_LEFT,L,80,150,,31.798397307112044
1788178054.963447,logic1,0.7424091473066812,0.5815111998278173,0.2140685395525782,LEFT,True,,GAZE,TURN_LEFT,L,80,150,,27.436346272093356
1788178054.9954896,logic1,0.6118779528896598,0.46615751115699955,0.2389870004387362,CENTER,True,,GAZE,TURN_LEFT,L,80,150,,31.208315661807926
1788178055.0276358,logic1,0.44572367559404624,0.31608404031022735,0.2679221465495685,UP,True,,GAZE,TURN_LEFT,L,80,150,,31.1080916709931
1788178055.0633698,logic1,0.3381697158652283,0.2620183723256878,0.2972853381855062,UP,True,,GAZE,TURN_LEFT,L,80,150,,27.984414198025085
1788178055.096037,logic1,0.3360554351907185,0.29308557106995137,0.30685409347998277,UP,True,,GAZE,TURN_LEFT,L,80,150,,30.612005984746197
1788178055.127481,logic1,0.34078591221592014,0.2983319994286486,0.3045180271748068,UP,True,,GAZE,TURN_LEFT,L,80,150,,31.802496095112446
1788178055.1646311,logic1,0.37222591006842437,0.30331167630442396,0.3015893580802858,UP,False,,GAZE,STOPPED,S,70,131,,26.91831390871284
1788178055.1963632,logic1,0.3997477817582149,0.3101884245882547,0.2955707960376486,UP,False,,GAZE,STOPPED,S,61,115,,31.51313703539524
1788178055.227865,logic1,0.4237185669444715,0.31485905591638264,0.294501029604858,UP,False,,GAZE,STOPPED,S,54,100,,31.744968779564807
1788178055.2637959,logic1,0.4447333793790187,0.32594499202562915,0.29510625788222133,UP,False,,GAZE,STOPPED,S,47,88,,27.83066592350771
1788178055.295501,logic1,0.4604787095428328,0.3326215792245506,0.29492475850312005,UP,False,,GAZE,STOPPED,S,41,77,,31.54038892481689
1788178055.3277316,logic1,0.46924920703145556,0.34758870394761443,0.29506448325749013,CENTER,False,,GAZE,STOPPED,S,36,67,,31.026859886228298
1788178055.3635097,logic1,0.46664744528718777,0.358944226177056,0.2955237172133371,CENTER,False,,GAZE,STOPPED,S,31,59,,27.950660064906938
1788178055.3966157,logic1,0.4659440251401652,0.3592302338268232,0.2934144018607468,CENTER,False,,GAZE,STOPPED,S,27,52,,30.20548902123737
1788178055.4279652,logic1,0.4632814215023813,0.36916265643722074,0.2920228745804285,CENTER,False,,GAZE,STOPPED,S,24,45,,31.89827363297589
1788178055.4638228,logic1,0.4611618125714324,0.3686387472705903,0.2911107851857557,CENTER,False,,GAZE,STOPPED,S,21,39,,27.88784499896941
1788178055.4961014,logic1,0.46005917905594357,0.3645565795173683,0.28892936923250956,CENTER,False,,GAZE,STOPPED,S,18,35,,30.980566532481443
1788178055.5274503,logic1,0.45576434615189965,0.3681698298820085,0.28716799276304306,CENTER,False,,GAZE,STOPPED,S,16,30,,31.899244025979954
1788178055.5636902,logic1,0.45150243239525667,0.3653994427668895,0.2859730695199437,CENTER,False,,GAZE,STOPPED,S,14,26,,27.593197592184467
1788178055.5958073,logic1,0.44822595589795,0.3651978085312212,0.28428385568962755,CENTER,False,,GAZE,STOPPED,S,12,23,,31.137189689986933
1788178055.6281438,logic1,0.4503771054256746,0.3699522214357211,0.28378504553759987,CENTER,False,,GAZE,STOPPED,S,11,20,,30.92460370124604
1788178055.664347,logic1,0.4552207571898297,0.3722066892830733,0.28458309160304573,CENTER,False,,GAZE,STOPPED,S,9,18,,27.621363187355943
1788178055.6964343,logic1,0.4599962802477367,0.37056486376780834,0.2835615437951634,CENTER,False,,GAZE,STOPPED,S,8,15,,31.165647453949667
1788178055.7280495,logic1,0.46576046736135474,0.36860975574050575,0.2846380538493786,CENTER,False,,GAZE,STOPPED,S,7,14,,31.630059198371104
1788178055.7638195,logic1,0.46710584685497863,0.36655272022942864,0.288143458413218,CENTER,False,,GAZE,STOPPED,S,6,12,,27.95624904186468
1788178055.7958105,logic1,0.4662198768452298,0.3623627501574671,0.28937460121935304,CENTER,False,,GAZE,STOPPED,S,6,10,,31.25878670442689
1788178055.8280942,logic1,0.4669029685366443,0.36340621876699997,0.2949476112548307,CENTER,False,,GAZE,STOPPED,S,5,9,,30.975075511967447
1788178055.863645,logic1,0.4674533559676285,0.3637195104585288,0.30102966150649846,CENTER,False,,GAZE,STOPPED,S,4,8,,28.128924954731406
1788178055.895922,logic1,0.46752933952828757,0.3614142099980325,0.30011421309505104,CENTER,False,,GAZE,STOPPED,S,4,7,,30.98171074013887
1788178055.9289746,logic1,0.4687630281780882,0.3647648007329877,0.2998354431289904,CENTER,False,,GAZE,STOPPED,S,3,6,,30.25473011476344
1788178055.9642973,logic1,0.4656802131260203,0.3687989969893706,0.2964406379960905,CENTER,False,,GAZE,STOPPED,S,3,5,,28.310815918786112
1788178055.995499,logic1,0.4580805209708505,0.3690817204346613,0.2921888605237258,CENTER,False,,GAZE,STOPPED,S,2,5,,32.04963742368322
1788178056.0279434,logic1,0.45384942125117833,0.37477272801613326,0.2923129451815806,CENTER,False,,GAZE,STOPPED,S,2,4,,30.82188680354492
1788178056.0638874,logic1,0.4502674029876338,0.3775558517111074,0.29408848319327474,CENTER,False,,GAZE,STOPPED,S,2,4,,27.820882058357267
1788178056.0959253,logic1,0.4459803340022685,0.37648969150701894,0.2984777784689708,CENTER,False,,GAZE,STOPPED,S,2,3,,31.21342511627907
1788178056.127986,logic1,0.44803390326057124,0.3780210105375414,0.2992096864581377,CENTER,False,,GAZE,STOPPED,S,1,3,,31.191837463188268
1788178056.164324,logic1,0.44951591049483525,0.3795731846669069,0.2999742483719603,CENTER,False,,GAZE,STOPPED,S,1,2,,27.518249037193527
1788178056.196216,logic1,0.4478121909960636,0.38403051248305997,0.3012105488411958,CENTER,False,,GAZE,STOPPED,S,1,2,,31.35576570851867
1788178056.2277822,logic1,0.44981312465689516,0.38530618873986655,0.2984727896687619,CENTER,False,,GAZE,STOPPED,S,1,2,,31.67975105176099
1788178056.263992,logic1,0.4475262985057266,0.381339506818242,0.29947829109687385,CENTER,False,,GAZE,STOPPED,S,1,2,,27.616634622981906
1788178056.2957911,logic1,0.4402836162476934,0.3703062225094305,0.2984200535312046,CENTER,False,,GAZE,STOPPED,S,1,1,,31.4474526710403
1788178056.328068,logic1,0.43681125178922603,0.36080138459549804,0.2951447859904066,CENTER,False,,GAZE,STOPPED,S,1,1,,30.982397305302968
1788178056.3637314,logic1,0.43484381985319354,0.36332867173396904,0.2926858466680775,CENTER,False,,GAZE,STOPPED,S,1,1,,28.039602901360432
1788178056.3962898,logic1,0.43485988025546657,0.371268075064902,0.2898934070262045,CENTER,False,,GAZE,STOPPED,S,1,1,,30.713776261158017
1788178056.427336,logic1,0.4449185155676458,0.3869558878843884,0.2889633641786097,CENTER,False,,GAZE,STOPPED,S,0,1,,32.21035817411071
1788178056.4639635,logic1,0.4602625094744904,0.4101448981587068,0.28864219257141643,CENTER,False,,GAZE,STOPPED,S,0,1,,27.302933843680226
1788178056.495872,logic1,0.47220665698879477,0.42362902405788994,0.2883462781243986,CENTER,False,,GAZE,STOPPED,S,0,1,,31.33842900798721
1788178056.5281272,logic1,0.4815060030660765,0.43560328424311545,0.28651992697744594,CENTER,False,,GAZE,STOPPED,S,0,1,,31.003925105149946
1788178056.5642657,logic1,0.4880324756472211,0.44792206895690356,0.2856953530855468,CENTER,False,,GAZE,STOPPED,S,0,0,,27.670198308506286
1788178056.5961428,logic1,0.48736660488481165,0.4472796339932053,0.28489257554317265,CENTER,False,,GAZE,STOPPED,S,0,0,,31.371009723261032
1788178056.6274295,logic1,0.4863541657295032,0.4457710206966095,0.28305648218082147,CENTER,False,,GAZE,STOPPED,S,0,0,,31.96220290031777
1788178056.6638784,logic1,0.4918378599735858,0.45060613367694685,0.2850508504229283,CENTER,False,,GAZE,STOPPED,S,0,0,,27.43526949241235
1788178056.6956322,logic1,0.4928333975317143,0.44892971980903684,0.2867286251995016,CENTER,False,,GAZE,STOPPED,S,0,0,,31.492315200660734
1788178056.7272842,logic1,0.4972741862830745,0.4487599687398106,0.28819531642864055,CENTER,False,,GAZE,STOPPED,S,0,0,,31.59384439238609
1788178056.763415,logic1,0.5025839504429981,0.44929586866208326,0.29037779348846005,CENTER,False,,GAZE,STOPPED,S,0,0,,27.677136673177426
1788178056.795796,logic1,0.5036594669167108,0.4301948493846518,0.27766165930807796,CENTER,False,,GAZE,STOPPED,S,0,0,,30.882479843905312
1788178056.8265994,logic1,0.5036594669167108,0.4301948493846518,0.2394850627224353,CENTER,False,,GAZE,STOPPED,S,0,0,,32.464155791885325
1788178056.86392,logic1,0.5036594669167108,0.4301948493846518,0.19528932925235296,CENTER,False,,GAZE,STOPPED,S,0,0,,26.79484329283095
1788178056.8956873,logic1,0.5036594669167108,0.4301948493846518,0.1609168925185762,CENTER,False,,GAZE,STOPPED,S,0,0,,31.47860675607724
1788178056.9274356,logic1,0.5036594669167108,0.4301948493846518,0.14865735198112962,CENTER,False,,GAZE,STOPPED,S,0,0,,31.497754614679863
1788178056.9632914,logic1,0.5036318685062305,0.4066532456321861,0.17050204681833814,CENTER,False,,GAZE,STOPPED,S,0,0,,27.889513930447503
1788178056.99613,logic1,0.5016901396798548,0.3851801479371687,0.2035851707721949,CENTER,False,,GAZE,STOPPED,S,0,0,,30.45264716986612
1788178057.027338,logic1,0.5004415886670648,0.37180666166788157,0.23265787171623023,CENTER,False,,GAZE,STOPPED,S,0,0,,32.04302652487471
1788178057.0636897,logic1,0.50328812709061,0.3819921888042533,0.25422071555675474,CENTER,False,,GAZE,STOPPED,S,0,0,,27.508503144819084
1788178057.09592,logic1,0.5069643229434838,0.39745211089063903,0.26536966810500506,CENTER,False,,GAZE,STOPPED,S,0,0,,31.02961434035407
1788178057.1276221,logic1,0.5081573558358519,0.410590316174261,0.27095772292025333,CENTER,False,,GAZE,STOPPED,S,0,0,,31.54038892481689
1788178057.1638258,logic1,0.5109059607190426,0.41473304580407794,0.2706646535465983,CENTER,False,,GAZE,STOPPED,S,0,0,,27.62209080252361
1788178057.195828,logic1,0.5076414700434153,0.4126422695026745,0.2683250088971716,CENTER,False,,GAZE,STOPPED,S,0,0,,31.247608546651964
1788178057.2276304,logic1,0.5069104307151917,0.40795380951169935,0.2660448503390687,CENTER,False,,GAZE,STOPPED,S,0,0,,31.44415206651223
1788178057.2637477,logic1,0.5046191138727916,0.4048496019966204,0.26570937981523,CENTER,False,,GAZE,STOPPED,S,0,0,,27.68736797634136
1788178057.296139,logic1,0.500291043554958,0.40372648566975705,0.26708654736308823,CENTER,False,,GAZE,STOPPED,S,0,0,,30.87225084645959
1788178057.3283372,logic1,0.5001485822136259,0.4043776715894217,0.26762401680248193,CENTER,False,,GAZE,STOPPED,S,0,0,,31.05810569653528
1788178057.3643124,logic1,0.49600381255896864,0.40667212329918057,0.2687716243946175,CENTER,False,,GAZE,STOPPED,S,0,0,,27.796913003426315
1788178057.3958764,logic1,0.49243670618188384,0.40877763547972473,0.2685916425367325,CENTER,False,,GAZE,STOPPED,S,0,0,,31.68166539516123
1788178057.4274175,logic1,0.49111962382693364,0.4084323813024181,0.2669917575231423,CENTER,False,,GAZE,STOPPED,S,0,0,,31.704895231760045
1788178057.463908,logic1,0.48591746089764504,0.40237340892617446,0.2660821060646553,CENTER,False,,GAZE,STOPPED,S,0,0,,27.404437707445837
1788178057.495531,logic1,0.4748060032647897,0.39462764251237276,0.2676209204968841,CENTER,False,,GAZE,STOPPED,S,0,0,,31.622428130913697
1788178057.527671,logic1,0.46252609656925026,0.383682926023195,0.2686702543202483,CENTER,False,,GAZE,STOPPED,S,0,0,,31.11362995712357
1788178057.563686,logic1,0.4526852306631175,0.37948542762042886,0.2706981572204435,CENTER,False,,GAZE,STOPPED,S,0,0,,27.765998715733588
1788178057.5958955,logic1,0.4460851158767338,0.3795236345886084,0.27375671742694996,CENTER,False,,GAZE,STOPPED,S,0,0,,31.04707057996225
1788178057.6274226,logic1,0.4417413543895832,0.3802528914925397,0.2731694082312004,CENTER,False,,GAZE,STOPPED,S,0,0,,31.719281263234315
1788178057.6640744,logic1,0.44695186184861213,0.3829321631028163,0.2727335465415188,CENTER,False,,GAZE,STOPPED,S,0,0,,27.283220149350818
1788178057.6955564,logic1,0.4470489946052544,0.3840676627833801,0.27420152977245105,CENTER,False,,GAZE,STOPPED,S,0,0,,31.764201597940097
1788178057.727361,logic1,0.44355066753950184,0.3833326201292647,0.27403399755606317,CENTER,False,,GAZE,STOPPED,S,0,0,,31.442502024048697
1788178057.7641585,logic1,0.4525460745255784,0.38841578572582447,0.2732488651752596,CENTER,False,,GAZE,STOPPED,S,0,0,,27.175213647525318
1788178057.7956023,logic1,0.45386578553546486,0.3918712671696811,0.27351416396329875,CENTER,False,,GAZE,STOPPED,S,0,0,,31.80297837493555
1788178057.827289,logic1,0.45626030640817816,0.38801027068359095,0.2696578578903681,CENTER,False,,GAZE,STOPPED,S,0,0,,31.558424751328005
1788178057.8634686,logic1,0.4653960640914156,0.38528656998389105,0.26523580077022935,CENTER,False,,GAZE,STOPPED,S,0,0,,27.640293648596998
1788178057.8955023,logic1,0.468233224071231,0.3857214097935674,0.26533794543205425,CENTER,False,,GAZE,STOPPED,S,0,0,,31.21714213413318
1788178057.9278321,logic1,0.46845125333448934,0.3849964794149451,0.2652268778773612,CENTER,False,,GAZE,STOPPED,S,0,0,,30.930989218448104
1788178057.963888,logic1,0.47117554716454135,0.3879205650054234,0.2646493125968572,CENTER,False,,GAZE,STOPPED,S,0,0,,27.73515311419257
1788178057.9957793,logic1,0.46760492938340814,0.39469321699831234,0.2676742764022668,CENTER,False,,GAZE,STOPPED,S,0,0,,31.356937799043063
1788178058.0274863,logic1,0.46055042497642407,0.39233981324762957,0.2684437915250312,CENTER,False,,GAZE,STOPPED,S,0,0,,31.538254468347482
1788178058.0617826,logic1,0.45728905602967074,0.3925735586191595,0.26598766451149247,CENTER,False,,GAZE,STOPPED,S,0,0,,29.15728079749185
1788178058.0954173,logic1,0.4537299004179268,0.39437685156320423,0.26777360032538705,CENTER,False,,GAZE,STOPPED,S,0,0,,29.731444004168054
1788178058.1281288,logic1,0.452624542224636,0.39154632894245334,0.2665261673212954,CENTER,False,,GAZE,STOPPED,S,0,0,,30.570283232022856
1788178058.1640255,logic1,0.45391805043469724,0.38899682207169767,0.26261989620167725,CENTER,False,,GAZE,STOPPED,S,0,0,,27.857838351233056
1788178058.1959834,logic1,0.4566957594797547,0.3872436966484727,0.26312836452075666,CENTER,False,,GAZE,STOPPED,S,0,0,,31.29120194567334
1788178058.2269666,logic1,0.4559495619387897,0.383762216328465,0.26080824069715236,CENTER,False,,GAZE,STOPPED,S,0,0,,32.27554577424146
1788178058.2638311,logic1,0.4538545526304253,0.3806914671454207,0.2582367229522399,CENTER,False,,GAZE,STOPPED,S,0,0,,27.126354117487274
1788178058.2951643,logic1,0.453508767314785,0.3850703949435078,0.26143455694480006,CENTER,False,,GAZE,STOPPED,S,0,0,,31.914292671049427
1788178058.3285258,logic1,0.45046373052020316,0.3892521090644073,0.2631013204551129,CENTER,False,,GAZE,STOPPED,S,0,0,,29.975158297957492
1788178058.3640265,logic1,0.44934326895246535,0.3914382333301212,0.26529825454752615,CENTER,False,,GAZE,STOPPED,S,0,0,,28.168407196728026
1788178058.3947382,logic1,0.4488365899821434,0.39504165260350416,0.26864456893693983,CENTER,False,,GAZE,STOPPED,S,0,0,,32.55966899292806
1788178058.4270475,logic1,0.44467875858771777,0.38859661958331376,0.2679494035197616,CENTER,False,,GAZE,STOPPED,S,0,0,,30.95153196764862
1788178058.4636838,logic1,0.4419345252032323,0.38394631038898097,0.26653436606041486,CENTER,False,,GAZE,STOPPED,S,0,0,,27.296004165039697
1788178058.495338,logic1,0.439694224878149,0.3844873871647835,0.2669888971572859,CENTER,False,,GAZE,STOPPED,S,0,0,,31.590988860351437
1788178058.5271504,logic1,0.4396802869269805,0.3837304020677254,0.26656814813205465,CENTER,False,,GAZE,STOPPED,S,0,0,,31.434489994753804
1788178058.5634563,logic1,0.45021079264501546,0.3892776544140226,0.26591421985932406,CENTER,False,,GAZE,STOPPED,S,0,0,,27.54391011117897
1788178058.595275,logic1,0.46197217689481707,0.3927882790508132,0.26642355464430356,CENTER,False,,GAZE,STOPPED,S,0,0,,31.42813040904561
1788178058.6278281,logic1,0.46640147649694885,0.39480038846199084,0.26606656843490567,CENTER,False,,GAZE,STOPPED,S,0,0,,30.718500073238612
1788178058.6633356,logic1,0.4721676061428276,0.4032160091585579,0.26703716692751966,CENTER,False,,GAZE,STOPPED,S,0,0,,28.162922178204525
1788178058.7042785,logic1,0.4727432354488333,0.40603446519152786,0.2674318138362501,CENTER,False,,GAZE,STOPPED,S,0,0,,24.424681465607602
1788178058.732182,logic1,0.4830369934964136,0.41362822730987014,0.26458449804006845,CENTER,False,,GAZE,STOPPED,S,0,0,,35.836806534573945
1788178058.7630339,logic1,0.49439335906510773,0.42852165260833475,0.2678819521879148,CENTER,False,,GAZE,STOPPED,S,0,0,,32.411974715237314
1788178058.7952483,logic1,0.5416544539100774,0.43672510147551646,0.25641154753117396,CENTER,False,,GAZE,STOPPED,S,0,0,,31.0427046790118
1788178058.8280828,logic1,0.5321064663419082,0.3940009198879324,0.25556670233117373,CENTER,False,,GAZE,STOPPED,S,0,0,,30.456848663524866
1788178058.863661,logic1,0.48274711249119184,0.38816570493692304,0.25876113575567294,CENTER,False,,GAZE,STOPPED,S,0,0,,28.106682392044387
1788178058.899035,logic1,0.4856443145545317,0.38684159315837185,0.2538592467781531,CENTER,False,,GAZE,STOPPED,S,0,0,,28.269599913728026
1788178058.9271376,logic1,0.42349291765341257,0.3583951539149514,0.263510474498378,CENTER,False,,GAZE,STOPPED,S,0,0,,35.58354825573503
1788178058.963792,logic1,0.3986777532959378,0.4069325527215471,0.2639507141855061,CENTER,False,,GAZE,STOPPED,S,0,0,,27.28180044230519
1788178058.9959428,logic1,0.4114357701057163,0.4220993034526711,0.25681375427115083,CENTER,False,,GAZE,STOPPED,S,0,0,,31.103708592573916
1788178059.0276973,logic1,0.3560061640188663,0.4345365297463145,0.24657832132710283,CENTER,False,,GAZE,STOPPED,S,0,0,,31.490896532047962
1788178059.0635,logic1,0.3352760770908122,0.44368766980853075,0.2390506987573653,CENTER,False,,GAZE,STOPPED,S,0,0,,27.93130223420904
1788178059.0963385,logic1,0.350245644528281,0.457303016050618,0.22935835179338357,CENTER,False,,GAZE,STOPPED,S,0,0,,30.45220497480651
1788178059.1271586,logic1,0.37388945606058466,0.48620394441992315,0.22520383918816023,CENTER,False,,GAZE,STOPPED,S,0,0,,32.44481918391027
1788178059.1634932,logic1,0.4227574458421003,0.46167992031411986,0.23339177379578657,CENTER,False,,GAZE,STOPPED,S,0,0,,27.52348579303104
1788178059.1961615,logic1,0.5027979701453484,0.47654799365601497,0.2298530982480385,CENTER,False,,GAZE,STOPPED,S,0,0,,30.60999532928538
1788178059.2276266,logic1,0.5359250386926706,0.45682085927715455,0.23367841334857134,CENTER,False,,GAZE,STOPPED,S,0,0,,31.78153107074932
1788178059.2640493,logic1,0.558934519721499,0.4008019432147251,0.24553092712086094,CENTER,False,,GAZE,STOPPED,S,0,0,,27.455023892125418
1788178059.2956228,logic1,0.5620276475966424,0.4384355749658512,0.2483022673483054,CENTER,False,,GAZE,STOPPED,S,0,0,,31.672335155707252
1788178059.3277292,logic1,0.5236059402062403,0.4239555744016623,0.26059779878413447,CENTER,False,,GAZE,STOPPED,S,0,0,,31.146901130237186
1788178059.3635702,logic1,0.5181770573187224,0.408183024911214,0.2687865742522953,CENTER,False,,GAZE,STOPPED,S,0,0,,27.90045965236711
1788178059.3960495,logic1,0.5379032173623146,0.4691378169785666,0.26505871413224225,CENTER,False,,GAZE,STOPPED,S,0,0,,30.7890799914848
1788178059.42732,logic1,0.5342575073932883,0.44759047653782646,0.25930030935323717,CENTER,False,,GAZE,STOPPED,S,0,0,,31.97901767334055
1788178059.4635222,logic1,0.5323960196848867,0.4569558163576335,0.2547745424814561,CENTER,False,,GAZE,STOPPED,S,0,0,,27.622454624483023
1788178059.4953058,logic1,0.5297438794876324,0.4791802346807007,0.24335705955118384,CENTER,False,,GAZE,STOPPED,S,0,0,,31.46278598754782
1788178059.5274756,logic1,0.5297438794876324,0.4791802346807007,0.21333203370408832,CENTER,False,,GAZE,STOPPED,S,0,0,,31.085958228955132
1788178059.5634415,logic1,0.5297438794876324,0.4791802346807007,0.1860549656645949,CENTER,False,,GAZE,STOPPED,S,0,0,,27.80373075954234
1788178059.5957992,logic1,0.5297438794876324,0.4791802346807007,0.17067794103358755,CENTER,False,,GAZE,STOPPED,S,0,0,,30.90386896648271
1788178059.6288044,logic1,0.4868333837291862,0.4151119236815331,0.17247809881940857,CENTER,False,,GAZE,STOPPED,S,0,0,,30.298221535171994
1788178059.6634173,logic1,0.48404044647864,0.38485409739895543,0.210290247005896,CENTER,False,,GAZE,STOPPED,S,0,0,,28.89176361995688
1788178059.6959326,logic1,0.47910888005441765,0.37161917012338275,0.25152430610351745,CENTER,False,,GAZE,STOPPED,S,0,0,,30.75431328410849
1788178059.7276618,logic1,0.4687406663495867,0.3569606081814633,0.27992170957840407,CENTER,False,,GAZE,STOPPED,S,0,0,,31.516925782042517
1788178059.764908,logic1,0.470350894363819,0.3625664313315687,0.29802644571993436,CENTER,False,,GAZE,STOPPED,S,0,0,,26.8480131093814
1788178059.7910516,logic1,0.46765454635826753,0.3572753110160154,0.30407358454860917,CENTER,False,,GAZE,STOPPED,S,0,0,,38.25069993525029
1788178059.8274267,logic1,0.46963503446260946,0.34514046147854605,0.3029709942951585,CENTER,False,,GAZE,STOPPED,S,0,0,,27.49119414822146
1788178059.8639321,logic1,0.49020618819875406,0.34040301164126785,0.2833509851298017,CENTER,False,,GAZE,STOPPED,S,0,0,,27.393340909387778
1788178059.8959599,logic1,0.49020618819875406,0.34040301164126785,0.2523756338414893,CENTER,False,,GAZE,STOPPED,S,0,0,,31.22295174713773
1788178059.9283888,logic1,0.49020618819875406,0.34040301164126785,0.2143349492311971,CENTER,False,,GAZE,STOPPED,S,0,0,,30.837069440870494
1788178059.963621,logic1,0.49020618819875406,0.34040301164126785,0.17021928100257594,CENTER,False,,GAZE,STOPPED,S,0,0,,28.38246559027731
1788178059.9954686,logic1,0.49020618819875406,0.34040301164126785,0.1406488176299822,CENTER,False,,GAZE,STOPPED,S,0,0,,31.399661620925603
1788178060.0274422,logic1,0.49020618819875406,0.34040301164126785,0.1237960223632289,CENTER,False,,GAZE,STOPPED,S,0,0,,31.27673504694153
1788178060.0637007,logic1,0.49020618819875406,0.34040301164126785,0.11789865477104881,CENTER,False,,GAZE,STOPPED,S,0,0,,27.578864311827676
1788178060.0953698,logic1,0.49020618819875406,0.34040301164126785,0.12496037539112387,CENTER,False,,GAZE,STOPPED,S,0,0,,31.57695666576324
1788178060.1272395,logic1,0.49020618819875406,0.34040301164126785,0.13722575083020938,CENTER,False,,GAZE,STOPPED,S,0,0,,31.378285167091846
1788178060.1635816,logic1,0.49020618819875406,0.34040301164126785,0.14571159464482764,CENTER,False,,GAZE,STOPPED,S,0,0,,27.515902172772122
1788178060.1952312,logic1,0.49020618819875406,0.34040301164126785,0.14925578466619605,CENTER,False,,GAZE,STOPPED,S,0,0,,31.595510357815442
1788178060.2270293,logic1,0.49020618819875406,0.34040301164126785,0.1505328703246614,CENTER,False,,GAZE,STOPPED,S,0,0,,31.44816003359026
1788178060.2638388,logic1,0.49020618819875406,0.34040301164126785,0.1465344041726373,CENTER,False,,GAZE,STOPPED,S,0,0,,27.167820707970336
1788178060.2953389,logic1,0.49020618819875406,0.34040301164126785,0.14085274551246948,CENTER,False,,GAZE,STOPPED,S,0,0,,31.745209046047652
1788178060.3277924,logic1,0.49020618819875406,0.34040301164126785,0.1371923605456502,CENTER,False,,GAZE,STOPPED,S,0,0,,30.81350876806324
1788178060.3634176,logic1,0.49020618819875406,0.34040301164126785,0.13240023406565493,CENTER,False,,GAZE,STOPPED,S,0,0,,28.069814755327123
1788178060.3952544,logic1,0.49020618819875406,0.34040301164126785,0.12882701670443059,CENTER,False,,GAZE,STOPPED,S,0,0,,31.410478387203067
1788178060.4281702,logic1,0.49020618819875406,0.34040301164126785,0.13063292787069877,CENTER,False,,GAZE,STOPPED,S,0,0,,30.380738530182967
1788178060.463672,logic1,0.49020618819875406,0.34040301164126785,0.1349792624109789,CENTER,False,,GAZE,STOPPED,S,0,0,,28.16821802259204
1788178060.4948475,logic1,0.49020618819875406,0.34040301164126785,0.1397459403850571,CENTER,False,,GAZE,STOPPED,S,0,0,,32.0743912883886
1788178060.5269787,logic1,0.49020618819875406,0.34040301164126785,0.13342122090805872,CENTER,False,,GAZE,STOPPED,S,0,0,,31.12332670446113
1788178060.5642602,logic1,0.49020618819875406,0.34040301164126785,0.12144576310758909,CENTER,False,,GAZE,STOPPED,S,0,0,,26.822774043780495
1788178060.596629,logic1,0.49020618819875406,0.34040301164126785,0.12976732348932205,CENTER,False,,GAZE,STOPPED,S,0,0,,30.89544630887314
1788178060.6280398,logic1,0.46542331616885413,0.3212807192263969,0.15136699575601495,UP,False,,GAZE,STOPPED,S,0,0,,31.83459959166015
